# Blender 5.0.1
# www.blender.org
mtllib main_link.mtl
o main_link
v 3.629500 -1.072500 -0.200000
v 3.629500 -1.027500 -0.200000
v 3.530500 -1.072500 -0.200000
v 3.530500 -1.027500 -0.200000
v 3.410500 -1.027500 -0.200000
v 3.410500 -1.072500 -0.200000
v 3.509500 -1.027500 -0.200000
v 3.509500 -1.072500 -0.200000
v 3.290500 -1.027500 -0.200000
v 3.290500 -1.072500 -0.200000
v 3.389500 -1.027500 -0.200000
v 3.389500 -1.072500 -0.200000
v 3.170500 -1.027500 -0.200000
v 3.170500 -1.072500 -0.200000
v 3.269500 -1.027500 -0.200000
v 3.269500 -1.072500 -0.200000
v 3.050500 -1.027500 -0.200000
v 3.050500 -1.072500 -0.200000
v 3.149500 -1.027500 -0.200000
v 3.149500 -1.072500 -0.200000
v 2.930500 -1.027500 -0.200000
v 2.930500 -1.072500 -0.200000
v 3.029500 -1.027500 -0.200000
v 3.029500 -1.072500 -0.200000
v 2.810500 -1.027500 -0.200000
v 2.810500 -1.072500 -0.200000
v 2.909500 -1.027500 -0.200000
v 2.909500 -1.072500 -0.200000
v 2.690500 -1.027500 -0.200000
v 2.690500 -1.072500 -0.200000
v 2.789500 -1.027500 -0.200000
v 2.789500 -1.072500 -0.200000
v 2.570500 -1.027500 -0.200000
v 2.570500 -1.072500 -0.200000
v 2.669500 -1.027500 -0.200000
v 2.669500 -1.072500 -0.200000
v 2.450500 -1.027500 -0.200000
v 2.450500 -1.072500 -0.200000
v 2.549500 -1.027500 -0.200000
v 2.549500 -1.072500 -0.200000
v 3.690000 -1.072500 -0.200000
v 3.690000 -1.027500 -0.200000
v 3.650500 -1.072500 -0.200000
v 3.650500 -1.027500 -0.200000
v 3.690000 -1.027500 -0.232000
v 3.690000 -1.035000 -0.232000
v 3.690000 -1.072500 -0.232000
v 2.390000 -1.027500 -0.232000
v 2.390000 -1.027500 -0.200000
v 2.429500 -1.027500 -0.200000
v 3.650500 -1.027500 -0.217000
v 3.668750 -1.027500 -0.232000
v 3.629500 -1.027500 -0.217000
v 3.580000 -1.027500 -0.232000
v 2.429500 -1.027500 -0.217000
v 2.450500 -1.027500 -0.217000
v 2.500000 -1.027500 -0.232000
v 2.549500 -1.027500 -0.217000
v 2.570500 -1.027500 -0.217000
v 2.620000 -1.027500 -0.232000
v 2.669500 -1.027500 -0.217000
v 2.740000 -1.027500 -0.232000
v 2.690500 -1.027500 -0.217000
v 2.810500 -1.027500 -0.217000
v 2.860000 -1.027500 -0.232000
v 2.789500 -1.027500 -0.217000
v 2.909500 -1.027500 -0.217000
v 2.980000 -1.027500 -0.232000
v 2.930500 -1.027500 -0.217000
v 3.029500 -1.027500 -0.217000
v 3.100000 -1.027500 -0.232000
v 3.050500 -1.027500 -0.217000
v 3.149500 -1.027500 -0.217000
v 3.170500 -1.027500 -0.217000
v 3.340000 -1.027500 -0.232000
v 3.269500 -1.027500 -0.217000
v 3.290500 -1.027500 -0.217000
v 3.389500 -1.027500 -0.217000
v 3.460000 -1.027500 -0.232000
v 3.410500 -1.027500 -0.217000
v 3.509500 -1.027500 -0.217000
v 3.530500 -1.027500 -0.217000
v 2.390000 -1.072500 -0.232000
v 2.390000 -1.072500 -0.200000
v 2.390000 -1.035000 -0.232000
v 3.668750 -1.072500 -0.232000
v 3.650500 -1.072500 -0.217000
v 3.460000 -1.072500 -0.232000
v 3.580000 -1.072500 -0.232000
v 3.530500 -1.072500 -0.217000
v 3.629500 -1.072500 -0.217000
v 3.509500 -1.072500 -0.217000
v 3.410500 -1.072500 -0.217000
v 3.389500 -1.072500 -0.217000
v 3.340000 -1.072500 -0.232000
v 3.269500 -1.072500 -0.217000
v 3.170500 -1.072500 -0.217000
v 3.290500 -1.072500 -0.217000
v 3.100000 -1.072500 -0.232000
v 3.149500 -1.072500 -0.217000
v 3.050500 -1.072500 -0.217000
v 3.029500 -1.072500 -0.217000
v 2.980000 -1.072500 -0.232000
v 2.930500 -1.072500 -0.217000
v 2.909500 -1.072500 -0.217000
v 2.860000 -1.072500 -0.232000
v 2.810500 -1.072500 -0.217000
v 2.789500 -1.072500 -0.217000
v 2.740000 -1.072500 -0.232000
v 2.690500 -1.072500 -0.217000
v 2.669500 -1.072500 -0.217000
v 2.620000 -1.072500 -0.232000
v 2.570500 -1.072500 -0.217000
v 2.549500 -1.072500 -0.217000
v 2.500000 -1.072500 -0.232000
v 2.450500 -1.072500 -0.217000
v 2.429500 -1.072500 -0.200000
v 2.429500 -1.072500 -0.217000
v 3.668750 -1.035000 -0.232000
v 3.580000 -1.035000 -0.232000
v 3.460000 -1.035000 -0.232000
v 3.340000 -1.035000 -0.232000
v 3.100000 -1.035000 -0.232000
v 2.980000 -1.035000 -0.232000
v 2.860000 -1.035000 -0.232000
v 2.740000 -1.035000 -0.232000
v 2.620000 -1.035000 -0.232000
v 2.500000 -1.035000 -0.232000
v 2.446495 -1.053750 -0.232000
v 2.447500 -1.050000 -0.232000
v 2.446495 -1.046250 -0.232000
v 2.433505 -1.053750 -0.232000
v 2.432500 -1.050000 -0.232000
v 2.433505 -1.046250 -0.232000
v 2.443750 -1.043505 -0.232000
v 2.440000 -1.042500 -0.232000
v 2.436250 -1.043505 -0.232000
v 2.436250 -1.056495 -0.232000
v 2.440000 -1.057500 -0.232000
v 2.443750 -1.056495 -0.232000
v 2.553505 -1.046250 -0.232000
v 2.552500 -1.050000 -0.232000
v 2.566495 -1.053750 -0.232000
v 2.567500 -1.050000 -0.232000
v 2.566495 -1.046250 -0.232000
v 2.553505 -1.053750 -0.232000
v 2.563750 -1.043505 -0.232000
v 2.560000 -1.042500 -0.232000
v 2.556250 -1.043505 -0.232000
v 2.556250 -1.056495 -0.232000
v 2.560000 -1.057500 -0.232000
v 2.563750 -1.056495 -0.232000
v 2.673505 -1.046250 -0.232000
v 2.672500 -1.050000 -0.232000
v 2.686495 -1.053750 -0.232000
v 2.687500 -1.050000 -0.232000
v 2.686495 -1.046250 -0.232000
v 2.673505 -1.053750 -0.232000
v 2.683750 -1.043505 -0.232000
v 2.680000 -1.042500 -0.232000
v 2.676250 -1.043505 -0.232000
v 2.676250 -1.056495 -0.232000
v 2.680000 -1.057500 -0.232000
v 2.683750 -1.056495 -0.232000
v 2.806495 -1.053750 -0.232000
v 2.807500 -1.050000 -0.232000
v 2.806495 -1.046250 -0.232000
v 2.793505 -1.046250 -0.232000
v 2.792500 -1.050000 -0.232000
v 2.793505 -1.053750 -0.232000
v 2.803750 -1.043505 -0.232000
v 2.800000 -1.042500 -0.232000
v 2.796250 -1.043505 -0.232000
v 2.796250 -1.056495 -0.232000
v 2.800000 -1.057500 -0.232000
v 2.803750 -1.056495 -0.232000
v 2.926495 -1.053750 -0.232000
v 2.927500 -1.050000 -0.232000
v 2.926495 -1.046250 -0.232000
v 2.913505 -1.046250 -0.232000
v 2.912500 -1.050000 -0.232000
v 2.913505 -1.053750 -0.232000
v 2.923750 -1.043505 -0.232000
v 2.920000 -1.042500 -0.232000
v 2.916250 -1.043505 -0.232000
v 2.916250 -1.056495 -0.232000
v 2.920000 -1.057500 -0.232000
v 2.923750 -1.056495 -0.232000
v 3.046495 -1.053750 -0.232000
v 3.047500 -1.050000 -0.232000
v 3.046495 -1.046250 -0.232000
v 3.033505 -1.046250 -0.232000
v 3.032500 -1.050000 -0.232000
v 3.033505 -1.053750 -0.232000
v 3.043750 -1.043505 -0.232000
v 3.040000 -1.042500 -0.232000
v 3.036250 -1.043505 -0.232000
v 3.036250 -1.056495 -0.232000
v 3.040000 -1.057500 -0.232000
v 3.043750 -1.056495 -0.232000
v 3.153505 -1.046250 -0.232000
v 3.152500 -1.050000 -0.232000
v 3.286495 -1.053750 -0.232000
v 3.287500 -1.050000 -0.232000
v 3.286495 -1.046250 -0.232000
v 3.153505 -1.053750 -0.232000
v 3.166495 -1.046250 -0.232000
v 3.163750 -1.043505 -0.232000
v 3.160000 -1.042500 -0.232000
v 3.156250 -1.043505 -0.232000
v 3.283750 -1.043505 -0.232000
v 3.280000 -1.042500 -0.232000
v 3.156250 -1.056495 -0.232000
v 3.160000 -1.057500 -0.232000
v 3.163750 -1.056495 -0.232000
v 3.166495 -1.053750 -0.232000
v 3.276250 -1.043505 -0.232000
v 3.273505 -1.046250 -0.232000
v 3.167500 -1.050000 -0.232000
v 3.272500 -1.050000 -0.232000
v 3.273505 -1.053750 -0.232000
v 3.276250 -1.056495 -0.232000
v 3.280000 -1.057500 -0.232000
v 3.283750 -1.056495 -0.232000
v 3.393505 -1.046250 -0.232000
v 3.392500 -1.050000 -0.232000
v 3.393505 -1.053750 -0.232000
v 3.406495 -1.046250 -0.232000
v 3.403750 -1.043505 -0.232000
v 3.400000 -1.042500 -0.232000
v 3.396250 -1.043505 -0.232000
v 3.396250 -1.056495 -0.232000
v 3.400000 -1.057500 -0.232000
v 3.403750 -1.056495 -0.232000
v 3.406495 -1.053750 -0.232000
v 3.407500 -1.050000 -0.232000
v 3.516250 -1.056495 -0.232000
v 3.520000 -1.057500 -0.232000
v 3.516250 -1.043505 -0.232000
v 3.520000 -1.042500 -0.232000
v 3.523750 -1.043505 -0.232000
v 3.526495 -1.046250 -0.232000
v 3.513505 -1.046250 -0.232000
v 3.512500 -1.050000 -0.232000
v 3.513505 -1.053750 -0.232000
v 3.523750 -1.056495 -0.232000
v 3.526495 -1.053750 -0.232000
v 3.527500 -1.050000 -0.232000
v 3.646495 -1.053750 -0.232000
v 3.647500 -1.050000 -0.232000
v 3.646495 -1.046250 -0.232000
v 3.643750 -1.056495 -0.232000
v 3.640000 -1.057500 -0.232000
v 3.636250 -1.056495 -0.232000
v 3.636250 -1.043505 -0.232000
v 3.640000 -1.042500 -0.232000
v 3.643750 -1.043505 -0.232000
v 3.633505 -1.046250 -0.232000
v 3.632500 -1.050000 -0.232000
v 3.633505 -1.053750 -0.232000
v 3.636250 -1.056495 -0.217000
v 3.640000 -1.057500 -0.217000
v 3.643750 -1.056495 -0.217000
v 3.633505 -1.053750 -0.217000
v 3.632500 -1.050000 -0.217000
v 3.633505 -1.046250 -0.217000
v 3.636250 -1.043505 -0.217000
v 3.640000 -1.042500 -0.217000
v 3.643750 -1.043505 -0.217000
v 3.646495 -1.046250 -0.217000
v 3.647500 -1.050000 -0.217000
v 3.646495 -1.053750 -0.217000
v 2.433505 -1.046250 -0.217000
v 2.432500 -1.050000 -0.217000
v 2.433505 -1.053750 -0.217000
v 2.443750 -1.043505 -0.217000
v 2.440000 -1.042500 -0.217000
v 2.436250 -1.043505 -0.217000
v 2.446495 -1.053750 -0.217000
v 2.447500 -1.050000 -0.217000
v 2.446495 -1.046250 -0.217000
v 2.443750 -1.056495 -0.217000
v 2.440000 -1.057500 -0.217000
v 2.436250 -1.056495 -0.217000
v 2.553505 -1.046250 -0.217000
v 2.552500 -1.050000 -0.217000
v 2.553505 -1.053750 -0.217000
v 2.563750 -1.043505 -0.217000
v 2.560000 -1.042500 -0.217000
v 2.556250 -1.043505 -0.217000
v 2.566495 -1.053750 -0.217000
v 2.567500 -1.050000 -0.217000
v 2.566495 -1.046250 -0.217000
v 2.563750 -1.056495 -0.217000
v 2.560000 -1.057500 -0.217000
v 2.556250 -1.056495 -0.217000
v 2.673505 -1.046250 -0.217000
v 2.672500 -1.050000 -0.217000
v 2.673505 -1.053750 -0.217000
v 2.676250 -1.056495 -0.217000
v 2.683750 -1.043505 -0.217000
v 2.680000 -1.042500 -0.217000
v 2.676250 -1.043505 -0.217000
v 2.686495 -1.046250 -0.217000
v 2.687500 -1.050000 -0.217000
v 2.686495 -1.053750 -0.217000
v 2.683750 -1.056495 -0.217000
v 2.680000 -1.057500 -0.217000
v 2.793505 -1.046250 -0.217000
v 2.792500 -1.050000 -0.217000
v 2.793505 -1.053750 -0.217000
v 2.796250 -1.056495 -0.217000
v 2.807500 -1.050000 -0.217000
v 2.806495 -1.046250 -0.217000
v 2.806495 -1.053750 -0.217000
v 2.803750 -1.056495 -0.217000
v 2.800000 -1.057500 -0.217000
v 2.796250 -1.043505 -0.217000
v 2.800000 -1.042500 -0.217000
v 2.803750 -1.043505 -0.217000
v 2.913505 -1.046250 -0.217000
v 2.912500 -1.050000 -0.217000
v 2.913505 -1.053750 -0.217000
v 2.916250 -1.056495 -0.217000
v 2.927500 -1.050000 -0.217000
v 2.926495 -1.046250 -0.217000
v 2.926495 -1.053750 -0.217000
v 2.923750 -1.056495 -0.217000
v 2.920000 -1.057500 -0.217000
v 2.916250 -1.043505 -0.217000
v 2.920000 -1.042500 -0.217000
v 2.923750 -1.043505 -0.217000
v 3.033505 -1.046250 -0.217000
v 3.032500 -1.050000 -0.217000
v 3.033505 -1.053750 -0.217000
v 3.036250 -1.056495 -0.217000
v 3.047500 -1.050000 -0.217000
v 3.046495 -1.046250 -0.217000
v 3.046495 -1.053750 -0.217000
v 3.043750 -1.056495 -0.217000
v 3.040000 -1.057500 -0.217000
v 3.036250 -1.043505 -0.217000
v 3.040000 -1.042500 -0.217000
v 3.043750 -1.043505 -0.217000
v 3.153505 -1.046250 -0.217000
v 3.152500 -1.050000 -0.217000
v 3.153505 -1.053750 -0.217000
v 3.156250 -1.056495 -0.217000
v 3.167500 -1.050000 -0.217000
v 3.166495 -1.046250 -0.217000
v 3.166495 -1.053750 -0.217000
v 3.163750 -1.056495 -0.217000
v 3.160000 -1.057500 -0.217000
v 3.156250 -1.043505 -0.217000
v 3.160000 -1.042500 -0.217000
v 3.163750 -1.043505 -0.217000
v 3.273505 -1.053750 -0.217000
v 3.272500 -1.050000 -0.217000
v 3.283750 -1.043505 -0.217000
v 3.286495 -1.046250 -0.217000
v 3.287500 -1.050000 -0.217000
v 3.286495 -1.053750 -0.217000
v 3.273505 -1.046250 -0.217000
v 3.276250 -1.043505 -0.217000
v 3.280000 -1.042500 -0.217000
v 3.283750 -1.056495 -0.217000
v 3.280000 -1.057500 -0.217000
v 3.276250 -1.056495 -0.217000
v 3.393505 -1.053750 -0.217000
v 3.392500 -1.050000 -0.217000
v 3.403750 -1.043505 -0.217000
v 3.406495 -1.046250 -0.217000
v 3.407500 -1.050000 -0.217000
v 3.406495 -1.053750 -0.217000
v 3.393505 -1.046250 -0.217000
v 3.396250 -1.043505 -0.217000
v 3.400000 -1.042500 -0.217000
v 3.403750 -1.056495 -0.217000
v 3.400000 -1.057500 -0.217000
v 3.396250 -1.056495 -0.217000
v 3.513505 -1.053750 -0.217000
v 3.512500 -1.050000 -0.217000
v 3.523750 -1.043505 -0.217000
v 3.526495 -1.046250 -0.217000
v 3.527500 -1.050000 -0.217000
v 3.526495 -1.053750 -0.217000
v 3.523750 -1.056495 -0.217000
v 3.520000 -1.057500 -0.217000
v 3.516250 -1.056495 -0.217000
v 3.513505 -1.046250 -0.217000
v 3.516250 -1.043505 -0.217000
v 3.520000 -1.042500 -0.217000
v -1.130500 -1.072500 -0.200000
v -1.130500 -1.027500 -0.200000
v -1.229500 -1.072500 -0.200000
v -1.229500 -1.027500 -0.200000
v -1.349500 -1.027500 -0.200000
v -1.349500 -1.072500 -0.200000
v -1.250500 -1.027500 -0.200000
v -1.250500 -1.072500 -0.200000
v -1.469500 -1.027500 -0.200000
v -1.469500 -1.072500 -0.200000
v -1.370500 -1.027500 -0.200000
v -1.370500 -1.072500 -0.200000
v -1.589500 -1.027500 -0.200000
v -1.589500 -1.072500 -0.200000
v -1.490500 -1.027500 -0.200000
v -1.490500 -1.072500 -0.200000
v -1.709500 -1.027500 -0.200000
v -1.709500 -1.072500 -0.200000
v -1.610500 -1.027500 -0.200000
v -1.610500 -1.072500 -0.200000
v -1.829500 -1.027500 -0.200000
v -1.829500 -1.072500 -0.200000
v -1.730500 -1.027500 -0.200000
v -1.730500 -1.072500 -0.200000
v -1.949500 -1.027500 -0.200000
v -1.949500 -1.072500 -0.200000
v -1.850500 -1.027500 -0.200000
v -1.850500 -1.072500 -0.200000
v -2.069500 -1.027500 -0.200000
v -2.069500 -1.072500 -0.200000
v -1.970500 -1.027500 -0.200000
v -1.970500 -1.072500 -0.200000
v -2.189500 -1.027500 -0.200000
v -2.189500 -1.072500 -0.200000
v -2.090500 -1.027500 -0.200000
v -2.090500 -1.072500 -0.200000
v -2.309500 -1.027500 -0.200000
v -2.309500 -1.072500 -0.200000
v -2.210500 -1.027500 -0.200000
v -2.210500 -1.072500 -0.200000
v -1.070000 -1.072500 -0.200000
v -1.070000 -1.027500 -0.200000
v -1.109500 -1.072500 -0.200000
v -1.109500 -1.027500 -0.200000
v -1.070000 -1.027500 -0.232000
v -1.070000 -1.035000 -0.232000
v -1.070000 -1.072500 -0.232000
v -2.370000 -1.027500 -0.232000
v -2.370000 -1.027500 -0.200000
v -2.330500 -1.027500 -0.200000
v -1.109500 -1.027500 -0.217000
v -1.091250 -1.027500 -0.232000
v -1.130500 -1.027500 -0.217000
v -1.180000 -1.027500 -0.232000
v -2.330500 -1.027500 -0.217000
v -2.309500 -1.027500 -0.217000
v -2.260000 -1.027500 -0.232000
v -2.210500 -1.027500 -0.217000
v -2.189500 -1.027500 -0.217000
v -2.140000 -1.027500 -0.232000
v -2.090500 -1.027500 -0.217000
v -2.020000 -1.027500 -0.232000
v -2.069500 -1.027500 -0.217000
v -1.949500 -1.027500 -0.217000
v -1.900000 -1.027500 -0.232000
v -1.970500 -1.027500 -0.217000
v -1.850500 -1.027500 -0.217000
v -1.780000 -1.027500 -0.232000
v -1.829500 -1.027500 -0.217000
v -1.730500 -1.027500 -0.217000
v -1.660000 -1.027500 -0.232000
v -1.709500 -1.027500 -0.217000
v -1.610500 -1.027500 -0.217000
v -1.589500 -1.027500 -0.217000
v -1.420000 -1.027500 -0.232000
v -1.490500 -1.027500 -0.217000
v -1.469500 -1.027500 -0.217000
v -1.370500 -1.027500 -0.217000
v -1.300000 -1.027500 -0.232000
v -1.349500 -1.027500 -0.217000
v -1.250500 -1.027500 -0.217000
v -1.229500 -1.027500 -0.217000
v -2.370000 -1.072500 -0.232000
v -2.370000 -1.072500 -0.200000
v -2.370000 -1.035000 -0.232000
v -1.091250 -1.072500 -0.232000
v -1.109500 -1.072500 -0.217000
v -1.300000 -1.072500 -0.232000
v -1.180000 -1.072500 -0.232000
v -1.229500 -1.072500 -0.217000
v -1.130500 -1.072500 -0.217000
v -1.250500 -1.072500 -0.217000
v -1.349500 -1.072500 -0.217000
v -1.370500 -1.072500 -0.217000
v -1.420000 -1.072500 -0.232000
v -1.490500 -1.072500 -0.217000
v -1.589500 -1.072500 -0.217000
v -1.469500 -1.072500 -0.217000
v -1.660000 -1.072500 -0.232000
v -1.610500 -1.072500 -0.217000
v -1.709500 -1.072500 -0.217000
v -1.730500 -1.072500 -0.217000
v -1.780000 -1.072500 -0.232000
v -1.829500 -1.072500 -0.217000
v -1.850500 -1.072500 -0.217000
v -1.900000 -1.072500 -0.232000
v -1.949500 -1.072500 -0.217000
v -1.970500 -1.072500 -0.217000
v -2.020000 -1.072500 -0.232000
v -2.069500 -1.072500 -0.217000
v -2.090500 -1.072500 -0.217000
v -2.140000 -1.072500 -0.232000
v -2.189500 -1.072500 -0.217000
v -2.210500 -1.072500 -0.217000
v -2.260000 -1.072500 -0.232000
v -2.309500 -1.072500 -0.217000
v -2.330500 -1.072500 -0.200000
v -2.330500 -1.072500 -0.217000
v -1.091250 -1.035000 -0.232000
v -1.180000 -1.035000 -0.232000
v -1.300000 -1.035000 -0.232000
v -1.420000 -1.035000 -0.232000
v -1.660000 -1.035000 -0.232000
v -1.780000 -1.035000 -0.232000
v -1.900000 -1.035000 -0.232000
v -2.020000 -1.035000 -0.232000
v -2.140000 -1.035000 -0.232000
v -2.260000 -1.035000 -0.232000
v -2.313505 -1.053750 -0.232000
v -2.312500 -1.050000 -0.232000
v -2.313505 -1.046250 -0.232000
v -2.326495 -1.053750 -0.232000
v -2.327500 -1.050000 -0.232000
v -2.326495 -1.046250 -0.232000
v -2.316250 -1.043505 -0.232000
v -2.320000 -1.042500 -0.232000
v -2.323750 -1.043505 -0.232000
v -2.323750 -1.056495 -0.232000
v -2.320000 -1.057500 -0.232000
v -2.316250 -1.056495 -0.232000
v -2.206495 -1.046250 -0.232000
v -2.207500 -1.050000 -0.232000
v -2.193505 -1.053750 -0.232000
v -2.192500 -1.050000 -0.232000
v -2.193505 -1.046250 -0.232000
v -2.206495 -1.053750 -0.232000
v -2.196250 -1.043505 -0.232000
v -2.200000 -1.042500 -0.232000
v -2.203750 -1.043505 -0.232000
v -2.203750 -1.056495 -0.232000
v -2.200000 -1.057500 -0.232000
v -2.196250 -1.056495 -0.232000
v -2.086495 -1.046250 -0.232000
v -2.087500 -1.050000 -0.232000
v -2.073505 -1.053750 -0.232000
v -2.072500 -1.050000 -0.232000
v -2.073505 -1.046250 -0.232000
v -2.086495 -1.053750 -0.232000
v -2.076250 -1.043505 -0.232000
v -2.080000 -1.042500 -0.232000
v -2.083750 -1.043505 -0.232000
v -2.083750 -1.056495 -0.232000
v -2.080000 -1.057500 -0.232000
v -2.076250 -1.056495 -0.232000
v -1.953505 -1.053750 -0.232000
v -1.952500 -1.050000 -0.232000
v -1.953505 -1.046250 -0.232000
v -1.966495 -1.046250 -0.232000
v -1.967500 -1.050000 -0.232000
v -1.966495 -1.053750 -0.232000
v -1.956250 -1.043505 -0.232000
v -1.960000 -1.042500 -0.232000
v -1.963750 -1.043505 -0.232000
v -1.963750 -1.056495 -0.232000
v -1.960000 -1.057500 -0.232000
v -1.956250 -1.056495 -0.232000
v -1.833505 -1.053750 -0.232000
v -1.832500 -1.050000 -0.232000
v -1.833505 -1.046250 -0.232000
v -1.846495 -1.046250 -0.232000
v -1.847500 -1.050000 -0.232000
v -1.846495 -1.053750 -0.232000
v -1.836250 -1.043505 -0.232000
v -1.840000 -1.042500 -0.232000
v -1.843750 -1.043505 -0.232000
v -1.843750 -1.056495 -0.232000
v -1.840000 -1.057500 -0.232000
v -1.836250 -1.056495 -0.232000
v -1.713505 -1.053750 -0.232000
v -1.712500 -1.050000 -0.232000
v -1.713505 -1.046250 -0.232000
v -1.726495 -1.046250 -0.232000
v -1.727500 -1.050000 -0.232000
v -1.726495 -1.053750 -0.232000
v -1.716250 -1.043505 -0.232000
v -1.720000 -1.042500 -0.232000
v -1.723750 -1.043505 -0.232000
v -1.723750 -1.056495 -0.232000
v -1.720000 -1.057500 -0.232000
v -1.716250 -1.056495 -0.232000
v -1.606495 -1.046250 -0.232000
v -1.607500 -1.050000 -0.232000
v -1.473505 -1.053750 -0.232000
v -1.472500 -1.050000 -0.232000
v -1.473505 -1.046250 -0.232000
v -1.606495 -1.053750 -0.232000
v -1.593505 -1.046250 -0.232000
v -1.596250 -1.043505 -0.232000
v -1.600000 -1.042500 -0.232000
v -1.603750 -1.043505 -0.232000
v -1.476250 -1.043505 -0.232000
v -1.480000 -1.042500 -0.232000
v -1.603750 -1.056495 -0.232000
v -1.600000 -1.057500 -0.232000
v -1.596250 -1.056495 -0.232000
v -1.593505 -1.053750 -0.232000
v -1.483750 -1.043505 -0.232000
v -1.486495 -1.046250 -0.232000
v -1.592500 -1.050000 -0.232000
v -1.487500 -1.050000 -0.232000
v -1.486495 -1.053750 -0.232000
v -1.483750 -1.056495 -0.232000
v -1.480000 -1.057500 -0.232000
v -1.476250 -1.056495 -0.232000
v -1.366495 -1.046250 -0.232000
v -1.367500 -1.050000 -0.232000
v -1.366495 -1.053750 -0.232000
v -1.353505 -1.046250 -0.232000
v -1.356250 -1.043505 -0.232000
v -1.360000 -1.042500 -0.232000
v -1.363750 -1.043505 -0.232000
v -1.363750 -1.056495 -0.232000
v -1.360000 -1.057500 -0.232000
v -1.356250 -1.056495 -0.232000
v -1.353505 -1.053750 -0.232000
v -1.352500 -1.050000 -0.232000
v -1.243750 -1.056495 -0.232000
v -1.240000 -1.057500 -0.232000
v -1.243750 -1.043505 -0.232000
v -1.240000 -1.042500 -0.232000
v -1.236250 -1.043505 -0.232000
v -1.233505 -1.046250 -0.232000
v -1.246495 -1.046250 -0.232000
v -1.247500 -1.050000 -0.232000
v -1.246495 -1.053750 -0.232000
v -1.236250 -1.056495 -0.232000
v -1.233505 -1.053750 -0.232000
v -1.232500 -1.050000 -0.232000
v -1.113505 -1.053750 -0.232000
v -1.112500 -1.050000 -0.232000
v -1.113505 -1.046250 -0.232000
v -1.116250 -1.056495 -0.232000
v -1.120000 -1.057500 -0.232000
v -1.123750 -1.056495 -0.232000
v -1.123750 -1.043505 -0.232000
v -1.120000 -1.042500 -0.232000
v -1.116250 -1.043505 -0.232000
v -1.126495 -1.046250 -0.232000
v -1.127500 -1.050000 -0.232000
v -1.126495 -1.053750 -0.232000
v -1.123750 -1.056495 -0.217000
v -1.120000 -1.057500 -0.217000
v -1.116250 -1.056495 -0.217000
v -1.126495 -1.053750 -0.217000
v -1.127500 -1.050000 -0.217000
v -1.126495 -1.046250 -0.217000
v -1.123750 -1.043505 -0.217000
v -1.120000 -1.042500 -0.217000
v -1.116250 -1.043505 -0.217000
v -1.113505 -1.046250 -0.217000
v -1.112500 -1.050000 -0.217000
v -1.113505 -1.053750 -0.217000
v -2.326495 -1.046250 -0.217000
v -2.327500 -1.050000 -0.217000
v -2.326495 -1.053750 -0.217000
v -2.316250 -1.043505 -0.217000
v -2.320000 -1.042500 -0.217000
v -2.323750 -1.043505 -0.217000
v -2.313505 -1.053750 -0.217000
v -2.312500 -1.050000 -0.217000
v -2.313505 -1.046250 -0.217000
v -2.316250 -1.056495 -0.217000
v -2.320000 -1.057500 -0.217000
v -2.323750 -1.056495 -0.217000
v -2.206495 -1.046250 -0.217000
v -2.207500 -1.050000 -0.217000
v -2.206495 -1.053750 -0.217000
v -2.196250 -1.043505 -0.217000
v -2.200000 -1.042500 -0.217000
v -2.203750 -1.043505 -0.217000
v -2.193505 -1.053750 -0.217000
v -2.192500 -1.050000 -0.217000
v -2.193505 -1.046250 -0.217000
v -2.196250 -1.056495 -0.217000
v -2.200000 -1.057500 -0.217000
v -2.203750 -1.056495 -0.217000
v -2.086495 -1.046250 -0.217000
v -2.087500 -1.050000 -0.217000
v -2.086495 -1.053750 -0.217000
v -2.083750 -1.056495 -0.217000
v -2.076250 -1.043505 -0.217000
v -2.080000 -1.042500 -0.217000
v -2.083750 -1.043505 -0.217000
v -2.073505 -1.046250 -0.217000
v -2.072500 -1.050000 -0.217000
v -2.073505 -1.053750 -0.217000
v -2.076250 -1.056495 -0.217000
v -2.080000 -1.057500 -0.217000
v -1.966495 -1.046250 -0.217000
v -1.967500 -1.050000 -0.217000
v -1.966495 -1.053750 -0.217000
v -1.963750 -1.056495 -0.217000
v -1.952500 -1.050000 -0.217000
v -1.953505 -1.046250 -0.217000
v -1.953505 -1.053750 -0.217000
v -1.956250 -1.056495 -0.217000
v -1.960000 -1.057500 -0.217000
v -1.963750 -1.043505 -0.217000
v -1.960000 -1.042500 -0.217000
v -1.956250 -1.043505 -0.217000
v -1.846495 -1.046250 -0.217000
v -1.847500 -1.050000 -0.217000
v -1.846495 -1.053750 -0.217000
v -1.843750 -1.056495 -0.217000
v -1.832500 -1.050000 -0.217000
v -1.833505 -1.046250 -0.217000
v -1.833505 -1.053750 -0.217000
v -1.836250 -1.056495 -0.217000
v -1.840000 -1.057500 -0.217000
v -1.843750 -1.043505 -0.217000
v -1.840000 -1.042500 -0.217000
v -1.836250 -1.043505 -0.217000
v -1.726495 -1.046250 -0.217000
v -1.727500 -1.050000 -0.217000
v -1.726495 -1.053750 -0.217000
v -1.723750 -1.056495 -0.217000
v -1.712500 -1.050000 -0.217000
v -1.713505 -1.046250 -0.217000
v -1.713505 -1.053750 -0.217000
v -1.716250 -1.056495 -0.217000
v -1.720000 -1.057500 -0.217000
v -1.723750 -1.043505 -0.217000
v -1.720000 -1.042500 -0.217000
v -1.716250 -1.043505 -0.217000
v -1.606495 -1.046250 -0.217000
v -1.607500 -1.050000 -0.217000
v -1.606495 -1.053750 -0.217000
v -1.603750 -1.056495 -0.217000
v -1.592500 -1.050000 -0.217000
v -1.593505 -1.046250 -0.217000
v -1.593505 -1.053750 -0.217000
v -1.596250 -1.056495 -0.217000
v -1.600000 -1.057500 -0.217000
v -1.603750 -1.043505 -0.217000
v -1.600000 -1.042500 -0.217000
v -1.596250 -1.043505 -0.217000
v -1.486495 -1.053750 -0.217000
v -1.487500 -1.050000 -0.217000
v -1.476250 -1.043505 -0.217000
v -1.473505 -1.046250 -0.217000
v -1.472500 -1.050000 -0.217000
v -1.473505 -1.053750 -0.217000
v -1.486495 -1.046250 -0.217000
v -1.483750 -1.043505 -0.217000
v -1.480000 -1.042500 -0.217000
v -1.476250 -1.056495 -0.217000
v -1.480000 -1.057500 -0.217000
v -1.483750 -1.056495 -0.217000
v -1.366495 -1.053750 -0.217000
v -1.367500 -1.050000 -0.217000
v -1.356250 -1.043505 -0.217000
v -1.353505 -1.046250 -0.217000
v -1.352500 -1.050000 -0.217000
v -1.353505 -1.053750 -0.217000
v -1.366495 -1.046250 -0.217000
v -1.363750 -1.043505 -0.217000
v -1.360000 -1.042500 -0.217000
v -1.356250 -1.056495 -0.217000
v -1.360000 -1.057500 -0.217000
v -1.363750 -1.056495 -0.217000
v -1.246495 -1.053750 -0.217000
v -1.247500 -1.050000 -0.217000
v -1.236250 -1.043505 -0.217000
v -1.233505 -1.046250 -0.217000
v -1.232500 -1.050000 -0.217000
v -1.233505 -1.053750 -0.217000
v -1.236250 -1.056495 -0.217000
v -1.240000 -1.057500 -0.217000
v -1.243750 -1.056495 -0.217000
v -1.246495 -1.046250 -0.217000
v -1.243750 -1.043505 -0.217000
v -1.240000 -1.042500 -0.217000
v -1.130500 1.027500 -0.200000
v -1.130500 1.072500 -0.200000
v -1.229500 1.027500 -0.200000
v -1.229500 1.072500 -0.200000
v -1.349500 1.072500 -0.200000
v -1.349500 1.027500 -0.200000
v -1.250500 1.072500 -0.200000
v -1.250500 1.027500 -0.200000
v -1.469500 1.072500 -0.200000
v -1.469500 1.027500 -0.200000
v -1.370500 1.072500 -0.200000
v -1.370500 1.027500 -0.200000
v -1.589500 1.072500 -0.200000
v -1.589500 1.027500 -0.200000
v -1.490500 1.072500 -0.200000
v -1.490500 1.027500 -0.200000
v -1.709500 1.072500 -0.200000
v -1.709500 1.027500 -0.200000
v -1.610500 1.072500 -0.200000
v -1.610500 1.027500 -0.200000
v -1.829500 1.072500 -0.200000
v -1.829500 1.027500 -0.200000
v -1.730500 1.072500 -0.200000
v -1.730500 1.027500 -0.200000
v -1.949500 1.072500 -0.200000
v -1.949500 1.027500 -0.200000
v -1.850500 1.072500 -0.200000
v -1.850500 1.027500 -0.200000
v -2.069500 1.072500 -0.200000
v -2.069500 1.027500 -0.200000
v -1.970500 1.072500 -0.200000
v -1.970500 1.027500 -0.200000
v -2.189500 1.072500 -0.200000
v -2.189500 1.027500 -0.200000
v -2.090500 1.072500 -0.200000
v -2.090500 1.027500 -0.200000
v -2.309500 1.072500 -0.200000
v -2.309500 1.027500 -0.200000
v -2.210500 1.072500 -0.200000
v -2.210500 1.027500 -0.200000
v -1.070000 1.027500 -0.200000
v -1.070000 1.072500 -0.200000
v -1.109500 1.027500 -0.200000
v -1.109500 1.072500 -0.200000
v -1.070000 1.072500 -0.232000
v -1.070000 1.065000 -0.232000
v -1.070000 1.027500 -0.232000
v -2.370000 1.072500 -0.232000
v -2.370000 1.072500 -0.200000
v -2.330500 1.072500 -0.200000
v -1.109500 1.072500 -0.217000
v -1.091250 1.072500 -0.232000
v -1.130500 1.072500 -0.217000
v -1.180000 1.072500 -0.232000
v -2.330500 1.072500 -0.217000
v -2.309500 1.072500 -0.217000
v -2.260000 1.072500 -0.232000
v -2.210500 1.072500 -0.217000
v -2.189500 1.072500 -0.217000
v -2.140000 1.072500 -0.232000
v -2.090500 1.072500 -0.217000
v -2.020000 1.072500 -0.232000
v -2.069500 1.072500 -0.217000
v -1.949500 1.072500 -0.217000
v -1.900000 1.072500 -0.232000
v -1.970500 1.072500 -0.217000
v -1.850500 1.072500 -0.217000
v -1.780000 1.072500 -0.232000
v -1.829500 1.072500 -0.217000
v -1.730500 1.072500 -0.217000
v -1.660000 1.072500 -0.232000
v -1.709500 1.072500 -0.217000
v -1.610500 1.072500 -0.217000
v -1.589500 1.072500 -0.217000
v -1.420000 1.072500 -0.232000
v -1.490500 1.072500 -0.217000
v -1.469500 1.072500 -0.217000
v -1.370500 1.072500 -0.217000
v -1.300000 1.072500 -0.232000
v -1.349500 1.072500 -0.217000
v -1.250500 1.072500 -0.217000
v -1.229500 1.072500 -0.217000
v -2.370000 1.027500 -0.232000
v -2.370000 1.027500 -0.200000
v -2.370000 1.065000 -0.232000
v -1.091250 1.027500 -0.232000
v -1.109500 1.027500 -0.217000
v -1.300000 1.027500 -0.232000
v -1.180000 1.027500 -0.232000
v -1.229500 1.027500 -0.217000
v -1.130500 1.027500 -0.217000
v -1.250500 1.027500 -0.217000
v -1.349500 1.027500 -0.217000
v -1.370500 1.027500 -0.217000
v -1.420000 1.027500 -0.232000
v -1.490500 1.027500 -0.217000
v -1.589500 1.027500 -0.217000
v -1.469500 1.027500 -0.217000
v -1.660000 1.027500 -0.232000
v -1.610500 1.027500 -0.217000
v -1.709500 1.027500 -0.217000
v -1.730500 1.027500 -0.217000
v -1.780000 1.027500 -0.232000
v -1.829500 1.027500 -0.217000
v -1.850500 1.027500 -0.217000
v -1.900000 1.027500 -0.232000
v -1.949500 1.027500 -0.217000
v -1.970500 1.027500 -0.217000
v -2.020000 1.027500 -0.232000
v -2.069500 1.027500 -0.217000
v -2.090500 1.027500 -0.217000
v -2.140000 1.027500 -0.232000
v -2.189500 1.027500 -0.217000
v -2.210500 1.027500 -0.217000
v -2.260000 1.027500 -0.232000
v -2.309500 1.027500 -0.217000
v -2.330500 1.027500 -0.200000
v -2.330500 1.027500 -0.217000
v -1.091250 1.065000 -0.232000
v -1.180000 1.065000 -0.232000
v -1.300000 1.065000 -0.232000
v -1.420000 1.065000 -0.232000
v -1.660000 1.065000 -0.232000
v -1.780000 1.065000 -0.232000
v -1.900000 1.065000 -0.232000
v -2.020000 1.065000 -0.232000
v -2.140000 1.065000 -0.232000
v -2.260000 1.065000 -0.232000
v -2.313505 1.046250 -0.232000
v -2.312500 1.050000 -0.232000
v -2.313505 1.053750 -0.232000
v -2.326495 1.046250 -0.232000
v -2.327500 1.050000 -0.232000
v -2.326495 1.053750 -0.232000
v -2.316250 1.056495 -0.232000
v -2.320000 1.057500 -0.232000
v -2.323750 1.056495 -0.232000
v -2.323750 1.043505 -0.232000
v -2.320000 1.042500 -0.232000
v -2.316250 1.043505 -0.232000
v -2.206495 1.053750 -0.232000
v -2.207500 1.050000 -0.232000
v -2.193505 1.046250 -0.232000
v -2.192500 1.050000 -0.232000
v -2.193505 1.053750 -0.232000
v -2.206495 1.046250 -0.232000
v -2.196250 1.056495 -0.232000
v -2.200000 1.057500 -0.232000
v -2.203750 1.056495 -0.232000
v -2.203750 1.043505 -0.232000
v -2.200000 1.042500 -0.232000
v -2.196250 1.043505 -0.232000
v -2.086495 1.053750 -0.232000
v -2.087500 1.050000 -0.232000
v -2.073505 1.046250 -0.232000
v -2.072500 1.050000 -0.232000
v -2.073505 1.053750 -0.232000
v -2.086495 1.046250 -0.232000
v -2.076250 1.056495 -0.232000
v -2.080000 1.057500 -0.232000
v -2.083750 1.056495 -0.232000
v -2.083750 1.043505 -0.232000
v -2.080000 1.042500 -0.232000
v -2.076250 1.043505 -0.232000
v -1.953505 1.046250 -0.232000
v -1.952500 1.050000 -0.232000
v -1.953505 1.053750 -0.232000
v -1.966495 1.053750 -0.232000
v -1.967500 1.050000 -0.232000
v -1.966495 1.046250 -0.232000
v -1.956250 1.056495 -0.232000
v -1.960000 1.057500 -0.232000
v -1.963750 1.056495 -0.232000
v -1.963750 1.043505 -0.232000
v -1.960000 1.042500 -0.232000
v -1.956250 1.043505 -0.232000
v -1.833505 1.046250 -0.232000
v -1.832500 1.050000 -0.232000
v -1.833505 1.053750 -0.232000
v -1.846495 1.053750 -0.232000
v -1.847500 1.050000 -0.232000
v -1.846495 1.046250 -0.232000
v -1.836250 1.056495 -0.232000
v -1.840000 1.057500 -0.232000
v -1.843750 1.056495 -0.232000
v -1.843750 1.043505 -0.232000
v -1.840000 1.042500 -0.232000
v -1.836250 1.043505 -0.232000
v -1.713505 1.046250 -0.232000
v -1.712500 1.050000 -0.232000
v -1.713505 1.053750 -0.232000
v -1.726495 1.053750 -0.232000
v -1.727500 1.050000 -0.232000
v -1.726495 1.046250 -0.232000
v -1.716250 1.056495 -0.232000
v -1.720000 1.057500 -0.232000
v -1.723750 1.056495 -0.232000
v -1.723750 1.043505 -0.232000
v -1.720000 1.042500 -0.232000
v -1.716250 1.043505 -0.232000
v -1.606495 1.053750 -0.232000
v -1.607500 1.050000 -0.232000
v -1.473505 1.046250 -0.232000
v -1.472500 1.050000 -0.232000
v -1.473505 1.053750 -0.232000
v -1.606495 1.046250 -0.232000
v -1.593505 1.053750 -0.232000
v -1.596250 1.056495 -0.232000
v -1.600000 1.057500 -0.232000
v -1.603750 1.056495 -0.232000
v -1.476250 1.056495 -0.232000
v -1.480000 1.057500 -0.232000
v -1.603750 1.043505 -0.232000
v -1.600000 1.042500 -0.232000
v -1.596250 1.043505 -0.232000
v -1.593505 1.046250 -0.232000
v -1.483750 1.056495 -0.232000
v -1.486495 1.053750 -0.232000
v -1.592500 1.050000 -0.232000
v -1.487500 1.050000 -0.232000
v -1.486495 1.046250 -0.232000
v -1.483750 1.043505 -0.232000
v -1.480000 1.042500 -0.232000
v -1.476250 1.043505 -0.232000
v -1.366495 1.053750 -0.232000
v -1.367500 1.050000 -0.232000
v -1.366495 1.046250 -0.232000
v -1.353505 1.053750 -0.232000
v -1.356250 1.056495 -0.232000
v -1.360000 1.057500 -0.232000
v -1.363750 1.056495 -0.232000
v -1.363750 1.043505 -0.232000
v -1.360000 1.042500 -0.232000
v -1.356250 1.043505 -0.232000
v -1.353505 1.046250 -0.232000
v -1.352500 1.050000 -0.232000
v -1.243750 1.043505 -0.232000
v -1.240000 1.042500 -0.232000
v -1.243750 1.056495 -0.232000
v -1.240000 1.057500 -0.232000
v -1.236250 1.056495 -0.232000
v -1.233505 1.053750 -0.232000
v -1.246495 1.053750 -0.232000
v -1.247500 1.050000 -0.232000
v -1.246495 1.046250 -0.232000
v -1.236250 1.043505 -0.232000
v -1.233505 1.046250 -0.232000
v -1.232500 1.050000 -0.232000
v -1.113505 1.046250 -0.232000
v -1.112500 1.050000 -0.232000
v -1.113505 1.053750 -0.232000
v -1.116250 1.043505 -0.232000
v -1.120000 1.042500 -0.232000
v -1.123750 1.043505 -0.232000
v -1.123750 1.056495 -0.232000
v -1.120000 1.057500 -0.232000
v -1.116250 1.056495 -0.232000
v -1.126495 1.053750 -0.232000
v -1.127500 1.050000 -0.232000
v -1.126495 1.046250 -0.232000
v -1.123750 1.043505 -0.217000
v -1.120000 1.042500 -0.217000
v -1.116250 1.043505 -0.217000
v -1.126495 1.046250 -0.217000
v -1.127500 1.050000 -0.217000
v -1.126495 1.053750 -0.217000
v -1.123750 1.056495 -0.217000
v -1.120000 1.057500 -0.217000
v -1.116250 1.056495 -0.217000
v -1.113505 1.053750 -0.217000
v -1.112500 1.050000 -0.217000
v -1.113505 1.046250 -0.217000
v -2.326495 1.053750 -0.217000
v -2.327500 1.050000 -0.217000
v -2.326495 1.046250 -0.217000
v -2.316250 1.056495 -0.217000
v -2.320000 1.057500 -0.217000
v -2.323750 1.056495 -0.217000
v -2.313505 1.046250 -0.217000
v -2.312500 1.050000 -0.217000
v -2.313505 1.053750 -0.217000
v -2.316250 1.043505 -0.217000
v -2.320000 1.042500 -0.217000
v -2.323750 1.043505 -0.217000
v -2.206495 1.053750 -0.217000
v -2.207500 1.050000 -0.217000
v -2.206495 1.046250 -0.217000
v -2.196250 1.056495 -0.217000
v -2.200000 1.057500 -0.217000
v -2.203750 1.056495 -0.217000
v -2.193505 1.046250 -0.217000
v -2.192500 1.050000 -0.217000
v -2.193505 1.053750 -0.217000
v -2.196250 1.043505 -0.217000
v -2.200000 1.042500 -0.217000
v -2.203750 1.043505 -0.217000
v -2.086495 1.053750 -0.217000
v -2.087500 1.050000 -0.217000
v -2.086495 1.046250 -0.217000
v -2.083750 1.043505 -0.217000
v -2.076250 1.056495 -0.217000
v -2.080000 1.057500 -0.217000
v -2.083750 1.056495 -0.217000
v -2.073505 1.053750 -0.217000
v -2.072500 1.050000 -0.217000
v -2.073505 1.046250 -0.217000
v -2.076250 1.043505 -0.217000
v -2.080000 1.042500 -0.217000
v -1.966495 1.053750 -0.217000
v -1.967500 1.050000 -0.217000
v -1.966495 1.046250 -0.217000
v -1.963750 1.043505 -0.217000
v -1.952500 1.050000 -0.217000
v -1.953505 1.053750 -0.217000
v -1.953505 1.046250 -0.217000
v -1.956250 1.043505 -0.217000
v -1.960000 1.042500 -0.217000
v -1.963750 1.056495 -0.217000
v -1.960000 1.057500 -0.217000
v -1.956250 1.056495 -0.217000
v -1.846495 1.053750 -0.217000
v -1.847500 1.050000 -0.217000
v -1.846495 1.046250 -0.217000
v -1.843750 1.043505 -0.217000
v -1.832500 1.050000 -0.217000
v -1.833505 1.053750 -0.217000
v -1.833505 1.046250 -0.217000
v -1.836250 1.043505 -0.217000
v -1.840000 1.042500 -0.217000
v -1.843750 1.056495 -0.217000
v -1.840000 1.057500 -0.217000
v -1.836250 1.056495 -0.217000
v -1.726495 1.053750 -0.217000
v -1.727500 1.050000 -0.217000
v -1.726495 1.046250 -0.217000
v -1.723750 1.043505 -0.217000
v -1.712500 1.050000 -0.217000
v -1.713505 1.053750 -0.217000
v -1.713505 1.046250 -0.217000
v -1.716250 1.043505 -0.217000
v -1.720000 1.042500 -0.217000
v -1.723750 1.056495 -0.217000
v -1.720000 1.057500 -0.217000
v -1.716250 1.056495 -0.217000
v -1.606495 1.053750 -0.217000
v -1.607500 1.050000 -0.217000
v -1.606495 1.046250 -0.217000
v -1.603750 1.043505 -0.217000
v -1.592500 1.050000 -0.217000
v -1.593505 1.053750 -0.217000
v -1.593505 1.046250 -0.217000
v -1.596250 1.043505 -0.217000
v -1.600000 1.042500 -0.217000
v -1.603750 1.056495 -0.217000
v -1.600000 1.057500 -0.217000
v -1.596250 1.056495 -0.217000
v -1.486495 1.046250 -0.217000
v -1.487500 1.050000 -0.217000
v -1.476250 1.056495 -0.217000
v -1.473505 1.053750 -0.217000
v -1.472500 1.050000 -0.217000
v -1.473505 1.046250 -0.217000
v -1.486495 1.053750 -0.217000
v -1.483750 1.056495 -0.217000
v -1.480000 1.057500 -0.217000
v -1.476250 1.043505 -0.217000
v -1.480000 1.042500 -0.217000
v -1.483750 1.043505 -0.217000
v -1.366495 1.046250 -0.217000
v -1.367500 1.050000 -0.217000
v -1.356250 1.056495 -0.217000
v -1.353505 1.053750 -0.217000
v -1.352500 1.050000 -0.217000
v -1.353505 1.046250 -0.217000
v -1.366495 1.053750 -0.217000
v -1.363750 1.056495 -0.217000
v -1.360000 1.057500 -0.217000
v -1.356250 1.043505 -0.217000
v -1.360000 1.042500 -0.217000
v -1.363750 1.043505 -0.217000
v -1.246495 1.046250 -0.217000
v -1.247500 1.050000 -0.217000
v -1.236250 1.056495 -0.217000
v -1.233505 1.053750 -0.217000
v -1.232500 1.050000 -0.217000
v -1.233505 1.046250 -0.217000
v -1.236250 1.043505 -0.217000
v -1.240000 1.042500 -0.217000
v -1.243750 1.043505 -0.217000
v -1.246495 1.053750 -0.217000
v -1.243750 1.056495 -0.217000
v -1.240000 1.057500 -0.217000
v -2.450500 1.027500 -0.200000
v -2.450500 1.072500 -0.200000
v -2.549500 1.027500 -0.200000
v -2.549500 1.072500 -0.200000
v -2.669500 1.072500 -0.200000
v -2.669500 1.027500 -0.200000
v -2.570500 1.072500 -0.200000
v -2.570500 1.027500 -0.200000
v -2.789500 1.072500 -0.200000
v -2.789500 1.027500 -0.200000
v -2.690500 1.072500 -0.200000
v -2.690500 1.027500 -0.200000
v -2.909500 1.072500 -0.200000
v -2.909500 1.027500 -0.200000
v -2.810500 1.072500 -0.200000
v -2.810500 1.027500 -0.200000
v -3.029500 1.072500 -0.200000
v -3.029500 1.027500 -0.200000
v -2.930500 1.072500 -0.200000
v -2.930500 1.027500 -0.200000
v -3.149500 1.072500 -0.200000
v -3.149500 1.027500 -0.200000
v -3.050500 1.072500 -0.200000
v -3.050500 1.027500 -0.200000
v -3.269500 1.072500 -0.200000
v -3.269500 1.027500 -0.200000
v -3.170500 1.072500 -0.200000
v -3.170500 1.027500 -0.200000
v -3.389500 1.072500 -0.200000
v -3.389500 1.027500 -0.200000
v -3.290500 1.072500 -0.200000
v -3.290500 1.027500 -0.200000
v -3.509500 1.072500 -0.200000
v -3.509500 1.027500 -0.200000
v -3.410500 1.072500 -0.200000
v -3.410500 1.027500 -0.200000
v -3.629500 1.072500 -0.200000
v -3.629500 1.027500 -0.200000
v -3.530500 1.072500 -0.200000
v -3.530500 1.027500 -0.200000
v -2.390000 1.027500 -0.200000
v -2.390000 1.072500 -0.200000
v -2.429500 1.027500 -0.200000
v -2.429500 1.072500 -0.200000
v -2.390000 1.072500 -0.232000
v -2.390000 1.065000 -0.232000
v -2.390000 1.027500 -0.232000
v -3.690000 1.072500 -0.232000
v -3.690000 1.072500 -0.200000
v -3.650500 1.072500 -0.200000
v -2.429500 1.072500 -0.217000
v -2.411250 1.072500 -0.232000
v -2.450500 1.072500 -0.217000
v -2.500000 1.072500 -0.232000
v -3.650500 1.072500 -0.217000
v -3.629500 1.072500 -0.217000
v -3.580000 1.072500 -0.232000
v -3.530500 1.072500 -0.217000
v -3.509500 1.072500 -0.217000
v -3.460000 1.072500 -0.232000
v -3.410500 1.072500 -0.217000
v -3.340000 1.072500 -0.232000
v -3.389500 1.072500 -0.217000
v -3.269500 1.072500 -0.217000
v -3.220000 1.072500 -0.232000
v -3.290500 1.072500 -0.217000
v -3.170500 1.072500 -0.217000
v -3.100000 1.072500 -0.232000
v -3.149500 1.072500 -0.217000
v -3.050500 1.072500 -0.217000
v -2.980000 1.072500 -0.232000
v -3.029500 1.072500 -0.217000
v -2.930500 1.072500 -0.217000
v -2.909500 1.072500 -0.217000
v -2.740000 1.072500 -0.232000
v -2.810500 1.072500 -0.217000
v -2.789500 1.072500 -0.217000
v -2.690500 1.072500 -0.217000
v -2.620000 1.072500 -0.232000
v -2.669500 1.072500 -0.217000
v -2.570500 1.072500 -0.217000
v -2.549500 1.072500 -0.217000
v -3.690000 1.027500 -0.232000
v -3.690000 1.027500 -0.200000
v -3.690000 1.065000 -0.232000
v -2.411250 1.027500 -0.232000
v -2.429500 1.027500 -0.217000
v -2.620000 1.027500 -0.232000
v -2.500000 1.027500 -0.232000
v -2.549500 1.027500 -0.217000
v -2.450500 1.027500 -0.217000
v -2.570500 1.027500 -0.217000
v -2.669500 1.027500 -0.217000
v -2.690500 1.027500 -0.217000
v -2.740000 1.027500 -0.232000
v -2.810500 1.027500 -0.217000
v -2.909500 1.027500 -0.217000
v -2.789500 1.027500 -0.217000
v -2.980000 1.027500 -0.232000
v -2.930500 1.027500 -0.217000
v -3.029500 1.027500 -0.217000
v -3.050500 1.027500 -0.217000
v -3.100000 1.027500 -0.232000
v -3.149500 1.027500 -0.217000
v -3.170500 1.027500 -0.217000
v -3.220000 1.027500 -0.232000
v -3.269500 1.027500 -0.217000
v -3.290500 1.027500 -0.217000
v -3.340000 1.027500 -0.232000
v -3.389500 1.027500 -0.217000
v -3.410500 1.027500 -0.217000
v -3.460000 1.027500 -0.232000
v -3.509500 1.027500 -0.217000
v -3.530500 1.027500 -0.217000
v -3.580000 1.027500 -0.232000
v -3.629500 1.027500 -0.217000
v -3.650500 1.027500 -0.200000
v -3.650500 1.027500 -0.217000
v -2.411250 1.065000 -0.232000
v -2.500000 1.065000 -0.232000
v -2.620000 1.065000 -0.232000
v -2.740000 1.065000 -0.232000
v -2.980000 1.065000 -0.232000
v -3.100000 1.065000 -0.232000
v -3.220000 1.065000 -0.232000
v -3.340000 1.065000 -0.232000
v -3.460000 1.065000 -0.232000
v -3.580000 1.065000 -0.232000
v -3.633505 1.046250 -0.232000
v -3.632500 1.050000 -0.232000
v -3.633505 1.053750 -0.232000
v -3.646495 1.046250 -0.232000
v -3.647500 1.050000 -0.232000
v -3.646495 1.053750 -0.232000
v -3.636250 1.056495 -0.232000
v -3.640000 1.057500 -0.232000
v -3.643750 1.056495 -0.232000
v -3.643750 1.043505 -0.232000
v -3.640000 1.042500 -0.232000
v -3.636250 1.043505 -0.232000
v -3.526495 1.053750 -0.232000
v -3.527500 1.050000 -0.232000
v -3.513505 1.046250 -0.232000
v -3.512500 1.050000 -0.232000
v -3.513505 1.053750 -0.232000
v -3.526495 1.046250 -0.232000
v -3.516250 1.056495 -0.232000
v -3.520000 1.057500 -0.232000
v -3.523750 1.056495 -0.232000
v -3.523750 1.043505 -0.232000
v -3.520000 1.042500 -0.232000
v -3.516250 1.043505 -0.232000
v -3.406495 1.053750 -0.232000
v -3.407500 1.050000 -0.232000
v -3.393505 1.046250 -0.232000
v -3.392500 1.050000 -0.232000
v -3.393505 1.053750 -0.232000
v -3.406495 1.046250 -0.232000
v -3.396250 1.056495 -0.232000
v -3.400000 1.057500 -0.232000
v -3.403750 1.056495 -0.232000
v -3.403750 1.043505 -0.232000
v -3.400000 1.042500 -0.232000
v -3.396250 1.043505 -0.232000
v -3.273505 1.046250 -0.232000
v -3.272500 1.050000 -0.232000
v -3.273505 1.053750 -0.232000
v -3.286495 1.053750 -0.232000
v -3.287500 1.050000 -0.232000
v -3.286495 1.046250 -0.232000
v -3.276250 1.056495 -0.232000
v -3.280000 1.057500 -0.232000
v -3.283750 1.056495 -0.232000
v -3.283750 1.043505 -0.232000
v -3.280000 1.042500 -0.232000
v -3.276250 1.043505 -0.232000
v -3.153505 1.046250 -0.232000
v -3.152500 1.050000 -0.232000
v -3.153505 1.053750 -0.232000
v -3.166495 1.053750 -0.232000
v -3.167500 1.050000 -0.232000
v -3.166495 1.046250 -0.232000
v -3.156250 1.056495 -0.232000
v -3.160000 1.057500 -0.232000
v -3.163750 1.056495 -0.232000
v -3.163750 1.043505 -0.232000
v -3.160000 1.042500 -0.232000
v -3.156250 1.043505 -0.232000
v -3.033505 1.046250 -0.232000
v -3.032500 1.050000 -0.232000
v -3.033505 1.053750 -0.232000
v -3.046495 1.053750 -0.232000
v -3.047500 1.050000 -0.232000
v -3.046495 1.046250 -0.232000
v -3.036250 1.056495 -0.232000
v -3.040000 1.057500 -0.232000
v -3.043750 1.056495 -0.232000
v -3.043750 1.043505 -0.232000
v -3.040000 1.042500 -0.232000
v -3.036250 1.043505 -0.232000
v -2.926495 1.053750 -0.232000
v -2.927500 1.050000 -0.232000
v -2.793505 1.046250 -0.232000
v -2.792500 1.050000 -0.232000
v -2.793505 1.053750 -0.232000
v -2.926495 1.046250 -0.232000
v -2.913505 1.053750 -0.232000
v -2.916250 1.056495 -0.232000
v -2.920000 1.057500 -0.232000
v -2.923750 1.056495 -0.232000
v -2.796250 1.056495 -0.232000
v -2.800000 1.057500 -0.232000
v -2.923750 1.043505 -0.232000
v -2.920000 1.042500 -0.232000
v -2.916250 1.043505 -0.232000
v -2.913505 1.046250 -0.232000
v -2.803750 1.056495 -0.232000
v -2.806495 1.053750 -0.232000
v -2.912500 1.050000 -0.232000
v -2.807500 1.050000 -0.232000
v -2.806495 1.046250 -0.232000
v -2.803750 1.043505 -0.232000
v -2.800000 1.042500 -0.232000
v -2.796250 1.043505 -0.232000
v -2.686495 1.053750 -0.232000
v -2.687500 1.050000 -0.232000
v -2.686495 1.046250 -0.232000
v -2.673505 1.053750 -0.232000
v -2.676250 1.056495 -0.232000
v -2.680000 1.057500 -0.232000
v -2.683750 1.056495 -0.232000
v -2.683750 1.043505 -0.232000
v -2.680000 1.042500 -0.232000
v -2.676250 1.043505 -0.232000
v -2.673505 1.046250 -0.232000
v -2.672500 1.050000 -0.232000
v -2.563750 1.043505 -0.232000
v -2.560000 1.042500 -0.232000
v -2.563750 1.056495 -0.232000
v -2.560000 1.057500 -0.232000
v -2.556250 1.056495 -0.232000
v -2.553505 1.053750 -0.232000
v -2.566495 1.053750 -0.232000
v -2.567500 1.050000 -0.232000
v -2.566495 1.046250 -0.232000
v -2.556250 1.043505 -0.232000
v -2.553505 1.046250 -0.232000
v -2.552500 1.050000 -0.232000
v -2.433505 1.046250 -0.232000
v -2.432500 1.050000 -0.232000
v -2.433505 1.053750 -0.232000
v -2.436250 1.043505 -0.232000
v -2.440000 1.042500 -0.232000
v -2.443750 1.043505 -0.232000
v -2.443750 1.056495 -0.232000
v -2.440000 1.057500 -0.232000
v -2.436250 1.056495 -0.232000
v -2.446495 1.053750 -0.232000
v -2.447500 1.050000 -0.232000
v -2.446495 1.046250 -0.232000
v -2.443750 1.043505 -0.217000
v -2.440000 1.042500 -0.217000
v -2.436250 1.043505 -0.217000
v -2.446495 1.046250 -0.217000
v -2.447500 1.050000 -0.217000
v -2.446495 1.053750 -0.217000
v -2.443750 1.056495 -0.217000
v -2.440000 1.057500 -0.217000
v -2.436250 1.056495 -0.217000
v -2.433505 1.053750 -0.217000
v -2.432500 1.050000 -0.217000
v -2.433505 1.046250 -0.217000
v -3.646495 1.053750 -0.217000
v -3.647500 1.050000 -0.217000
v -3.646495 1.046250 -0.217000
v -3.636250 1.056495 -0.217000
v -3.640000 1.057500 -0.217000
v -3.643750 1.056495 -0.217000
v -3.633505 1.046250 -0.217000
v -3.632500 1.050000 -0.217000
v -3.633505 1.053750 -0.217000
v -3.636250 1.043505 -0.217000
v -3.640000 1.042500 -0.217000
v -3.643750 1.043505 -0.217000
v -3.526495 1.053750 -0.217000
v -3.527500 1.050000 -0.217000
v -3.526495 1.046250 -0.217000
v -3.516250 1.056495 -0.217000
v -3.520000 1.057500 -0.217000
v -3.523750 1.056495 -0.217000
v -3.513505 1.046250 -0.217000
v -3.512500 1.050000 -0.217000
v -3.513505 1.053750 -0.217000
v -3.516250 1.043505 -0.217000
v -3.520000 1.042500 -0.217000
v -3.523750 1.043505 -0.217000
v -3.406495 1.053750 -0.217000
v -3.407500 1.050000 -0.217000
v -3.406495 1.046250 -0.217000
v -3.403750 1.043505 -0.217000
v -3.396250 1.056495 -0.217000
v -3.400000 1.057500 -0.217000
v -3.403750 1.056495 -0.217000
v -3.393505 1.053750 -0.217000
v -3.392500 1.050000 -0.217000
v -3.393505 1.046250 -0.217000
v -3.396250 1.043505 -0.217000
v -3.400000 1.042500 -0.217000
v -3.286495 1.053750 -0.217000
v -3.287500 1.050000 -0.217000
v -3.286495 1.046250 -0.217000
v -3.283750 1.043505 -0.217000
v -3.272500 1.050000 -0.217000
v -3.273505 1.053750 -0.217000
v -3.273505 1.046250 -0.217000
v -3.276250 1.043505 -0.217000
v -3.280000 1.042500 -0.217000
v -3.283750 1.056495 -0.217000
v -3.280000 1.057500 -0.217000
v -3.276250 1.056495 -0.217000
v -3.166495 1.053750 -0.217000
v -3.167500 1.050000 -0.217000
v -3.166495 1.046250 -0.217000
v -3.163750 1.043505 -0.217000
v -3.152500 1.050000 -0.217000
v -3.153505 1.053750 -0.217000
v -3.153505 1.046250 -0.217000
v -3.156250 1.043505 -0.217000
v -3.160000 1.042500 -0.217000
v -3.163750 1.056495 -0.217000
v -3.160000 1.057500 -0.217000
v -3.156250 1.056495 -0.217000
v -3.046495 1.053750 -0.217000
v -3.047500 1.050000 -0.217000
v -3.046495 1.046250 -0.217000
v -3.043750 1.043505 -0.217000
v -3.032500 1.050000 -0.217000
v -3.033505 1.053750 -0.217000
v -3.033505 1.046250 -0.217000
v -3.036250 1.043505 -0.217000
v -3.040000 1.042500 -0.217000
v -3.043750 1.056495 -0.217000
v -3.040000 1.057500 -0.217000
v -3.036250 1.056495 -0.217000
v -2.926495 1.053750 -0.217000
v -2.927500 1.050000 -0.217000
v -2.926495 1.046250 -0.217000
v -2.923750 1.043505 -0.217000
v -2.912500 1.050000 -0.217000
v -2.913505 1.053750 -0.217000
v -2.913505 1.046250 -0.217000
v -2.916250 1.043505 -0.217000
v -2.920000 1.042500 -0.217000
v -2.923750 1.056495 -0.217000
v -2.920000 1.057500 -0.217000
v -2.916250 1.056495 -0.217000
v -2.806495 1.046250 -0.217000
v -2.807500 1.050000 -0.217000
v -2.796250 1.056495 -0.217000
v -2.793505 1.053750 -0.217000
v -2.792500 1.050000 -0.217000
v -2.793505 1.046250 -0.217000
v -2.806495 1.053750 -0.217000
v -2.803750 1.056495 -0.217000
v -2.800000 1.057500 -0.217000
v -2.796250 1.043505 -0.217000
v -2.800000 1.042500 -0.217000
v -2.803750 1.043505 -0.217000
v -2.686495 1.046250 -0.217000
v -2.687500 1.050000 -0.217000
v -2.676250 1.056495 -0.217000
v -2.673505 1.053750 -0.217000
v -2.672500 1.050000 -0.217000
v -2.673505 1.046250 -0.217000
v -2.686495 1.053750 -0.217000
v -2.683750 1.056495 -0.217000
v -2.680000 1.057500 -0.217000
v -2.676250 1.043505 -0.217000
v -2.680000 1.042500 -0.217000
v -2.683750 1.043505 -0.217000
v -2.566495 1.046250 -0.217000
v -2.567500 1.050000 -0.217000
v -2.556250 1.056495 -0.217000
v -2.553505 1.053750 -0.217000
v -2.552500 1.050000 -0.217000
v -2.553505 1.046250 -0.217000
v -2.556250 1.043505 -0.217000
v -2.560000 1.042500 -0.217000
v -2.563750 1.043505 -0.217000
v -2.566495 1.053750 -0.217000
v -2.563750 1.056495 -0.217000
v -2.560000 1.057500 -0.217000
v -0.510905 -0.705650 -0.092000
v -0.100000 -0.979587 -0.092000
v -0.100000 -0.975907 -0.091391
v -2.594238 0.690037 -0.089657
v -3.000000 0.960545 -0.089657
v -3.000000 0.957426 -0.091391
v -3.000000 0.962073 -0.088000
v -2.592938 0.691987 -0.084000
v -3.096000 1.027362 -0.084000
v -3.096000 1.026630 -0.087061
v -0.506805 -0.699500 -0.087061
v -0.004000 -1.034704 -0.087062
v -0.004000 -1.033972 -0.084000
v -3.096000 1.026073 -0.088000
v -2.593276 0.691480 -0.087061
v -2.071658 0.343735 -0.087061
v -2.071320 0.344242 -0.084000
v -1.550040 -0.004010 -0.087061
v -1.549703 -0.003503 -0.084000
v -1.028423 -0.351755 -0.087061
v -1.028085 -0.351248 -0.084000
v -0.506468 -0.698993 -0.084000
v -2.072620 0.342292 -0.089657
v -1.551003 -0.005453 -0.089657
v -1.029385 -0.353198 -0.089657
v -0.507767 -0.700943 -0.089657
v -0.004000 -1.035260 -0.088000
v -0.100000 -0.971260 -0.088000
v -0.100000 -0.972788 -0.089657
v -0.509207 -0.703103 -0.091391
v -1.030825 -0.355357 -0.091391
v -1.552442 -0.007612 -0.091391
v -2.074060 0.340133 -0.091391
v -2.595677 0.687878 -0.091391
v -3.000000 0.953747 -0.092000
v -2.597376 0.685331 -0.092000
v -2.075758 0.337585 -0.092000
v -1.554140 -0.010160 -0.092000
v -1.032523 -0.357905 -0.092000
v -3.000000 0.906574 -0.092000
v -0.100000 -1.026759 -0.092000
v -3.000000 0.906574 -0.100000
v -0.100000 -1.026759 -0.100000
v -3.000000 1.026759 -0.100000
v -0.100000 -0.906574 -0.100000
v -3.000000 1.026759 -0.092000
v -0.100000 -0.906574 -0.092000
v -0.502624 -0.685331 -0.092000
v -0.100000 -0.953747 -0.092000
v -3.000000 0.979587 -0.092000
v -2.589095 0.705650 -0.092000
v -2.067477 0.357905 -0.092000
v -1.545860 0.010160 -0.092000
v -1.024242 -0.337585 -0.092000
v -0.507062 -0.691987 -0.084000
v -0.004000 -1.027362 -0.084000
v -0.004000 -1.026630 -0.087062
v -2.593195 0.699500 -0.087061
v -3.096000 1.034704 -0.087061
v -3.096000 1.033972 -0.084000
v -3.096000 1.035260 -0.088000
v -3.000000 0.971260 -0.088000
v -3.000000 0.972788 -0.089657
v -3.000000 0.975907 -0.091391
v -0.505762 -0.690037 -0.089657
v -0.100000 -0.960545 -0.089657
v -0.100000 -0.957426 -0.091391
v -0.504323 -0.687878 -0.091391
v -1.025940 -0.340133 -0.091391
v -1.547558 0.007612 -0.091391
v -2.069175 0.355357 -0.091391
v -2.590793 0.703103 -0.091391
v -2.592233 0.700943 -0.089657
v -2.070615 0.353198 -0.089657
v -1.548998 0.005453 -0.089657
v -1.027380 -0.342292 -0.089657
v -2.071577 0.351755 -0.087061
v -1.549959 0.004010 -0.087061
v -1.028342 -0.343735 -0.087061
v -0.506724 -0.691480 -0.087061
v -0.100000 -0.962073 -0.088000
v -2.593533 0.698993 -0.084000
v -2.071915 0.351248 -0.084000
v -1.550297 0.003503 -0.084000
v -1.028680 -0.344242 -0.084000
v -0.004000 -1.026073 -0.088000
v -0.004000 -1.033972 0.084000
v -0.004000 -1.027362 0.084000
v -0.004000 -1.034047 0.085000
v -0.004000 -1.027286 0.085000
v -3.096000 1.033972 0.084000
v -3.096000 1.027362 0.084000
v -3.096000 1.034047 0.085000
v -3.096000 1.027286 0.085000
v -2.905071 0.900000 0.085000
v -2.593029 0.692048 0.084000
v -2.906055 0.900000 0.087062
v -2.594329 0.690098 0.089657
v -2.909182 0.900000 0.089657
v -2.597467 0.685391 0.092000
v -2.919380 0.900000 0.092000
v -2.914137 0.900000 0.091453
v -0.507274 -0.699188 0.087061
v -0.206055 -0.900000 0.087061
v -0.209182 -0.900000 0.089657
v -0.205071 -0.900000 0.085000
v -0.506936 -0.698681 0.084000
v -0.219380 -0.900000 0.092000
v -0.511374 -0.705337 0.092000
v -0.509676 -0.702790 0.091391
v -1.032897 -0.357655 0.092000
v -1.031199 -0.355108 0.091391
v -1.554420 -0.009973 0.092000
v -1.552722 -0.007426 0.091391
v -2.075943 0.337709 0.092000
v -2.074245 0.340256 0.091391
v -2.595768 0.687938 0.091391
v -2.072806 0.342416 0.089657
v -1.551282 -0.005266 0.089657
v -1.029759 -0.352948 0.089657
v -0.508236 -0.700631 0.089657
v -0.214137 -0.900000 0.091453
v -2.593367 0.691541 0.087061
v -2.071844 0.343859 0.087061
v -1.550320 -0.003823 0.087061
v -1.028797 -0.351506 0.087061
v -2.071506 0.344365 0.084000
v -1.549983 -0.003317 0.084000
v -1.028459 -0.350999 0.084000
v -0.502533 -0.685391 0.092000
v -0.180620 -0.900000 0.092000
v -0.185863 -0.900000 0.091453
v -2.590324 0.702790 0.091391
v -2.885863 0.900000 0.091453
v -2.880620 0.900000 0.092000
v -2.592726 0.699188 0.087061
v -2.893945 0.900000 0.087062
v -2.890818 0.900000 0.089657
v -2.894929 0.900000 0.085000
v -2.593064 0.698681 0.084000
v -2.071203 0.351506 0.087061
v -2.071541 0.350999 0.084000
v -1.549680 0.003823 0.087061
v -1.550017 0.003317 0.084000
v -1.028156 -0.343859 0.087061
v -1.028494 -0.344365 0.084000
v -0.506633 -0.691541 0.087061
v -0.506971 -0.692048 0.084000
v -0.194929 -0.900000 0.085000
v -0.193944 -0.900000 0.087061
v -0.505671 -0.690098 0.089657
v -1.027194 -0.342416 0.089657
v -1.548718 0.005266 0.089657
v -2.070241 0.352948 0.089657
v -2.591764 0.700631 0.089657
v -2.068801 0.355108 0.091391
v -1.547278 0.007426 0.091391
v -1.025755 -0.340256 0.091391
v -0.504232 -0.687938 0.091391
v -0.190818 -0.900000 0.089657
v -2.588626 0.705337 0.092000
v -2.067103 0.357655 0.092000
v -1.545580 0.009973 0.092000
v -1.024057 -0.337709 0.092000
v -2.809861 0.900000 0.092000
v -2.809861 0.900000 0.100000
v -0.109861 -0.900000 0.092000
v -0.109861 -0.900000 0.100000
v -2.990139 0.900000 0.100000
v -0.290139 -0.900000 0.100000
v -2.990139 0.900000 0.092000
v -0.290139 -0.900000 0.092000
v 3.105000 0.900000 -0.100000
v 3.105000 1.045000 -0.100000
v 3.200000 1.045000 -0.100000
v 3.000000 -1.045000 -0.100000
v 3.000000 1.045000 -0.100000
v 3.095000 0.900000 -0.100000
v 3.095000 1.045000 -0.100000
v 3.200000 -1.045000 -0.100000
v 3.105000 -1.045000 -0.100000
v 3.105000 -0.900000 -0.100000
v 3.095000 -1.045000 -0.100000
v 3.095000 -0.900000 -0.100000
v 3.095000 1.045000 -0.172000
v 3.096000 1.045000 -0.075000
v 3.096000 1.045000 0.072000
v 3.000000 1.045000 -0.088000
v 2.141111 1.045000 0.072000
v 2.141111 1.045000 -0.172000
v 3.092192 1.045000 -0.084192
v 3.095011 1.045000 -0.079975
v 3.087975 1.045000 -0.087010
v 3.083000 1.045000 -0.088000
v 3.105000 1.045000 -0.172000
v 3.840000 1.045000 -0.172000
v 3.200000 1.045000 -0.088000
v 3.105742 1.045000 -0.081500
v 3.110500 1.045000 -0.086258
v 3.104000 1.045000 -0.075000
v 3.117000 1.045000 -0.088000
v 3.104000 1.045000 0.072000
v 3.840000 1.045000 0.072000
v 3.095000 1.044010 -0.176975
v 2.141111 1.044010 -0.176975
v 3.095000 1.041192 -0.181192
v 2.141111 1.041192 -0.181192
v 3.095000 1.036975 -0.184010
v 2.141111 1.036975 -0.184010
v 3.095000 1.032000 -0.185000
v 2.141111 1.032000 -0.185000
v 3.840000 1.044010 -0.176975
v 3.105000 1.044010 -0.176975
v 3.840000 1.041192 -0.181192
v 3.105000 1.041192 -0.181192
v 3.840000 1.036975 -0.184010
v 3.105000 1.036975 -0.184010
v 3.840000 1.032000 -0.185000
v 3.105000 1.032000 -0.185000
v 2.141111 0.900000 -0.185000
v 3.095000 0.900000 -0.185000
v 3.840000 0.900000 -0.185000
v 3.105000 0.900000 -0.185000
v 3.083000 -1.045000 -0.088000
v 3.000000 -1.045000 -0.088000
v 3.096000 -1.045000 -0.075000
v 3.096000 -1.045000 0.072000
v 3.095000 -1.045000 -0.172000
v 2.141111 -1.045000 -0.172000
v 2.141111 -1.045000 0.072000
v 3.095011 -1.045000 -0.079975
v 3.092192 -1.045000 -0.084192
v 3.087975 -1.045000 -0.087010
v 3.105000 -1.045000 -0.172000
v 3.117000 -1.045000 -0.088000
v 3.110500 -1.045000 -0.086258
v 3.105742 -1.045000 -0.081500
v 3.104000 -1.045000 -0.075000
v 3.104000 -1.045000 0.072000
v 3.200000 -1.045000 -0.088000
v 3.840000 -1.045000 0.072000
v 3.840000 -1.045000 -0.172000
v 2.141111 -0.900000 -0.185000
v 2.141111 -1.032000 -0.185000
v 3.095000 -0.900000 -0.185000
v 3.095000 -1.032000 -0.185000
v 3.840000 -1.032000 -0.185000
v 3.840000 -0.900000 -0.185000
v 3.105000 -1.032000 -0.185000
v 3.105000 -0.900000 -0.185000
v 3.095000 -1.036975 -0.184010
v 2.141111 -1.036975 -0.184010
v 3.095000 -1.041192 -0.181192
v 2.141111 -1.041192 -0.181192
v 3.095000 -1.044010 -0.176975
v 2.141111 -1.044010 -0.176975
v 3.840000 -1.036975 -0.184010
v 3.105000 -1.036975 -0.184010
v 3.840000 -1.041192 -0.181192
v 3.105000 -1.041192 -0.181192
v 3.840000 -1.044010 -0.176975
v 3.105000 -1.044010 -0.176975
v 0.005000 0.900000 -0.100000
v 0.005000 1.045000 -0.100000
v 0.100000 1.045000 -0.100000
v -0.100000 -1.045000 -0.100000
v -0.100000 1.045000 -0.100000
v -0.005000 0.900000 -0.100000
v -0.005000 1.045000 -0.100000
v 0.100000 -1.045000 -0.100000
v 0.005000 -1.045000 -0.100000
v 0.005000 -0.900000 -0.100000
v -0.005000 -1.045000 -0.100000
v -0.005000 -0.900000 -0.100000
v -0.004000 1.045000 -0.075000
v -0.004000 1.045000 0.072000
v -0.422222 1.045000 0.072000
v -0.422222 1.045000 -0.172000
v -0.005000 1.045000 -0.172000
v -0.100000 1.045000 -0.088000
v -0.007808 1.045000 -0.084192
v -0.004990 1.045000 -0.079975
v -0.012025 1.045000 -0.087010
v -0.017000 1.045000 -0.088000
v 0.005000 1.045000 -0.172000
v 0.422222 1.045000 -0.172000
v 0.100000 1.045000 -0.088000
v 0.422222 1.045000 0.072000
v 0.004000 1.045000 -0.075000
v 0.004990 1.045000 -0.079975
v 0.007808 1.045000 -0.084192
v 0.004000 1.045000 0.072000
v 0.017000 1.045000 -0.088000
v 0.012025 1.045000 -0.087010
v -0.005000 1.044010 -0.176975
v -0.422222 1.044010 -0.176975
v -0.005000 1.041192 -0.181192
v -0.422222 1.041192 -0.181192
v -0.005000 1.036975 -0.184010
v -0.422222 1.036975 -0.184010
v -0.005000 1.032000 -0.185000
v -0.422222 1.032000 -0.185000
v 0.422222 1.044010 -0.176975
v 0.005000 1.044010 -0.176975
v 0.422222 1.041192 -0.181192
v 0.005000 1.041192 -0.181192
v 0.422222 1.036975 -0.184010
v 0.005000 1.036975 -0.184010
v 0.422222 1.032000 -0.185000
v 0.005000 1.032000 -0.185000
v -0.422222 0.900000 -0.185000
v -0.005000 0.900000 -0.185000
v 0.422222 0.900000 -0.185000
v 0.005000 0.900000 -0.185000
v -0.017000 -1.045000 -0.088000
v -0.100000 -1.045000 -0.088000
v -0.004000 -1.045000 -0.075000
v -0.004000 -1.045000 0.072000
v -0.005000 -1.045000 -0.172000
v -0.422222 -1.045000 -0.172000
v -0.422222 -1.045000 0.072000
v -0.004990 -1.045000 -0.079975
v -0.007808 -1.045000 -0.084192
v -0.012025 -1.045000 -0.087010
v 0.004000 -1.045000 -0.075000
v 0.004000 -1.045000 0.072000
v 0.422222 -1.045000 0.072000
v 0.005000 -1.045000 -0.172000
v 0.017000 -1.045000 -0.088000
v 0.100000 -1.045000 -0.088000
v 0.422222 -1.045000 -0.172000
v 0.012025 -1.045000 -0.087010
v 0.007808 -1.045000 -0.084192
v 0.004990 -1.045000 -0.079975
v -0.422222 -0.900000 -0.185000
v -0.422222 -1.032000 -0.185000
v -0.005000 -0.900000 -0.185000
v -0.005000 -1.032000 -0.185000
v 0.422222 -1.032000 -0.185000
v 0.422222 -0.900000 -0.185000
v 0.005000 -1.032000 -0.185000
v 0.005000 -0.900000 -0.185000
v -0.005000 -1.036975 -0.184010
v -0.422222 -1.036975 -0.184010
v -0.005000 -1.041192 -0.181192
v -0.422222 -1.041192 -0.181192
v -0.005000 -1.044010 -0.176975
v -0.422222 -1.044010 -0.176975
v 0.422222 -1.036975 -0.184010
v 0.005000 -1.036975 -0.184010
v 0.422222 -1.041192 -0.181192
v 0.005000 -1.041192 -0.181192
v 0.422222 -1.044010 -0.176975
v 0.005000 -1.044010 -0.176975
v -3.095000 0.900000 -0.100000
v -3.095000 1.045000 -0.100000
v -3.000000 1.045000 -0.100000
v -3.200000 -1.045000 -0.100000
v -3.200000 1.045000 -0.100000
v -3.105000 0.900000 -0.100000
v -3.105000 1.045000 -0.100000
v -3.000000 -1.045000 -0.100000
v -3.095000 -1.045000 -0.100000
v -3.095000 -0.900000 -0.100000
v -3.105000 -1.045000 -0.100000
v -3.105000 -0.900000 -0.100000
v -3.104000 1.045000 -0.075000
v -3.104000 1.045000 0.072000
v -3.840000 1.045000 0.072000
v -3.105000 1.045000 -0.172000
v -3.117000 1.045000 -0.088000
v -3.200000 1.045000 -0.088000
v -3.840000 1.045000 -0.172000
v -3.112025 1.045000 -0.087010
v -3.107808 1.045000 -0.084192
v -3.104990 1.045000 -0.079975
v -3.095000 1.045000 -0.172000
v -2.141111 1.045000 -0.172000
v -3.000000 1.045000 -0.088000
v -2.141111 1.045000 0.072000
v -3.096000 1.045000 -0.075000
v -3.094258 1.045000 -0.081500
v -3.089500 1.045000 -0.086258
v -3.096000 1.045000 0.072000
v -3.083000 1.045000 -0.088000
v -3.105000 1.044010 -0.176975
v -3.840000 1.044010 -0.176975
v -3.105000 1.041192 -0.181192
v -3.840000 1.041192 -0.181192
v -3.105000 1.036975 -0.184010
v -3.840000 1.036975 -0.184010
v -3.105000 1.032000 -0.185000
v -3.840000 1.032000 -0.185000
v -2.141111 1.044010 -0.176975
v -3.095000 1.044010 -0.176975
v -2.141111 1.041192 -0.181192
v -3.095000 1.041192 -0.181192
v -2.141111 1.036975 -0.184010
v -3.095000 1.036975 -0.184010
v -2.141111 1.032000 -0.185000
v -3.095000 1.032000 -0.185000
v -3.840000 0.900000 -0.185000
v -3.105000 0.900000 -0.185000
v -2.141111 0.900000 -0.185000
v -3.095000 0.900000 -0.185000
v -3.840000 -1.045000 0.072000
v -3.104000 -1.045000 0.072000
v -3.104000 -1.045000 -0.075000
v -3.105000 -1.045000 -0.172000
v -3.840000 -1.045000 -0.172000
v -3.200000 -1.045000 -0.088000
v -3.104990 -1.045000 -0.079975
v -3.107808 -1.045000 -0.084192
v -3.117000 -1.045000 -0.088000
v -3.112025 -1.045000 -0.087010
v -3.095000 -1.045000 -0.172000
v -3.000000 -1.045000 -0.088000
v -2.141111 -1.045000 0.072000
v -2.141111 -1.045000 -0.172000
v -3.089500 -1.045000 -0.086258
v -3.094258 -1.045000 -0.081500
v -3.083000 -1.045000 -0.088000
v -3.096000 -1.045000 -0.075000
v -3.096000 -1.045000 0.072000
v -3.840000 -0.900000 -0.185000
v -3.840000 -1.032000 -0.185000
v -3.105000 -0.900000 -0.185000
v -3.105000 -1.032000 -0.185000
v -2.141111 -1.032000 -0.185000
v -2.141111 -0.900000 -0.185000
v -3.095000 -1.032000 -0.185000
v -3.095000 -0.900000 -0.185000
v -3.105000 -1.036975 -0.184010
v -3.840000 -1.036975 -0.184010
v -3.105000 -1.041192 -0.181192
v -3.840000 -1.041192 -0.181192
v -3.105000 -1.044010 -0.176975
v -3.840000 -1.044010 -0.176975
v -2.141111 -1.036975 -0.184010
v -3.095000 -1.036975 -0.184010
v -2.141111 -1.041192 -0.181192
v -3.095000 -1.041192 -0.181192
v -2.141111 -1.044010 -0.176975
v -3.095000 -1.044010 -0.176975
v 3.850000 1.090000 -0.200000
v 3.850000 0.900000 -0.200000
v 3.650000 1.090000 -0.200000
v -3.850000 0.900000 -0.200000
v -3.650000 1.090000 -0.200000
v -3.850000 1.090000 -0.200000
v -3.750000 1.100000 -0.200000
v -3.750000 1.180000 -0.200000
v -3.650000 1.100000 -0.200000
v -3.650000 1.180000 -0.200000
v 3.650000 1.100000 -0.200000
v 3.650000 1.180000 -0.200000
v 3.750000 1.100000 -0.200000
v 3.750000 1.180000 -0.200000
v -2.136111 1.200000 -0.200000
v -2.990556 1.200000 -0.200000
v -3.650000 1.190000 -0.200000
v -3.845000 1.200000 -0.200000
v -3.850000 1.190000 -0.200000
v -3.850000 1.200000 -0.200000
v -1.281667 1.200000 -0.200000
v -0.427222 1.200000 -0.200000
v 0.427222 1.200000 -0.200000
v 1.281667 1.200000 -0.200000
v 2.136111 1.200000 -0.200000
v 2.990556 1.200000 -0.200000
v 3.650000 1.190000 -0.200000
v 3.850000 1.200000 -0.200000
v 3.850000 1.190000 -0.200000
v 3.750000 1.180000 -0.300000
v 3.750000 1.190000 -0.300000
v 3.750000 1.190000 -1.400000
v 3.750000 1.090000 -1.400000
v 3.750000 1.090000 -0.300000
v 3.750000 1.100000 -0.300000
v 3.850000 -1.190000 -0.200000
v 3.850000 -1.200000 -0.200000
v 3.650000 -1.190000 -0.200000
v 2.990556 -1.200000 -0.200000
v 3.650000 -1.180000 -0.200000
v 3.650000 -1.100000 -0.200000
v 3.750000 -1.100000 -0.200000
v 3.750000 -1.180000 -0.200000
v -3.850000 -1.200000 -0.200000
v -3.850000 -1.190000 -0.200000
v -3.845000 -1.200000 -0.200000
v -3.650000 -1.190000 -0.200000
v -2.990556 -1.200000 -0.200000
v -3.650000 -1.180000 -0.200000
v -3.850000 -1.090000 -0.200000
v -3.850000 -0.900000 -0.200000
v -3.650000 -1.090000 -0.200000
v 3.850000 -0.900000 -0.200000
v 3.650000 -1.090000 -0.200000
v 3.850000 -1.090000 -0.200000
v 2.136111 -1.200000 -0.200000
v 1.281667 -1.200000 -0.200000
v 0.427222 -1.200000 -0.200000
v -0.427222 -1.200000 -0.200000
v -1.281667 -1.200000 -0.200000
v -2.136111 -1.200000 -0.200000
v -3.650000 -1.100000 -0.200000
v -3.750000 -1.100000 -0.200000
v -3.750000 -1.180000 -0.200000
v 3.750000 -1.100000 -0.300000
v 3.750000 -1.090000 -0.300000
v 3.750000 -1.090000 -1.400000
v 3.750000 -1.190000 -1.400000
v 3.750000 -1.190000 -0.300000
v 3.750000 -1.180000 -0.300000
v -3.750000 1.100000 -0.300000
v -3.750000 1.090000 -0.300000
v -3.750000 1.090000 -1.400000
v -3.750000 1.190000 -1.400000
v -3.750000 1.190000 -0.300000
v -3.750000 1.180000 -0.300000
v -3.750000 -1.180000 -0.300000
v -3.750000 -1.190000 -0.300000
v -3.750000 -1.190000 -1.400000
v -3.750000 -1.090000 -1.400000
v -3.750000 -1.090000 -0.300000
v -3.750000 -1.100000 -0.300000
v -3.104000 -0.605000 -0.075000
v -3.104990 -0.605000 -0.079975
v -3.107808 -0.605000 -0.084192
v -3.112025 -0.605000 -0.087010
v -3.117000 -0.605000 -0.088000
v -3.200000 -0.605000 -0.088000
v -3.083000 -0.605000 -0.088000
v -3.000000 -0.605000 -0.088000
v -3.089500 -0.605000 -0.086258
v -3.094258 -0.605000 -0.081500
v -3.096000 -0.605000 -0.075000
v -3.104000 -1.044649 0.075000
v -3.104000 -0.605000 0.075000
v -3.096000 -0.605000 0.075000
v -3.096000 -1.044649 0.075000
v -3.117000 -0.900000 0.088000
v -3.200000 -0.900000 0.088000
v -3.117000 -0.605000 0.088000
v -3.200000 -0.605000 0.088000
v -3.107808 -1.036511 0.084192
v -3.108693 -1.032000 0.085000
v -3.108693 -0.900000 0.085000
v -3.112025 -0.900000 0.087010
v -3.112025 -0.605000 0.087010
v -3.107808 -0.605000 0.084192
v -3.104990 -0.605000 0.079975
v -3.105570 -1.041192 0.081192
v -3.104151 -1.044010 0.076975
v -3.095849 -1.044010 0.076975
v -3.095011 -0.605000 0.079975
v -3.095011 -1.042266 0.079975
v -3.092192 -0.605000 0.084192
v -3.092371 -1.036975 0.084010
v -3.091307 -1.032000 0.085000
v -3.091307 -0.900000 0.085000
v -3.087975 -0.900000 0.087010
v -3.087975 -0.605000 0.087010
v -3.083000 -0.900000 0.088000
v -3.083000 -0.605000 0.088000
v -3.000000 -0.900000 0.088000
v -3.000000 -0.605000 0.088000
v -3.104000 0.005000 -0.075000
v -3.104000 0.595000 -0.075000
v -3.104990 0.005000 -0.079975
v -3.104990 0.595000 -0.079975
v -3.107808 0.005000 -0.084192
v -3.107808 0.595000 -0.084192
v -3.112025 0.005000 -0.087010
v -3.112025 0.595000 -0.087010
v -3.117000 0.005000 -0.088000
v -3.117000 0.595000 -0.088000
v -3.200000 0.005000 -0.088000
v -3.200000 0.595000 -0.088000
v -3.083000 0.005000 -0.088000
v -3.000000 0.005000 -0.088000
v -3.083000 0.595000 -0.088000
v -3.000000 0.595000 -0.088000
v -3.089500 0.005000 -0.086258
v -3.089500 0.595000 -0.086258
v -3.094258 0.005000 -0.081500
v -3.094258 0.595000 -0.081500
v -3.096000 0.005000 -0.075000
v -3.096000 0.595000 -0.075000
v -3.104000 0.005000 0.075000
v -3.104000 0.595000 0.075000
v -3.096000 0.005000 0.075000
v -3.096000 0.595000 0.075000
v -3.117000 0.005000 0.088000
v -3.200000 0.005000 0.088000
v -3.117000 0.595000 0.088000
v -3.200000 0.595000 0.088000
v -3.112025 0.005000 0.087010
v -3.112025 0.595000 0.087010
v -3.107808 0.005000 0.084192
v -3.107808 0.595000 0.084192
v -3.104990 0.005000 0.079975
v -3.104990 0.595000 0.079975
v -3.095011 0.005000 0.079975
v -3.095011 0.595000 0.079975
v -3.092192 0.005000 0.084192
v -3.092192 0.595000 0.084192
v -3.087975 0.005000 0.087010
v -3.087975 0.595000 0.087010
v -3.083000 0.005000 0.088000
v -3.083000 0.595000 0.088000
v -3.000000 0.005000 0.088000
v -3.000000 0.595000 0.088000
v -3.104000 -0.595000 -0.075000
v -3.104000 -0.005000 -0.075000
v -3.104990 -0.595000 -0.079975
v -3.104990 -0.005000 -0.079975
v -3.107808 -0.595000 -0.084192
v -3.107808 -0.005000 -0.084192
v -3.112025 -0.595000 -0.087010
v -3.112025 -0.005000 -0.087010
v -3.117000 -0.595000 -0.088000
v -3.117000 -0.005000 -0.088000
v -3.200000 -0.595000 -0.088000
v -3.200000 -0.005000 -0.088000
v -3.000000 -0.595000 -0.088000
v -3.000000 -0.005000 -0.088000
v -3.083000 -0.595000 -0.088000
v -3.083000 -0.005000 -0.088000
v -3.089500 -0.595000 -0.086258
v -3.089500 -0.005000 -0.086258
v -3.094258 -0.595000 -0.081500
v -3.094258 -0.005000 -0.081500
v -3.096000 -0.595000 -0.075000
v -3.096000 -0.005000 -0.075000
v -3.104000 -0.595000 0.075000
v -3.104000 -0.005000 0.075000
v -3.096000 -0.595000 0.075000
v -3.096000 -0.005000 0.075000
v -3.200000 -0.595000 0.088000
v -3.200000 -0.005000 0.088000
v -3.117000 -0.595000 0.088000
v -3.117000 -0.005000 0.088000
v -3.112025 -0.595000 0.087010
v -3.112025 -0.005000 0.087010
v -3.107808 -0.595000 0.084192
v -3.107808 -0.005000 0.084192
v -3.104990 -0.595000 0.079975
v -3.104990 -0.005000 0.079975
v -3.095011 -0.595000 0.079975
v -3.095011 -0.005000 0.079975
v -3.092192 -0.595000 0.084192
v -3.092192 -0.005000 0.084192
v -3.087975 -0.595000 0.087010
v -3.087975 -0.005000 0.087010
v -3.083000 -0.595000 0.088000
v -3.083000 -0.005000 0.088000
v -3.000000 -0.595000 0.088000
v -3.000000 -0.005000 0.088000
v 3.096000 -0.605000 -0.075000
v 3.095011 -0.605000 -0.079975
v 3.092192 -0.605000 -0.084192
v 3.087975 -0.605000 -0.087010
v 3.083000 -0.605000 -0.088000
v 3.000000 -0.605000 -0.088000
v 3.117000 -0.605000 -0.088000
v 3.200000 -0.605000 -0.088000
v 3.110500 -0.605000 -0.086258
v 3.105742 -0.605000 -0.081500
v 3.104000 -0.605000 -0.075000
v 3.096000 -1.044649 0.075000
v 3.096000 -0.605000 0.075000
v 3.104000 -0.605000 0.075000
v 3.104000 -1.044649 0.075000
v 3.083000 -0.900000 0.088000
v 3.000000 -0.900000 0.088000
v 3.083000 -0.605000 0.088000
v 3.000000 -0.605000 0.088000
v 3.092192 -1.036511 0.084192
v 3.091307 -1.032000 0.085000
v 3.091307 -0.900000 0.085000
v 3.087975 -0.900000 0.087010
v 3.087975 -0.605000 0.087010
v 3.092192 -0.605000 0.084192
v 3.095011 -0.605000 0.079975
v 3.094430 -1.041192 0.081192
v 3.095849 -1.044010 0.076975
v 3.104151 -1.044010 0.076975
v 3.104990 -0.605000 0.079975
v 3.104990 -1.042266 0.079975
v 3.107808 -0.605000 0.084192
v 3.107629 -1.036975 0.084010
v 3.108693 -1.032000 0.085000
v 3.108693 -0.900000 0.085000
v 3.112025 -0.900000 0.087010
v 3.112025 -0.605000 0.087010
v 3.117000 -0.900000 0.088000
v 3.117000 -0.605000 0.088000
v 3.200000 -0.900000 0.088000
v 3.200000 -0.605000 0.088000
v 3.096000 0.005000 -0.075000
v 3.096000 0.595000 -0.075000
v 3.095011 0.005000 -0.079975
v 3.095011 0.595000 -0.079975
v 3.092192 0.005000 -0.084192
v 3.092192 0.595000 -0.084192
v 3.087975 0.005000 -0.087010
v 3.087975 0.595000 -0.087010
v 3.083000 0.005000 -0.088000
v 3.083000 0.595000 -0.088000
v 3.000000 0.005000 -0.088000
v 3.000000 0.595000 -0.088000
v 3.117000 0.005000 -0.088000
v 3.200000 0.005000 -0.088000
v 3.117000 0.595000 -0.088000
v 3.200000 0.595000 -0.088000
v 3.110500 0.005000 -0.086258
v 3.110500 0.595000 -0.086258
v 3.105742 0.005000 -0.081500
v 3.105742 0.595000 -0.081500
v 3.104000 0.005000 -0.075000
v 3.104000 0.595000 -0.075000
v 3.096000 0.005000 0.075000
v 3.096000 0.595000 0.075000
v 3.104000 0.005000 0.075000
v 3.104000 0.595000 0.075000
v 3.083000 0.005000 0.088000
v 3.000000 0.005000 0.088000
v 3.083000 0.595000 0.088000
v 3.000000 0.595000 0.088000
v 3.087975 0.005000 0.087010
v 3.087975 0.595000 0.087010
v 3.092192 0.005000 0.084192
v 3.092192 0.595000 0.084192
v 3.095011 0.005000 0.079975
v 3.095011 0.595000 0.079975
v 3.104990 0.005000 0.079975
v 3.104990 0.595000 0.079975
v 3.107808 0.005000 0.084192
v 3.107808 0.595000 0.084192
v 3.112025 0.005000 0.087010
v 3.112025 0.595000 0.087010
v 3.117000 0.005000 0.088000
v 3.117000 0.595000 0.088000
v 3.200000 0.005000 0.088000
v 3.200000 0.595000 0.088000
v 3.096000 -0.595000 -0.075000
v 3.096000 -0.005000 -0.075000
v 3.095011 -0.595000 -0.079975
v 3.095011 -0.005000 -0.079975
v 3.092192 -0.595000 -0.084192
v 3.092192 -0.005000 -0.084192
v 3.087975 -0.595000 -0.087010
v 3.087975 -0.005000 -0.087010
v 3.083000 -0.595000 -0.088000
v 3.083000 -0.005000 -0.088000
v 3.000000 -0.595000 -0.088000
v 3.000000 -0.005000 -0.088000
v 3.200000 -0.595000 -0.088000
v 3.200000 -0.005000 -0.088000
v 3.117000 -0.595000 -0.088000
v 3.117000 -0.005000 -0.088000
v 3.110500 -0.595000 -0.086258
v 3.110500 -0.005000 -0.086258
v 3.105742 -0.595000 -0.081500
v 3.105742 -0.005000 -0.081500
v 3.104000 -0.595000 -0.075000
v 3.104000 -0.005000 -0.075000
v 3.096000 -0.595000 0.075000
v 3.096000 -0.005000 0.075000
v 3.104000 -0.595000 0.075000
v 3.104000 -0.005000 0.075000
v 3.000000 -0.595000 0.088000
v 3.000000 -0.005000 0.088000
v 3.083000 -0.595000 0.088000
v 3.083000 -0.005000 0.088000
v 3.087975 -0.595000 0.087010
v 3.087975 -0.005000 0.087010
v 3.092192 -0.595000 0.084192
v 3.092192 -0.005000 0.084192
v 3.095011 -0.595000 0.079975
v 3.095011 -0.005000 0.079975
v 3.104990 -0.595000 0.079975
v 3.104990 -0.005000 0.079975
v 3.107808 -0.595000 0.084192
v 3.107808 -0.005000 0.084192
v 3.112025 -0.595000 0.087010
v 3.112025 -0.005000 0.087010
v 3.117000 -0.595000 0.088000
v 3.117000 -0.005000 0.088000
v 3.200000 -0.595000 0.088000
v 3.200000 -0.005000 0.088000
v -0.017000 -0.900000 0.088000
v -0.100000 -0.900000 0.088000
v -0.017000 -0.605000 0.088000
v -0.100000 -0.605000 0.088000
v -0.007629 -1.036975 0.084010
v -0.008693 -1.032000 0.085000
v -0.008693 -0.900000 0.085000
v -0.012025 -0.900000 0.087010
v -0.012025 -0.605000 0.087010
v -0.007808 -0.605000 0.084192
v -0.004990 -0.605000 0.079975
v -0.004990 -1.042266 0.079975
v -0.004151 -1.044010 0.076975
v -0.004000 -0.605000 0.075000
v -0.004000 -1.044649 0.075000
v -0.004000 -0.605000 -0.075000
v -0.004990 -0.605000 -0.079975
v -0.007808 -0.605000 -0.084192
v -0.012025 -0.605000 -0.087010
v -0.017000 -0.605000 -0.088000
v -0.100000 -0.605000 -0.088000
v 0.017000 -0.605000 -0.088000
v 0.100000 -0.605000 -0.088000
v 0.012025 -0.605000 -0.087010
v 0.007808 -0.605000 -0.084192
v 0.004990 -0.605000 -0.079975
v 0.004000 -0.605000 -0.075000
v 0.004000 -0.605000 0.075000
v 0.004000 -1.044649 0.075000
v 0.004151 -1.044010 0.076975
v 0.005570 -1.041192 0.081192
v 0.004990 -0.605000 0.079975
v 0.007808 -0.605000 0.084192
v 0.007808 -1.036511 0.084192
v 0.008693 -1.032000 0.085000
v 0.008693 -0.900000 0.085000
v 0.012025 -0.900000 0.087010
v 0.012025 -0.605000 0.087010
v 0.017000 -0.900000 0.088000
v 0.017000 -0.605000 0.088000
v 0.100000 -0.900000 0.088000
v 0.100000 -0.605000 0.088000
v -0.017000 0.005000 0.088000
v -0.100000 0.005000 0.088000
v -0.017000 0.595000 0.088000
v -0.100000 0.595000 0.088000
v -0.012025 0.005000 0.087010
v -0.012025 0.595000 0.087010
v -0.007808 0.005000 0.084192
v -0.007808 0.595000 0.084192
v -0.004990 0.005000 0.079975
v -0.004990 0.595000 0.079975
v -0.004000 0.005000 0.075000
v -0.004000 0.595000 0.075000
v -0.004000 0.005000 -0.075000
v -0.004000 0.595000 -0.075000
v -0.004990 0.005000 -0.079975
v -0.004990 0.595000 -0.079975
v -0.007808 0.005000 -0.084192
v -0.007808 0.595000 -0.084192
v -0.012025 0.005000 -0.087010
v -0.012025 0.595000 -0.087010
v -0.017000 0.005000 -0.088000
v -0.017000 0.595000 -0.088000
v -0.100000 0.005000 -0.088000
v -0.100000 0.595000 -0.088000
v 0.017000 0.005000 -0.088000
v 0.100000 0.005000 -0.088000
v 0.017000 0.595000 -0.088000
v 0.100000 0.595000 -0.088000
v 0.012025 0.005000 -0.087010
v 0.012025 0.595000 -0.087010
v 0.007808 0.005000 -0.084192
v 0.007808 0.595000 -0.084192
v 0.004990 0.005000 -0.079975
v 0.004990 0.595000 -0.079975
v 0.004000 0.005000 -0.075000
v 0.004000 0.595000 -0.075000
v 0.004000 0.005000 0.075000
v 0.004000 0.595000 0.075000
v 0.004990 0.005000 0.079975
v 0.004990 0.595000 0.079975
v 0.007808 0.005000 0.084192
v 0.007808 0.595000 0.084192
v 0.012025 0.005000 0.087010
v 0.012025 0.595000 0.087010
v 0.017000 0.005000 0.088000
v 0.017000 0.595000 0.088000
v 0.100000 0.005000 0.088000
v 0.100000 0.595000 0.088000
v -0.100000 -0.595000 0.088000
v -0.100000 -0.005000 0.088000
v -0.017000 -0.595000 0.088000
v -0.017000 -0.005000 0.088000
v -0.012025 -0.595000 0.087010
v -0.012025 -0.005000 0.087010
v -0.007808 -0.595000 0.084192
v -0.007808 -0.005000 0.084192
v -0.004990 -0.595000 0.079975
v -0.004990 -0.005000 0.079975
v -0.004000 -0.595000 0.075000
v -0.004000 -0.005000 0.075000
v -0.004000 -0.595000 -0.075000
v -0.004000 -0.005000 -0.075000
v -0.004990 -0.595000 -0.079975
v -0.004990 -0.005000 -0.079975
v -0.007808 -0.595000 -0.084192
v -0.007808 -0.005000 -0.084192
v -0.012025 -0.595000 -0.087010
v -0.012025 -0.005000 -0.087010
v -0.017000 -0.595000 -0.088000
v -0.017000 -0.005000 -0.088000
v -0.100000 -0.595000 -0.088000
v -0.100000 -0.005000 -0.088000
v 0.100000 -0.595000 -0.088000
v 0.100000 -0.005000 -0.088000
v 0.017000 -0.595000 -0.088000
v 0.017000 -0.005000 -0.088000
v 0.012025 -0.595000 -0.087010
v 0.012025 -0.005000 -0.087010
v 0.007808 -0.595000 -0.084192
v 0.007808 -0.005000 -0.084192
v 0.004990 -0.595000 -0.079975
v 0.004990 -0.005000 -0.079975
v 0.004000 -0.595000 -0.075000
v 0.004000 -0.005000 -0.075000
v 0.004000 -0.595000 0.075000
v 0.004000 -0.005000 0.075000
v 0.004990 -0.595000 0.079975
v 0.004990 -0.005000 0.079975
v 0.007808 -0.595000 0.084192
v 0.007808 -0.005000 0.084192
v 0.012025 -0.595000 0.087010
v 0.012025 -0.005000 0.087010
v 0.017000 -0.595000 0.088000
v 0.017000 -0.005000 0.088000
v 0.100000 -0.595000 0.088000
v 0.100000 -0.005000 0.088000
v 3.840000 -1.200000 0.085000
v 2.995556 -1.200000 0.085000
v 3.840000 -1.068000 0.085000
v 2.995556 -1.068000 0.085000
v 3.840000 -1.063025 0.084010
v 2.995556 -1.063025 0.084010
v 3.840000 -1.058808 0.081192
v 2.995556 -1.058808 0.081192
v 3.840000 -1.055990 0.076975
v 2.995556 -1.055990 0.076975
v 3.840000 -1.055000 0.072000
v 2.995556 -1.055000 0.072000
v 3.840000 -1.055000 -0.172000
v 2.995556 -1.055000 -0.172000
v 3.840000 -1.055990 -0.176975
v 2.995556 -1.055990 -0.176975
v 3.840000 -1.058808 -0.181192
v 2.995556 -1.058808 -0.181192
v 3.840000 -1.063025 -0.184010
v 2.995556 -1.063025 -0.184010
v 3.840000 -1.068000 -0.185000
v 2.995556 -1.068000 -0.185000
v 3.840000 -1.200000 -0.185000
v 2.995556 -1.200000 -0.185000
v 3.840000 1.200000 -0.185000
v 2.995556 1.200000 -0.185000
v 3.840000 1.068000 -0.185000
v 2.995556 1.068000 -0.185000
v 3.840000 1.063025 -0.184010
v 2.995556 1.063025 -0.184010
v 3.840000 1.058808 -0.181192
v 2.995556 1.058808 -0.181192
v 3.840000 1.055990 -0.176975
v 2.995556 1.055990 -0.176975
v 3.840000 1.055000 -0.172000
v 2.995556 1.055000 -0.172000
v 3.840000 1.055000 0.072000
v 2.995556 1.055000 0.072000
v 3.840000 1.055990 0.076975
v 2.995556 1.055990 0.076975
v 3.840000 1.058808 0.081192
v 2.995556 1.058808 0.081192
v 3.840000 1.063025 0.084010
v 2.995556 1.063025 0.084010
v 3.840000 1.068000 0.085000
v 2.995556 1.068000 0.085000
v 3.840000 1.200000 0.085000
v 2.995556 1.200000 0.085000
v 2.985556 -1.200000 0.085000
v 2.141111 -1.200000 0.085000
v 2.985556 -1.068000 0.085000
v 2.141111 -1.068000 0.085000
v 2.985556 -1.063025 0.084010
v 2.141111 -1.063025 0.084010
v 2.985556 -1.058808 0.081192
v 2.141111 -1.058808 0.081192
v 2.985556 -1.055990 0.076975
v 2.141111 -1.055990 0.076975
v 2.985556 -1.055000 0.072000
v 2.141111 -1.055000 0.072000
v 2.985556 -1.055000 -0.172000
v 2.141111 -1.055000 -0.172000
v 2.985556 -1.055990 -0.176975
v 2.141111 -1.055990 -0.176975
v 2.985556 -1.058808 -0.181192
v 2.141111 -1.058808 -0.181192
v 2.985556 -1.063025 -0.184010
v 2.141111 -1.063025 -0.184010
v 2.985556 -1.068000 -0.185000
v 2.141111 -1.068000 -0.185000
v 2.985556 -1.200000 -0.185000
v 2.141111 -1.200000 -0.185000
v 2.141111 -1.044010 0.076975
v 2.141111 -1.041192 0.081192
v 2.141111 -1.036975 0.084010
v 2.141111 -1.032000 0.085000
v 2.141111 -0.900000 0.085000
v 2.985556 1.200000 -0.185000
v 2.141111 1.200000 -0.185000
v 2.985556 1.068000 -0.185000
v 2.141111 1.068000 -0.185000
v 2.985556 1.063025 -0.184010
v 2.141111 1.063025 -0.184010
v 2.985556 1.058808 -0.181192
v 2.141111 1.058808 -0.181192
v 2.985556 1.055990 -0.176975
v 2.141111 1.055990 -0.176975
v 2.985556 1.055000 -0.172000
v 2.141111 1.055000 -0.172000
v 2.985556 1.055000 0.072000
v 2.141111 1.055000 0.072000
v 2.985556 1.055990 0.076975
v 2.141111 1.055990 0.076975
v 2.985556 1.058808 0.081192
v 2.141111 1.058808 0.081192
v 2.985556 1.063025 0.084010
v 2.141111 1.063025 0.084010
v 2.985556 1.068000 0.085000
v 2.141111 1.068000 0.085000
v 2.985556 1.200000 0.085000
v 2.141111 1.200000 0.085000
v 3.091307 1.032000 0.085000
v 3.091307 0.900000 0.085000
v 2.141111 1.032000 0.085000
v 2.141111 0.900000 0.085000
v 2.141111 1.036975 0.084010
v 3.092371 1.036975 0.084010
v 2.141111 1.041192 0.081192
v 3.095011 1.042266 0.079975
v 2.141111 1.044010 0.076975
v 3.095849 1.044010 0.076975
v 3.096000 1.044649 0.075000
v 2.131111 -1.045000 -0.172000
v 1.286667 -1.045000 -0.172000
v 2.131111 -1.045000 0.072000
v 1.286667 -1.045000 0.072000
v 2.131111 -1.200000 0.085000
v 1.286667 -1.200000 0.085000
v 2.131111 -1.068000 0.085000
v 1.286667 -1.068000 0.085000
v 2.131111 -1.063025 0.084010
v 1.286667 -1.063025 0.084010
v 2.131111 -1.058808 0.081192
v 1.286667 -1.058808 0.081192
v 2.131111 -1.055990 0.076975
v 1.286667 -1.055990 0.076975
v 2.131111 -1.055000 0.072000
v 1.286667 -1.055000 0.072000
v 2.131111 -1.055000 -0.172000
v 1.286667 -1.055000 -0.172000
v 2.131111 -1.055990 -0.176975
v 1.286667 -1.055990 -0.176975
v 2.131111 -1.058808 -0.181192
v 1.286667 -1.058808 -0.181192
v 2.131111 -1.063025 -0.184010
v 1.286667 -1.063025 -0.184010
v 2.131111 -1.068000 -0.185000
v 1.286667 -1.068000 -0.185000
v 2.131111 -1.200000 -0.185000
v 1.286667 -1.200000 -0.185000
v 2.131111 -0.900000 -0.185000
v 1.286667 -0.900000 -0.185000
v 2.131111 -1.032000 -0.185000
v 1.286667 -1.032000 -0.185000
v 2.131111 -1.036975 -0.184010
v 1.286667 -1.036975 -0.184010
v 2.131111 -1.041192 -0.181192
v 1.286667 -1.041192 -0.181192
v 2.131111 -1.044010 -0.176975
v 1.286667 -1.044010 -0.176975
v 2.131111 -1.044010 0.076975
v 1.286667 -1.044010 0.076975
v 2.131111 -1.041192 0.081192
v 1.286667 -1.041192 0.081192
v 2.131111 -1.036975 0.084010
v 1.286667 -1.036975 0.084010
v 2.131111 -1.032000 0.085000
v 1.286667 -1.032000 0.085000
v 2.131111 -0.900000 0.085000
v 1.286667 -0.900000 0.085000
v 2.131111 1.045000 0.072000
v 1.286667 1.045000 0.072000
v 2.131111 1.045000 -0.172000
v 1.286667 1.045000 -0.172000
v 2.131111 1.044010 -0.176975
v 1.286667 1.044010 -0.176975
v 2.131111 1.041192 -0.181192
v 1.286667 1.041192 -0.181192
v 2.131111 1.036975 -0.184010
v 1.286667 1.036975 -0.184010
v 2.131111 1.032000 -0.185000
v 1.286667 1.032000 -0.185000
v 2.131111 0.900000 -0.185000
v 1.286667 0.900000 -0.185000
v 2.131111 1.200000 -0.185000
v 1.286667 1.200000 -0.185000
v 2.131111 1.068000 -0.185000
v 1.286667 1.068000 -0.185000
v 2.131111 1.063025 -0.184010
v 1.286667 1.063025 -0.184010
v 2.131111 1.058808 -0.181192
v 1.286667 1.058808 -0.181192
v 2.131111 1.055990 -0.176975
v 1.286667 1.055990 -0.176975
v 2.131111 1.055000 -0.172000
v 1.286667 1.055000 -0.172000
v 2.131111 1.055000 0.072000
v 1.286667 1.055000 0.072000
v 2.131111 1.055990 0.076975
v 1.286667 1.055990 0.076975
v 2.131111 1.058808 0.081192
v 1.286667 1.058808 0.081192
v 2.131111 1.063025 0.084010
v 1.286667 1.063025 0.084010
v 2.131111 1.068000 0.085000
v 1.286667 1.068000 0.085000
v 2.131111 1.200000 0.085000
v 1.286667 1.200000 0.085000
v 2.131111 0.900000 0.085000
v 1.286667 0.900000 0.085000
v 2.131111 1.032000 0.085000
v 1.286667 1.032000 0.085000
v 2.131111 1.036975 0.084010
v 1.286667 1.036975 0.084010
v 2.131111 1.041192 0.081192
v 1.286667 1.041192 0.081192
v 2.131111 1.044010 0.076975
v 1.286667 1.044010 0.076975
v 1.276667 -1.045000 -0.172000
v 0.432222 -1.045000 -0.172000
v 1.276667 -1.045000 0.072000
v 0.432222 -1.045000 0.072000
v 1.276667 -1.200000 0.085000
v 0.432222 -1.200000 0.085000
v 1.276667 -1.068000 0.085000
v 0.432222 -1.068000 0.085000
v 1.276667 -1.063025 0.084010
v 0.432222 -1.063025 0.084010
v 1.276667 -1.058808 0.081192
v 0.432222 -1.058808 0.081192
v 1.276667 -1.055990 0.076975
v 0.432222 -1.055990 0.076975
v 1.276667 -1.055000 0.072000
v 0.432222 -1.055000 0.072000
v 1.276667 -1.055000 -0.172000
v 0.432222 -1.055000 -0.172000
v 1.276667 -1.055990 -0.176975
v 0.432222 -1.055990 -0.176975
v 1.276667 -1.058808 -0.181192
v 0.432222 -1.058808 -0.181192
v 1.276667 -1.063025 -0.184010
v 0.432222 -1.063025 -0.184010
v 1.276667 -1.068000 -0.185000
v 0.432222 -1.068000 -0.185000
v 1.276667 -1.200000 -0.185000
v 0.432222 -1.200000 -0.185000
v 1.276667 -0.900000 -0.185000
v 0.432222 -0.900000 -0.185000
v 1.276667 -1.032000 -0.185000
v 0.432222 -1.032000 -0.185000
v 1.276667 -1.036975 -0.184010
v 0.432222 -1.036975 -0.184010
v 1.276667 -1.041192 -0.181192
v 0.432222 -1.041192 -0.181192
v 1.276667 -1.044010 -0.176975
v 0.432222 -1.044010 -0.176975
v 1.276667 -1.044010 0.076975
v 0.432222 -1.044010 0.076975
v 1.276667 -1.041192 0.081192
v 0.432222 -1.041192 0.081192
v 1.276667 -1.036975 0.084010
v 0.432222 -1.036975 0.084010
v 1.276667 -1.032000 0.085000
v 0.432222 -1.032000 0.085000
v 1.276667 -0.900000 0.085000
v 0.432222 -0.900000 0.085000
v 1.276667 1.045000 0.072000
v 0.432222 1.045000 0.072000
v 1.276667 1.045000 -0.172000
v 0.432222 1.045000 -0.172000
v 1.276667 1.044010 -0.176975
v 0.432222 1.044010 -0.176975
v 1.276667 1.041192 -0.181192
v 0.432222 1.041192 -0.181192
v 1.276667 1.036975 -0.184010
v 0.432222 1.036975 -0.184010
v 1.276667 1.032000 -0.185000
v 0.432222 1.032000 -0.185000
v 1.276667 0.900000 -0.185000
v 0.432222 0.900000 -0.185000
v 1.276667 1.200000 -0.185000
v 0.432222 1.200000 -0.185000
v 1.276667 1.068000 -0.185000
v 0.432222 1.068000 -0.185000
v 1.276667 1.063025 -0.184010
v 0.432222 1.063025 -0.184010
v 1.276667 1.058808 -0.181192
v 0.432222 1.058808 -0.181192
v 1.276667 1.055990 -0.176975
v 0.432222 1.055990 -0.176975
v 1.276667 1.055000 -0.172000
v 0.432222 1.055000 -0.172000
v 1.276667 1.055000 0.072000
v 0.432222 1.055000 0.072000
v 1.276667 1.055990 0.076975
v 0.432222 1.055990 0.076975
v 1.276667 1.058808 0.081192
v 0.432222 1.058808 0.081192
v 1.276667 1.063025 0.084010
v 0.432222 1.063025 0.084010
v 1.276667 1.068000 0.085000
v 0.432222 1.068000 0.085000
v 1.276667 1.200000 0.085000
v 0.432222 1.200000 0.085000
v 1.276667 0.900000 0.085000
v 0.432222 0.900000 0.085000
v 1.276667 1.032000 0.085000
v 0.432222 1.032000 0.085000
v 1.276667 1.036975 0.084010
v 0.432222 1.036975 0.084010
v 1.276667 1.041192 0.081192
v 0.432222 1.041192 0.081192
v 1.276667 1.044010 0.076975
v 0.432222 1.044010 0.076975
v 0.422222 -1.200000 0.085000
v -0.422222 -1.200000 0.085000
v 0.422222 -1.068000 0.085000
v -0.422222 -1.068000 0.085000
v 0.422222 -1.063025 0.084010
v -0.422222 -1.063025 0.084010
v 0.422222 -1.058808 0.081192
v -0.422222 -1.058808 0.081192
v 0.422222 -1.055990 0.076975
v -0.422222 -1.055990 0.076975
v 0.422222 -1.055000 0.072000
v -0.422222 -1.055000 0.072000
v 0.422222 -1.055000 -0.172000
v -0.422222 -1.055000 -0.172000
v 0.422222 -1.055990 -0.176975
v -0.422222 -1.055990 -0.176975
v 0.422222 -1.058808 -0.181192
v -0.422222 -1.058808 -0.181192
v 0.422222 -1.063025 -0.184010
v -0.422222 -1.063025 -0.184010
v 0.422222 -1.068000 -0.185000
v -0.422222 -1.068000 -0.185000
v 0.422222 -1.200000 -0.185000
v -0.422222 -1.200000 -0.185000
v -0.422222 -1.044010 0.076975
v -0.422222 -1.041192 0.081192
v -0.422222 -1.036975 0.084010
v -0.422222 -1.032000 0.085000
v -0.422222 -0.900000 0.085000
v 0.422222 1.200000 -0.185000
v -0.422222 1.200000 -0.185000
v 0.422222 1.068000 -0.185000
v -0.422222 1.068000 -0.185000
v 0.422222 1.063025 -0.184010
v -0.422222 1.063025 -0.184010
v 0.422222 1.058808 -0.181192
v -0.422222 1.058808 -0.181192
v 0.422222 1.055990 -0.176975
v -0.422222 1.055990 -0.176975
v 0.422222 1.055000 -0.172000
v -0.422222 1.055000 -0.172000
v 0.422222 1.055000 0.072000
v -0.422222 1.055000 0.072000
v 0.422222 1.055990 0.076975
v -0.422222 1.055990 0.076975
v 0.422222 1.058808 0.081192
v -0.422222 1.058808 0.081192
v 0.422222 1.063025 0.084010
v -0.422222 1.063025 0.084010
v 0.422222 1.068000 0.085000
v -0.422222 1.068000 0.085000
v 0.422222 1.200000 0.085000
v -0.422222 1.200000 0.085000
v -0.008693 1.032000 0.085000
v -0.008693 0.900000 0.085000
v -0.422222 1.032000 0.085000
v -0.422222 0.900000 0.085000
v -0.422222 1.036975 0.084010
v -0.007808 1.036511 0.084192
v -0.422222 1.041192 0.081192
v -0.005570 1.041192 0.081192
v -0.422222 1.044010 0.076975
v -0.004151 1.044010 0.076975
v -0.004000 1.044649 0.075000
v -0.432222 -1.045000 -0.172000
v -1.276667 -1.045000 -0.172000
v -0.432222 -1.045000 0.072000
v -1.276667 -1.045000 0.072000
v -0.432222 -1.200000 0.085000
v -1.276667 -1.200000 0.085000
v -0.432222 -1.068000 0.085000
v -1.276667 -1.068000 0.085000
v -0.432222 -1.063025 0.084010
v -1.276667 -1.063025 0.084010
v -0.432222 -1.058808 0.081192
v -1.276667 -1.058808 0.081192
v -0.432222 -1.055990 0.076975
v -1.276667 -1.055990 0.076975
v -0.432222 -1.055000 0.072000
v -1.276667 -1.055000 0.072000
v -0.432222 -1.055000 -0.172000
v -1.276667 -1.055000 -0.172000
v -0.432222 -1.055990 -0.176975
v -1.276667 -1.055990 -0.176975
v -0.432222 -1.058808 -0.181192
v -1.276667 -1.058808 -0.181192
v -0.432222 -1.063025 -0.184010
v -1.276667 -1.063025 -0.184010
v -0.432222 -1.068000 -0.185000
v -1.276667 -1.068000 -0.185000
v -0.432222 -1.200000 -0.185000
v -1.276667 -1.200000 -0.185000
v -0.432222 -0.900000 -0.185000
v -1.276667 -0.900000 -0.185000
v -0.432222 -1.032000 -0.185000
v -1.276667 -1.032000 -0.185000
v -0.432222 -1.036975 -0.184010
v -1.276667 -1.036975 -0.184010
v -0.432222 -1.041192 -0.181192
v -1.276667 -1.041192 -0.181192
v -0.432222 -1.044010 -0.176975
v -1.276667 -1.044010 -0.176975
v -0.432222 -1.044010 0.076975
v -1.276667 -1.044010 0.076975
v -0.432222 -1.041192 0.081192
v -1.276667 -1.041192 0.081192
v -0.432222 -1.036975 0.084010
v -1.276667 -1.036975 0.084010
v -0.432222 -1.032000 0.085000
v -1.276667 -1.032000 0.085000
v -0.432222 -0.900000 0.085000
v -1.276667 -0.900000 0.085000
v -0.432222 1.045000 0.072000
v -1.276667 1.045000 0.072000
v -0.432222 1.045000 -0.172000
v -1.276667 1.045000 -0.172000
v -0.432222 1.044010 -0.176975
v -1.276667 1.044010 -0.176975
v -0.432222 1.041192 -0.181192
v -1.276667 1.041192 -0.181192
v -0.432222 1.036975 -0.184010
v -1.276667 1.036975 -0.184010
v -0.432222 1.032000 -0.185000
v -1.276667 1.032000 -0.185000
v -0.432222 0.900000 -0.185000
v -1.276667 0.900000 -0.185000
v -0.432222 1.200000 -0.185000
v -1.276667 1.200000 -0.185000
v -0.432222 1.068000 -0.185000
v -1.276667 1.068000 -0.185000
v -0.432222 1.063025 -0.184010
v -1.276667 1.063025 -0.184010
v -0.432222 1.058808 -0.181192
v -1.276667 1.058808 -0.181192
v -0.432222 1.055990 -0.176975
v -1.276667 1.055990 -0.176975
v -0.432222 1.055000 -0.172000
v -1.276667 1.055000 -0.172000
v -0.432222 1.055000 0.072000
v -1.276667 1.055000 0.072000
v -0.432222 1.055990 0.076975
v -1.276667 1.055990 0.076975
v -0.432222 1.058808 0.081192
v -1.276667 1.058808 0.081192
v -0.432222 1.063025 0.084010
v -1.276667 1.063025 0.084010
v -0.432222 1.068000 0.085000
v -1.276667 1.068000 0.085000
v -0.432222 1.200000 0.085000
v -1.276667 1.200000 0.085000
v -0.432222 0.900000 0.085000
v -1.276667 0.900000 0.085000
v -0.432222 1.032000 0.085000
v -1.276667 1.032000 0.085000
v -0.432222 1.036975 0.084010
v -1.276667 1.036975 0.084010
v -0.432222 1.041192 0.081192
v -1.276667 1.041192 0.081192
v -0.432222 1.044010 0.076975
v -1.276667 1.044010 0.076975
v -1.286667 -1.045000 -0.172000
v -2.131111 -1.045000 -0.172000
v -1.286667 -1.045000 0.072000
v -2.131111 -1.045000 0.072000
v -1.286667 -1.200000 0.085000
v -2.131111 -1.200000 0.085000
v -1.286667 -1.068000 0.085000
v -2.131111 -1.068000 0.085000
v -1.286667 -1.063025 0.084010
v -2.131111 -1.063025 0.084010
v -1.286667 -1.058808 0.081192
v -2.131111 -1.058808 0.081192
v -1.286667 -1.055990 0.076975
v -2.131111 -1.055990 0.076975
v -1.286667 -1.055000 0.072000
v -2.131111 -1.055000 0.072000
v -1.286667 -1.055000 -0.172000
v -2.131111 -1.055000 -0.172000
v -1.286667 -1.055990 -0.176975
v -2.131111 -1.055990 -0.176975
v -1.286667 -1.058808 -0.181192
v -2.131111 -1.058808 -0.181192
v -1.286667 -1.063025 -0.184010
v -2.131111 -1.063025 -0.184010
v -1.286667 -1.068000 -0.185000
v -2.131111 -1.068000 -0.185000
v -1.286667 -1.200000 -0.185000
v -2.131111 -1.200000 -0.185000
v -1.286667 -0.900000 -0.185000
v -2.131111 -0.900000 -0.185000
v -1.286667 -1.032000 -0.185000
v -2.131111 -1.032000 -0.185000
v -1.286667 -1.036975 -0.184010
v -2.131111 -1.036975 -0.184010
v -1.286667 -1.041192 -0.181192
v -2.131111 -1.041192 -0.181192
v -1.286667 -1.044010 -0.176975
v -2.131111 -1.044010 -0.176975
v -1.286667 -1.044010 0.076975
v -2.131111 -1.044010 0.076975
v -1.286667 -1.041192 0.081192
v -2.131111 -1.041192 0.081192
v -1.286667 -1.036975 0.084010
v -2.131111 -1.036975 0.084010
v -1.286667 -1.032000 0.085000
v -2.131111 -1.032000 0.085000
v -1.286667 -0.900000 0.085000
v -2.131111 -0.900000 0.085000
v -1.286667 1.045000 0.072000
v -2.131111 1.045000 0.072000
v -1.286667 1.045000 -0.172000
v -2.131111 1.045000 -0.172000
v -1.286667 1.044010 -0.176975
v -2.131111 1.044010 -0.176975
v -1.286667 1.041192 -0.181192
v -2.131111 1.041192 -0.181192
v -1.286667 1.036975 -0.184010
v -2.131111 1.036975 -0.184010
v -1.286667 1.032000 -0.185000
v -2.131111 1.032000 -0.185000
v -1.286667 0.900000 -0.185000
v -2.131111 0.900000 -0.185000
v -1.286667 1.200000 -0.185000
v -2.131111 1.200000 -0.185000
v -1.286667 1.068000 -0.185000
v -2.131111 1.068000 -0.185000
v -1.286667 1.063025 -0.184010
v -2.131111 1.063025 -0.184010
v -1.286667 1.058808 -0.181192
v -2.131111 1.058808 -0.181192
v -1.286667 1.055990 -0.176975
v -2.131111 1.055990 -0.176975
v -1.286667 1.055000 -0.172000
v -2.131111 1.055000 -0.172000
v -1.286667 1.055000 0.072000
v -2.131111 1.055000 0.072000
v -1.286667 1.055990 0.076975
v -2.131111 1.055990 0.076975
v -1.286667 1.058808 0.081192
v -2.131111 1.058808 0.081192
v -1.286667 1.063025 0.084010
v -2.131111 1.063025 0.084010
v -1.286667 1.068000 0.085000
v -2.131111 1.068000 0.085000
v -1.286667 1.200000 0.085000
v -2.131111 1.200000 0.085000
v -1.286667 0.900000 0.085000
v -2.131111 0.900000 0.085000
v -1.286667 1.032000 0.085000
v -2.131111 1.032000 0.085000
v -1.286667 1.036975 0.084010
v -2.131111 1.036975 0.084010
v -1.286667 1.041192 0.081192
v -2.131111 1.041192 0.081192
v -1.286667 1.044010 0.076975
v -2.131111 1.044010 0.076975
v -2.141111 -1.200000 0.085000
v -2.985556 -1.200000 0.085000
v -2.141111 -1.068000 0.085000
v -2.985556 -1.068000 0.085000
v -2.141111 -1.063025 0.084010
v -2.985556 -1.063025 0.084010
v -2.141111 -1.058808 0.081192
v -2.985556 -1.058808 0.081192
v -2.141111 -1.055990 0.076975
v -2.985556 -1.055990 0.076975
v -2.141111 -1.055000 0.072000
v -2.985556 -1.055000 0.072000
v -2.141111 -1.055000 -0.172000
v -2.985556 -1.055000 -0.172000
v -2.141111 -1.055990 -0.176975
v -2.985556 -1.055990 -0.176975
v -2.141111 -1.058808 -0.181192
v -2.985556 -1.058808 -0.181192
v -2.141111 -1.063025 -0.184010
v -2.985556 -1.063025 -0.184010
v -2.141111 -1.068000 -0.185000
v -2.985556 -1.068000 -0.185000
v -2.141111 -1.200000 -0.185000
v -2.985556 -1.200000 -0.185000
v -2.141111 1.200000 -0.185000
v -2.985556 1.200000 -0.185000
v -2.141111 1.068000 -0.185000
v -2.985556 1.068000 -0.185000
v -2.141111 1.063025 -0.184010
v -2.985556 1.063025 -0.184010
v -2.141111 1.058808 -0.181192
v -2.985556 1.058808 -0.181192
v -2.141111 1.055990 -0.176975
v -2.985556 1.055990 -0.176975
v -2.141111 1.055000 -0.172000
v -2.985556 1.055000 -0.172000
v -2.141111 1.055000 0.072000
v -2.985556 1.055000 0.072000
v -2.141111 1.055990 0.076975
v -2.985556 1.055990 0.076975
v -2.141111 1.058808 0.081192
v -2.985556 1.058808 0.081192
v -2.141111 1.063025 0.084010
v -2.985556 1.063025 0.084010
v -2.141111 1.068000 0.085000
v -2.985556 1.068000 0.085000
v -2.141111 1.200000 0.085000
v -2.985556 1.200000 0.085000
v -3.840000 -1.044010 0.076975
v -3.840000 -1.041192 0.081192
v -3.840000 -1.036975 0.084010
v -3.840000 -1.032000 0.085000
v -3.840000 -0.900000 0.085000
v -2.995556 -1.200000 0.085000
v -3.840000 -1.200000 0.085000
v -2.995556 -1.068000 0.085000
v -3.840000 -1.068000 0.085000
v -2.995556 -1.063025 0.084010
v -3.840000 -1.063025 0.084010
v -2.995556 -1.058808 0.081192
v -3.840000 -1.058808 0.081192
v -2.995556 -1.055990 0.076975
v -3.840000 -1.055990 0.076975
v -2.995556 -1.055000 0.072000
v -3.840000 -1.055000 0.072000
v -2.995556 -1.055000 -0.172000
v -3.840000 -1.055000 -0.172000
v -2.995556 -1.055990 -0.176975
v -3.840000 -1.055990 -0.176975
v -2.995556 -1.058808 -0.181192
v -3.840000 -1.058808 -0.181192
v -2.995556 -1.063025 -0.184010
v -3.840000 -1.063025 -0.184010
v -2.995556 -1.068000 -0.185000
v -3.840000 -1.068000 -0.185000
v -2.995556 -1.200000 -0.185000
v -3.840000 -1.200000 -0.185000
v -3.108693 1.032000 0.085000
v -3.108693 0.900000 0.085000
v -3.840000 1.032000 0.085000
v -3.840000 0.900000 0.085000
v -3.840000 1.036975 0.084010
v -3.107629 1.036975 0.084010
v -3.840000 1.041192 0.081192
v -3.104990 1.042266 0.079975
v -3.840000 1.044010 0.076975
v -3.104151 1.044010 0.076975
v -3.104000 1.044649 0.075000
v -2.995556 1.200000 -0.185000
v -3.840000 1.200000 -0.185000
v -2.995556 1.068000 -0.185000
v -3.840000 1.068000 -0.185000
v -2.995556 1.063025 -0.184010
v -3.840000 1.063025 -0.184010
v -2.995556 1.058808 -0.181192
v -3.840000 1.058808 -0.181192
v -2.995556 1.055990 -0.176975
v -3.840000 1.055990 -0.176975
v -2.995556 1.055000 -0.172000
v -3.840000 1.055000 -0.172000
v -2.995556 1.055000 0.072000
v -3.840000 1.055000 0.072000
v -2.995556 1.055990 0.076975
v -3.840000 1.055990 0.076975
v -2.995556 1.058808 0.081192
v -3.840000 1.058808 0.081192
v -2.995556 1.063025 0.084010
v -3.840000 1.063025 0.084010
v -2.995556 1.068000 0.085000
v -3.840000 1.068000 0.085000
v -2.995556 1.200000 0.085000
v -3.840000 1.200000 0.085000
v 0.422222 -1.032000 0.085000
v 0.422222 -1.036975 0.084010
v 0.422222 -1.041192 0.081192
v 0.422222 -1.044010 0.076975
v 3.840000 -1.032000 0.085000
v 3.840000 -1.036975 0.084010
v 3.840000 -1.041192 0.081192
v 3.840000 -1.044010 0.076975
v 0.422222 -0.900000 0.085000
v 3.840000 -0.900000 0.085000
v 0.422222 0.900000 0.085000
v 0.008693 0.900000 0.085000
v 0.422222 1.032000 0.085000
v 0.008693 1.032000 0.085000
v 3.840000 0.900000 0.085000
v 3.108693 0.900000 0.085000
v 3.840000 1.032000 0.085000
v 3.108693 1.032000 0.085000
v 0.004000 1.044649 0.075000
v 0.422222 1.044010 0.076975
v 0.004151 1.044010 0.076975
v 0.422222 1.041192 0.081192
v 0.004990 1.042266 0.079975
v 0.422222 1.036975 0.084010
v 0.007629 1.036975 0.084010
v 3.104000 1.044649 0.075000
v 3.840000 1.044010 0.076975
v 3.104151 1.044010 0.076975
v 3.840000 1.041192 0.081192
v 3.105570 1.041192 0.081192
v 3.840000 1.036975 0.084010
v 3.107808 1.036511 0.084192
v -2.141111 -1.032000 0.085000
v -2.141111 -1.036975 0.084010
v -2.141111 -1.041192 0.081192
v -2.141111 -1.044010 0.076975
v -2.141111 -0.900000 0.085000
v -2.141111 0.900000 0.085000
v -3.091307 0.900000 0.085000
v -2.141111 1.032000 0.085000
v -3.091307 1.032000 0.085000
v -3.096000 1.044649 0.075000
v -2.141111 1.044010 0.076975
v -3.095849 1.044010 0.076975
v -2.141111 1.041192 0.081192
v -3.094430 1.041192 0.081192
v -2.141111 1.036975 0.084010
v -3.092192 1.036511 0.084192
v -0.100000 0.605000 0.088000
v -0.100000 0.900000 0.088000
v -0.017000 0.605000 0.088000
v -0.017000 0.900000 0.088000
v -0.004000 0.605000 0.075000
v -0.004990 0.605000 0.079975
v -0.007808 0.605000 0.084192
v -0.012025 0.605000 0.087010
v -0.012025 0.900000 0.087010
v -0.004000 0.605000 -0.075000
v -0.004990 0.605000 -0.079975
v -0.007808 0.605000 -0.084192
v -0.012025 0.605000 -0.087010
v -0.017000 0.605000 -0.088000
v -0.100000 0.605000 -0.088000
v -0.100000 -0.900000 0.100000
v -0.100000 0.900000 0.100000
v 0.100000 0.900000 0.100000
v 0.100000 -0.900000 0.100000
v 0.100000 0.605000 0.088000
v 0.100000 0.900000 0.088000
v 0.100000 0.605000 -0.088000
v 0.017000 0.605000 -0.088000
v 0.012025 0.605000 -0.087010
v 0.007808 0.605000 -0.084192
v 0.004990 0.605000 -0.079975
v 0.004000 0.605000 -0.075000
v 0.004000 0.605000 0.075000
v 0.017000 0.900000 0.088000
v 0.017000 0.605000 0.088000
v 0.012025 0.900000 0.087010
v 0.012025 0.605000 0.087010
v 0.007808 0.605000 0.084192
v 0.004990 0.605000 0.079975
v -3.200000 -0.900000 0.100000
v -3.000000 -0.900000 0.100000
v -3.200000 0.900000 0.100000
v -3.000000 0.900000 0.100000
v -3.850000 -0.900000 0.100000
v -3.850000 -1.200000 0.100000
v -3.845000 -1.200000 0.100000
v -2.990556 -1.200000 0.100000
v -2.136111 -1.200000 0.100000
v -1.281667 -1.200000 0.100000
v 1.281667 1.200000 0.100000
v 3.000000 0.900000 0.100000
v 3.200000 0.900000 0.100000
v 3.200000 -0.900000 0.100000
v 3.000000 -0.900000 0.100000
v 3.850000 0.900000 0.100000
v 3.850000 1.200000 0.100000
v 2.990556 1.200000 0.100000
v 2.136111 1.200000 0.100000
v 0.427222 1.200000 0.100000
v -0.427222 1.200000 0.100000
v -1.281667 1.200000 0.100000
v -2.136111 1.200000 0.100000
v -2.990556 1.200000 0.100000
v -3.850000 0.900000 0.100000
v -3.845000 1.200000 0.100000
v -3.850000 1.200000 0.100000
v 3.850000 -1.200000 0.100000
v 3.850000 -0.900000 0.100000
v 2.990556 -1.200000 0.100000
v 2.136111 -1.200000 0.100000
v 1.281667 -1.200000 0.100000
v 0.427222 -1.200000 0.100000
v -0.427222 -1.200000 0.100000
v -3.850000 -1.200000 -0.192500
v -3.845000 -1.200000 -0.192500
v -2.990556 -1.200000 -0.192500
v -2.136111 -1.200000 -0.192500
v -1.281667 -1.200000 -0.192500
v -0.427222 -1.200000 -0.192500
v 0.427222 -1.200000 -0.192500
v 1.281667 -1.200000 -0.192500
v 2.136111 -1.200000 -0.192500
v 2.990556 -1.200000 -0.192500
v 3.850000 -1.200000 -0.192500
v 3.850000 -1.190000 -1.400000
v 3.850000 -1.090000 -1.400000
v -3.850000 -1.090000 -1.400000
v -3.850000 -1.190000 -1.400000
v -3.850000 1.200000 0.092500
v -3.845000 1.200000 0.092500
v -2.990556 1.200000 0.092500
v -2.136111 1.200000 0.092500
v -1.281667 1.200000 0.092500
v -0.427222 1.200000 0.092500
v 0.427222 1.200000 0.092500
v 1.281667 1.200000 0.092500
v 2.136111 1.200000 0.092500
v 2.990556 1.200000 0.092500
v 3.850000 1.200000 0.092500
v -3.000000 0.900000 0.088000
v -3.083000 0.900000 0.088000
v -3.087975 0.900000 0.087010
v -3.200000 0.900000 0.088000
v -3.112025 0.900000 0.087010
v -3.117000 0.900000 0.088000
v 3.200000 0.900000 0.088000
v 3.117000 0.900000 0.088000
v 3.112025 0.900000 0.087010
v 3.000000 0.900000 0.088000
v 3.083000 0.900000 0.088000
v 3.087975 0.900000 0.087010
v 3.850000 1.190000 -1.400000
v 3.850000 1.090000 -1.400000
v -3.850000 1.190000 -1.400000
v -3.850000 1.090000 -1.400000
v -3.104000 0.605000 -0.075000
v -3.104990 0.605000 -0.079975
v -3.107808 0.605000 -0.084192
v -3.112025 0.605000 -0.087010
v -3.117000 0.605000 -0.088000
v -3.200000 0.605000 -0.088000
v -3.200000 0.605000 0.088000
v -3.000000 0.605000 0.088000
v -3.000000 0.605000 -0.088000
v -3.083000 0.605000 -0.088000
v -3.089500 0.605000 -0.086258
v -3.094258 0.605000 -0.081500
v -3.096000 0.605000 -0.075000
v -3.104000 0.605000 0.075000
v -3.096000 0.605000 0.075000
v -3.117000 0.605000 0.088000
v -3.104990 0.605000 0.079975
v -3.107808 0.605000 0.084192
v -3.112025 0.605000 0.087010
v -3.083000 0.605000 0.088000
v -3.087975 0.605000 0.087010
v -3.092192 0.605000 0.084192
v -3.095011 0.605000 0.079975
v 3.096000 0.605000 -0.075000
v 3.095011 0.605000 -0.079975
v 3.092192 0.605000 -0.084192
v 3.087975 0.605000 -0.087010
v 3.083000 0.605000 -0.088000
v 3.000000 0.605000 -0.088000
v 3.000000 0.605000 0.088000
v 3.200000 0.605000 0.088000
v 3.200000 0.605000 -0.088000
v 3.117000 0.605000 -0.088000
v 3.110500 0.605000 -0.086258
v 3.105742 0.605000 -0.081500
v 3.104000 0.605000 -0.075000
v 3.096000 0.605000 0.075000
v 3.104000 0.605000 0.075000
v 3.083000 0.605000 0.088000
v 3.095011 0.605000 0.079975
v 3.092192 0.605000 0.084192
v 3.087975 0.605000 0.087010
v 3.117000 0.605000 0.088000
v 3.112025 0.605000 0.087010
v 3.107808 0.605000 0.084192
v 3.104990 0.605000 0.079975
v -3.840000 -1.180000 -1.400000
v -3.840000 -1.100000 -1.400000
v -3.760000 -1.100000 -1.400000
v -3.760000 -1.180000 -1.400000
v -3.760000 -1.100000 -0.200000
v -3.760000 -1.180000 -0.200000
v -3.840000 -1.180000 -0.200000
v -3.840000 -1.100000 -0.200000
v -3.840000 1.100000 -1.400000
v -3.840000 1.180000 -1.400000
v -3.760000 1.180000 -1.400000
v -3.760000 1.100000 -1.400000
v -3.760000 1.180000 -0.200000
v -3.760000 1.100000 -0.200000
v -3.840000 1.100000 -0.200000
v -3.840000 1.180000 -0.200000
v 3.760000 -1.180000 -1.400000
v 3.760000 -1.100000 -1.400000
v 3.840000 -1.100000 -1.400000
v 3.840000 -1.180000 -1.400000
v 3.840000 -1.100000 -0.200000
v 3.840000 -1.180000 -0.200000
v 3.760000 -1.180000 -0.200000
v 3.760000 -1.100000 -0.200000
v 3.760000 1.100000 -1.400000
v 3.760000 1.180000 -1.400000
v 3.840000 1.180000 -1.400000
v 3.840000 1.100000 -1.400000
v 3.840000 1.180000 -0.200000
v 3.840000 1.100000 -0.200000
v 3.760000 1.100000 -0.200000
v 3.760000 1.180000 -0.200000
v -2.450500 -1.072500 -0.200000
v -2.450500 -1.027500 -0.200000
v -2.549500 -1.072500 -0.200000
v -2.549500 -1.027500 -0.200000
v -2.669500 -1.027500 -0.200000
v -2.669500 -1.072500 -0.200000
v -2.570500 -1.027500 -0.200000
v -2.570500 -1.072500 -0.200000
v -2.789500 -1.027500 -0.200000
v -2.789500 -1.072500 -0.200000
v -2.690500 -1.027500 -0.200000
v -2.690500 -1.072500 -0.200000
v -2.909500 -1.027500 -0.200000
v -2.909500 -1.072500 -0.200000
v -2.810500 -1.027500 -0.200000
v -2.810500 -1.072500 -0.200000
v -3.029500 -1.027500 -0.200000
v -3.029500 -1.072500 -0.200000
v -2.930500 -1.027500 -0.200000
v -2.930500 -1.072500 -0.200000
v -3.149500 -1.027500 -0.200000
v -3.149500 -1.072500 -0.200000
v -3.050500 -1.027500 -0.200000
v -3.050500 -1.072500 -0.200000
v -3.269500 -1.027500 -0.200000
v -3.269500 -1.072500 -0.200000
v -3.170500 -1.027500 -0.200000
v -3.170500 -1.072500 -0.200000
v -3.389500 -1.027500 -0.200000
v -3.389500 -1.072500 -0.200000
v -3.290500 -1.027500 -0.200000
v -3.290500 -1.072500 -0.200000
v -3.509500 -1.027500 -0.200000
v -3.509500 -1.072500 -0.200000
v -3.410500 -1.027500 -0.200000
v -3.410500 -1.072500 -0.200000
v -3.629500 -1.027500 -0.200000
v -3.629500 -1.072500 -0.200000
v -3.530500 -1.027500 -0.200000
v -3.530500 -1.072500 -0.200000
v -2.390000 -1.072500 -0.200000
v -2.390000 -1.027500 -0.200000
v -2.429500 -1.072500 -0.200000
v -2.429500 -1.027500 -0.200000
v -2.390000 -1.027500 -0.232000
v -2.390000 -1.035000 -0.232000
v -2.390000 -1.072500 -0.232000
v -3.690000 -1.027500 -0.232000
v -3.690000 -1.027500 -0.200000
v -3.650500 -1.027500 -0.200000
v -2.429500 -1.027500 -0.217000
v -2.411250 -1.027500 -0.232000
v -2.450500 -1.027500 -0.217000
v -2.500000 -1.027500 -0.232000
v -3.650500 -1.027500 -0.217000
v -3.629500 -1.027500 -0.217000
v -3.580000 -1.027500 -0.232000
v -3.530500 -1.027500 -0.217000
v -3.509500 -1.027500 -0.217000
v -3.460000 -1.027500 -0.232000
v -3.410500 -1.027500 -0.217000
v -3.340000 -1.027500 -0.232000
v -3.389500 -1.027500 -0.217000
v -3.269500 -1.027500 -0.217000
v -3.220000 -1.027500 -0.232000
v -3.290500 -1.027500 -0.217000
v -3.170500 -1.027500 -0.217000
v -3.100000 -1.027500 -0.232000
v -3.149500 -1.027500 -0.217000
v -3.050500 -1.027500 -0.217000
v -2.980000 -1.027500 -0.232000
v -3.029500 -1.027500 -0.217000
v -2.930500 -1.027500 -0.217000
v -2.909500 -1.027500 -0.217000
v -2.740000 -1.027500 -0.232000
v -2.810500 -1.027500 -0.217000
v -2.789500 -1.027500 -0.217000
v -2.690500 -1.027500 -0.217000
v -2.620000 -1.027500 -0.232000
v -2.669500 -1.027500 -0.217000
v -2.570500 -1.027500 -0.217000
v -2.549500 -1.027500 -0.217000
v -3.690000 -1.072500 -0.232000
v -3.690000 -1.072500 -0.200000
v -3.690000 -1.035000 -0.232000
v -2.411250 -1.072500 -0.232000
v -2.429500 -1.072500 -0.217000
v -2.620000 -1.072500 -0.232000
v -2.500000 -1.072500 -0.232000
v -2.549500 -1.072500 -0.217000
v -2.450500 -1.072500 -0.217000
v -2.570500 -1.072500 -0.217000
v -2.669500 -1.072500 -0.217000
v -2.690500 -1.072500 -0.217000
v -2.740000 -1.072500 -0.232000
v -2.810500 -1.072500 -0.217000
v -2.909500 -1.072500 -0.217000
v -2.789500 -1.072500 -0.217000
v -2.980000 -1.072500 -0.232000
v -2.930500 -1.072500 -0.217000
v -3.029500 -1.072500 -0.217000
v -3.050500 -1.072500 -0.217000
v -3.100000 -1.072500 -0.232000
v -3.149500 -1.072500 -0.217000
v -3.170500 -1.072500 -0.217000
v -3.220000 -1.072500 -0.232000
v -3.269500 -1.072500 -0.217000
v -3.290500 -1.072500 -0.217000
v -3.340000 -1.072500 -0.232000
v -3.389500 -1.072500 -0.217000
v -3.410500 -1.072500 -0.217000
v -3.460000 -1.072500 -0.232000
v -3.509500 -1.072500 -0.217000
v -3.530500 -1.072500 -0.217000
v -3.580000 -1.072500 -0.232000
v -3.629500 -1.072500 -0.217000
v -3.650500 -1.072500 -0.200000
v -3.650500 -1.072500 -0.217000
v -2.411250 -1.035000 -0.232000
v -2.500000 -1.035000 -0.232000
v -2.620000 -1.035000 -0.232000
v -2.740000 -1.035000 -0.232000
v -2.980000 -1.035000 -0.232000
v -3.100000 -1.035000 -0.232000
v -3.220000 -1.035000 -0.232000
v -3.340000 -1.035000 -0.232000
v -3.460000 -1.035000 -0.232000
v -3.580000 -1.035000 -0.232000
v -3.633505 -1.053750 -0.232000
v -3.632500 -1.050000 -0.232000
v -3.633505 -1.046250 -0.232000
v -3.646495 -1.053750 -0.232000
v -3.647500 -1.050000 -0.232000
v -3.646495 -1.046250 -0.232000
v -3.636250 -1.043505 -0.232000
v -3.640000 -1.042500 -0.232000
v -3.643750 -1.043505 -0.232000
v -3.643750 -1.056495 -0.232000
v -3.640000 -1.057500 -0.232000
v -3.636250 -1.056495 -0.232000
v -3.526495 -1.046250 -0.232000
v -3.527500 -1.050000 -0.232000
v -3.513505 -1.053750 -0.232000
v -3.512500 -1.050000 -0.232000
v -3.513505 -1.046250 -0.232000
v -3.526495 -1.053750 -0.232000
v -3.516250 -1.043505 -0.232000
v -3.520000 -1.042500 -0.232000
v -3.523750 -1.043505 -0.232000
v -3.523750 -1.056495 -0.232000
v -3.520000 -1.057500 -0.232000
v -3.516250 -1.056495 -0.232000
v -3.406495 -1.046250 -0.232000
v -3.407500 -1.050000 -0.232000
v -3.393505 -1.053750 -0.232000
v -3.392500 -1.050000 -0.232000
v -3.393505 -1.046250 -0.232000
v -3.406495 -1.053750 -0.232000
v -3.396250 -1.043505 -0.232000
v -3.400000 -1.042500 -0.232000
v -3.403750 -1.043505 -0.232000
v -3.403750 -1.056495 -0.232000
v -3.400000 -1.057500 -0.232000
v -3.396250 -1.056495 -0.232000
v -3.273505 -1.053750 -0.232000
v -3.272500 -1.050000 -0.232000
v -3.273505 -1.046250 -0.232000
v -3.286495 -1.046250 -0.232000
v -3.287500 -1.050000 -0.232000
v -3.286495 -1.053750 -0.232000
v -3.276250 -1.043505 -0.232000
v -3.280000 -1.042500 -0.232000
v -3.283750 -1.043505 -0.232000
v -3.283750 -1.056495 -0.232000
v -3.280000 -1.057500 -0.232000
v -3.276250 -1.056495 -0.232000
v -3.153505 -1.053750 -0.232000
v -3.152500 -1.050000 -0.232000
v -3.153505 -1.046250 -0.232000
v -3.166495 -1.046250 -0.232000
v -3.167500 -1.050000 -0.232000
v -3.166495 -1.053750 -0.232000
v -3.156250 -1.043505 -0.232000
v -3.160000 -1.042500 -0.232000
v -3.163750 -1.043505 -0.232000
v -3.163750 -1.056495 -0.232000
v -3.160000 -1.057500 -0.232000
v -3.156250 -1.056495 -0.232000
v -3.033505 -1.053750 -0.232000
v -3.032500 -1.050000 -0.232000
v -3.033505 -1.046250 -0.232000
v -3.046495 -1.046250 -0.232000
v -3.047500 -1.050000 -0.232000
v -3.046495 -1.053750 -0.232000
v -3.036250 -1.043505 -0.232000
v -3.040000 -1.042500 -0.232000
v -3.043750 -1.043505 -0.232000
v -3.043750 -1.056495 -0.232000
v -3.040000 -1.057500 -0.232000
v -3.036250 -1.056495 -0.232000
v -2.926495 -1.046250 -0.232000
v -2.927500 -1.050000 -0.232000
v -2.793505 -1.053750 -0.232000
v -2.792500 -1.050000 -0.232000
v -2.793505 -1.046250 -0.232000
v -2.926495 -1.053750 -0.232000
v -2.913505 -1.046250 -0.232000
v -2.916250 -1.043505 -0.232000
v -2.920000 -1.042500 -0.232000
v -2.923750 -1.043505 -0.232000
v -2.796250 -1.043505 -0.232000
v -2.800000 -1.042500 -0.232000
v -2.923750 -1.056495 -0.232000
v -2.920000 -1.057500 -0.232000
v -2.916250 -1.056495 -0.232000
v -2.913505 -1.053750 -0.232000
v -2.803750 -1.043505 -0.232000
v -2.806495 -1.046250 -0.232000
v -2.912500 -1.050000 -0.232000
v -2.807500 -1.050000 -0.232000
v -2.806495 -1.053750 -0.232000
v -2.803750 -1.056495 -0.232000
v -2.800000 -1.057500 -0.232000
v -2.796250 -1.056495 -0.232000
v -2.686495 -1.046250 -0.232000
v -2.687500 -1.050000 -0.232000
v -2.686495 -1.053750 -0.232000
v -2.673505 -1.046250 -0.232000
v -2.676250 -1.043505 -0.232000
v -2.680000 -1.042500 -0.232000
v -2.683750 -1.043505 -0.232000
v -2.683750 -1.056495 -0.232000
v -2.680000 -1.057500 -0.232000
v -2.676250 -1.056495 -0.232000
v -2.673505 -1.053750 -0.232000
v -2.672500 -1.050000 -0.232000
v -2.563750 -1.056495 -0.232000
v -2.560000 -1.057500 -0.232000
v -2.563750 -1.043505 -0.232000
v -2.560000 -1.042500 -0.232000
v -2.556250 -1.043505 -0.232000
v -2.553505 -1.046250 -0.232000
v -2.566495 -1.046250 -0.232000
v -2.567500 -1.050000 -0.232000
v -2.566495 -1.053750 -0.232000
v -2.556250 -1.056495 -0.232000
v -2.553505 -1.053750 -0.232000
v -2.552500 -1.050000 -0.232000
v -2.433505 -1.053750 -0.232000
v -2.432500 -1.050000 -0.232000
v -2.433505 -1.046250 -0.232000
v -2.436250 -1.056495 -0.232000
v -2.440000 -1.057500 -0.232000
v -2.443750 -1.056495 -0.232000
v -2.443750 -1.043505 -0.232000
v -2.440000 -1.042500 -0.232000
v -2.436250 -1.043505 -0.232000
v -2.446495 -1.046250 -0.232000
v -2.447500 -1.050000 -0.232000
v -2.446495 -1.053750 -0.232000
v -2.443750 -1.056495 -0.217000
v -2.440000 -1.057500 -0.217000
v -2.436250 -1.056495 -0.217000
v -2.446495 -1.053750 -0.217000
v -2.447500 -1.050000 -0.217000
v -2.446495 -1.046250 -0.217000
v -2.443750 -1.043505 -0.217000
v -2.440000 -1.042500 -0.217000
v -2.436250 -1.043505 -0.217000
v -2.433505 -1.046250 -0.217000
v -2.432500 -1.050000 -0.217000
v -2.433505 -1.053750 -0.217000
v -3.646495 -1.046250 -0.217000
v -3.647500 -1.050000 -0.217000
v -3.646495 -1.053750 -0.217000
v -3.636250 -1.043505 -0.217000
v -3.640000 -1.042500 -0.217000
v -3.643750 -1.043505 -0.217000
v -3.633505 -1.053750 -0.217000
v -3.632500 -1.050000 -0.217000
v -3.633505 -1.046250 -0.217000
v -3.636250 -1.056495 -0.217000
v -3.640000 -1.057500 -0.217000
v -3.643750 -1.056495 -0.217000
v -3.526495 -1.046250 -0.217000
v -3.527500 -1.050000 -0.217000
v -3.526495 -1.053750 -0.217000
v -3.516250 -1.043505 -0.217000
v -3.520000 -1.042500 -0.217000
v -3.523750 -1.043505 -0.217000
v -3.513505 -1.053750 -0.217000
v -3.512500 -1.050000 -0.217000
v -3.513505 -1.046250 -0.217000
v -3.516250 -1.056495 -0.217000
v -3.520000 -1.057500 -0.217000
v -3.523750 -1.056495 -0.217000
v -3.406495 -1.046250 -0.217000
v -3.407500 -1.050000 -0.217000
v -3.406495 -1.053750 -0.217000
v -3.403750 -1.056495 -0.217000
v -3.396250 -1.043505 -0.217000
v -3.400000 -1.042500 -0.217000
v -3.403750 -1.043505 -0.217000
v -3.393505 -1.046250 -0.217000
v -3.392500 -1.050000 -0.217000
v -3.393505 -1.053750 -0.217000
v -3.396250 -1.056495 -0.217000
v -3.400000 -1.057500 -0.217000
v -3.286495 -1.046250 -0.217000
v -3.287500 -1.050000 -0.217000
v -3.286495 -1.053750 -0.217000
v -3.283750 -1.056495 -0.217000
v -3.272500 -1.050000 -0.217000
v -3.273505 -1.046250 -0.217000
v -3.273505 -1.053750 -0.217000
v -3.276250 -1.056495 -0.217000
v -3.280000 -1.057500 -0.217000
v -3.283750 -1.043505 -0.217000
v -3.280000 -1.042500 -0.217000
v -3.276250 -1.043505 -0.217000
v -3.166495 -1.046250 -0.217000
v -3.167500 -1.050000 -0.217000
v -3.166495 -1.053750 -0.217000
v -3.163750 -1.056495 -0.217000
v -3.152500 -1.050000 -0.217000
v -3.153505 -1.046250 -0.217000
v -3.153505 -1.053750 -0.217000
v -3.156250 -1.056495 -0.217000
v -3.160000 -1.057500 -0.217000
v -3.163750 -1.043505 -0.217000
v -3.160000 -1.042500 -0.217000
v -3.156250 -1.043505 -0.217000
v -3.046495 -1.046250 -0.217000
v -3.047500 -1.050000 -0.217000
v -3.046495 -1.053750 -0.217000
v -3.043750 -1.056495 -0.217000
v -3.032500 -1.050000 -0.217000
v -3.033505 -1.046250 -0.217000
v -3.033505 -1.053750 -0.217000
v -3.036250 -1.056495 -0.217000
v -3.040000 -1.057500 -0.217000
v -3.043750 -1.043505 -0.217000
v -3.040000 -1.042500 -0.217000
v -3.036250 -1.043505 -0.217000
v -2.926495 -1.046250 -0.217000
v -2.927500 -1.050000 -0.217000
v -2.926495 -1.053750 -0.217000
v -2.923750 -1.056495 -0.217000
v -2.912500 -1.050000 -0.217000
v -2.913505 -1.046250 -0.217000
v -2.913505 -1.053750 -0.217000
v -2.916250 -1.056495 -0.217000
v -2.920000 -1.057500 -0.217000
v -2.923750 -1.043505 -0.217000
v -2.920000 -1.042500 -0.217000
v -2.916250 -1.043505 -0.217000
v -2.806495 -1.053750 -0.217000
v -2.807500 -1.050000 -0.217000
v -2.796250 -1.043505 -0.217000
v -2.793505 -1.046250 -0.217000
v -2.792500 -1.050000 -0.217000
v -2.793505 -1.053750 -0.217000
v -2.806495 -1.046250 -0.217000
v -2.803750 -1.043505 -0.217000
v -2.800000 -1.042500 -0.217000
v -2.796250 -1.056495 -0.217000
v -2.800000 -1.057500 -0.217000
v -2.803750 -1.056495 -0.217000
v -2.686495 -1.053750 -0.217000
v -2.687500 -1.050000 -0.217000
v -2.676250 -1.043505 -0.217000
v -2.673505 -1.046250 -0.217000
v -2.672500 -1.050000 -0.217000
v -2.673505 -1.053750 -0.217000
v -2.686495 -1.046250 -0.217000
v -2.683750 -1.043505 -0.217000
v -2.680000 -1.042500 -0.217000
v -2.676250 -1.056495 -0.217000
v -2.680000 -1.057500 -0.217000
v -2.683750 -1.056495 -0.217000
v -2.566495 -1.053750 -0.217000
v -2.567500 -1.050000 -0.217000
v -2.556250 -1.043505 -0.217000
v -2.553505 -1.046250 -0.217000
v -2.552500 -1.050000 -0.217000
v -2.553505 -1.053750 -0.217000
v -2.556250 -1.056495 -0.217000
v -2.560000 -1.057500 -0.217000
v -2.563750 -1.056495 -0.217000
v -2.566495 -1.046250 -0.217000
v -2.563750 -1.043505 -0.217000
v -2.560000 -1.042500 -0.217000
v 3.096000 1.027362 0.084000
v 3.096000 1.027286 0.085000
v 2.905071 0.900000 0.085000
v 2.593029 0.692048 0.084000
v 0.511374 -0.705337 0.092000
v 0.219380 -0.900000 0.092000
v 0.214137 -0.900000 0.091453
v 2.595768 0.687938 0.091391
v 2.914137 0.900000 0.091453
v 2.919380 0.900000 0.092000
v 2.906055 0.900000 0.087062
v 2.593367 0.691541 0.087061
v 2.909182 0.900000 0.089657
v 2.071844 0.343859 0.087061
v 2.071506 0.344365 0.084000
v 1.550320 -0.003823 0.087061
v 1.549983 -0.003317 0.084000
v 1.028797 -0.351506 0.087061
v 1.028459 -0.350999 0.084000
v 0.507274 -0.699188 0.087061
v 0.506936 -0.698681 0.084000
v 0.004000 -1.034047 0.085000
v 0.004000 -1.033972 0.084000
v 0.205071 -0.900000 0.085000
v 0.206055 -0.900000 0.087061
v 0.508236 -0.700631 0.089657
v 1.029759 -0.352948 0.089657
v 1.551282 -0.005266 0.089657
v 2.072806 0.342416 0.089657
v 2.594329 0.690098 0.089657
v 2.074245 0.340256 0.091391
v 1.552722 -0.007426 0.091391
v 1.031199 -0.355108 0.091391
v 0.509676 -0.702790 0.091391
v 0.209182 -0.900000 0.089657
v 2.597467 0.685391 0.092000
v 2.075943 0.337709 0.092000
v 1.554420 -0.009973 0.092000
v 1.032897 -0.357655 0.092000
v 2.990139 0.900000 0.092000
v 0.290139 -0.900000 0.092000
v 0.290139 -0.900000 0.100000
v 2.990139 0.900000 0.100000
v 0.109861 -0.900000 0.100000
v 2.809861 0.900000 0.100000
v 0.109861 -0.900000 0.092000
v 2.809861 0.900000 0.092000
v 0.502533 -0.685391 0.092000
v 0.180620 -0.900000 0.092000
v 2.880620 0.900000 0.092000
v 2.588626 0.705337 0.092000
v 2.067103 0.357655 0.092000
v 1.545580 0.009973 0.092000
v 1.024057 -0.337709 0.092000
v 3.096000 1.034047 0.085000
v 3.096000 1.033972 0.084000
v 2.894929 0.900000 0.085000
v 2.593064 0.698681 0.084000
v 2.893945 0.900000 0.087062
v 2.591764 0.700631 0.089657
v 2.890818 0.900000 0.089657
v 2.885863 0.900000 0.091453
v 0.506633 -0.691541 0.087061
v 0.193944 -0.900000 0.087061
v 0.190818 -0.900000 0.089657
v 0.004000 -1.027362 0.084000
v 0.004000 -1.027286 0.085000
v 0.194929 -0.900000 0.085000
v 0.506971 -0.692048 0.084000
v 0.504232 -0.687938 0.091391
v 1.025755 -0.340256 0.091391
v 1.547278 0.007426 0.091391
v 2.068801 0.355108 0.091391
v 2.590324 0.702790 0.091391
v 2.070241 0.352948 0.089657
v 1.548718 0.005266 0.089657
v 1.027194 -0.342416 0.089657
v 0.505671 -0.690098 0.089657
v 0.185863 -0.900000 0.091453
v 2.592726 0.699188 0.087061
v 2.071203 0.351506 0.087061
v 1.549680 0.003823 0.087061
v 1.028156 -0.343859 0.087061
v 2.071541 0.350999 0.084000
v 1.550017 0.003317 0.084000
v 1.028494 -0.344365 0.084000
v 0.004000 -1.026073 -0.088000
v 0.004000 -1.035260 -0.088000
v 0.004000 -1.034704 -0.087062
v 0.004000 -1.033972 -0.084000
v 0.004000 -1.027362 -0.084000
v 0.004000 -1.026630 -0.087062
v 3.096000 1.026073 -0.088000
v 3.096000 1.035260 -0.088000
v 3.096000 1.034704 -0.087061
v 3.096000 1.033972 -0.084000
v 3.096000 1.027362 -0.084000
v 3.096000 1.026630 -0.087061
v 2.593276 0.691480 -0.087061
v 3.000000 0.962073 -0.088000
v 3.000000 0.960545 -0.089657
v 2.597376 0.685331 -0.092000
v 3.000000 0.953747 -0.092000
v 3.000000 0.957426 -0.091391
v 0.507767 -0.700943 -0.089657
v 0.100000 -0.972788 -0.089657
v 0.100000 -0.975907 -0.091391
v 0.506468 -0.698993 -0.084000
v 0.100000 -0.979587 -0.092000
v 0.510905 -0.705650 -0.092000
v 0.509207 -0.703103 -0.091391
v 1.032523 -0.357905 -0.092000
v 1.030825 -0.355357 -0.091391
v 1.554140 -0.010160 -0.092000
v 1.552442 -0.007612 -0.091391
v 2.075758 0.337585 -0.092000
v 2.074060 0.340133 -0.091391
v 2.595677 0.687878 -0.091391
v 2.594238 0.690037 -0.089657
v 2.072620 0.342292 -0.089657
v 1.551003 -0.005453 -0.089657
v 1.029385 -0.353198 -0.089657
v 2.071658 0.343735 -0.087061
v 1.550040 -0.004010 -0.087061
v 1.028423 -0.351755 -0.087061
v 0.506805 -0.699500 -0.087061
v 0.100000 -0.971260 -0.088000
v 2.592938 0.691987 -0.084000
v 2.071320 0.344242 -0.084000
v 1.549703 -0.003503 -0.084000
v 1.028085 -0.351248 -0.084000
v 0.502624 -0.685331 -0.092000
v 0.100000 -0.953747 -0.092000
v 0.100000 -0.957426 -0.091391
v 2.592233 0.700943 -0.089657
v 3.000000 0.972788 -0.089657
v 3.000000 0.975907 -0.091391
v 3.000000 0.971260 -0.088000
v 2.593533 0.698993 -0.084000
v 0.506724 -0.691480 -0.087061
v 2.593195 0.699500 -0.087061
v 2.071577 0.351755 -0.087061
v 2.071915 0.351248 -0.084000
v 1.549959 0.004010 -0.087061
v 1.550297 0.003503 -0.084000
v 1.028342 -0.343735 -0.087061
v 1.028680 -0.344242 -0.084000
v 0.507062 -0.691987 -0.084000
v 2.070615 0.353198 -0.089657
v 1.548998 0.005453 -0.089657
v 1.027380 -0.342292 -0.089657
v 0.505762 -0.690037 -0.089657
v 0.100000 -0.962073 -0.088000
v 0.100000 -0.960545 -0.089657
v 0.504323 -0.687878 -0.091391
v 1.025940 -0.340133 -0.091391
v 1.547558 0.007612 -0.091391
v 2.069175 0.355357 -0.091391
v 2.590793 0.703103 -0.091391
v 3.000000 0.979587 -0.092000
v 2.589095 0.705650 -0.092000
v 2.067477 0.357905 -0.092000
v 1.545860 0.010160 -0.092000
v 1.024242 -0.337585 -0.092000
v 3.000000 1.026759 -0.092000
v 3.000000 1.026759 -0.100000
v 0.100000 -0.906574 -0.092000
v 0.100000 -0.906574 -0.100000
v 3.000000 0.906574 -0.100000
v 0.100000 -1.026759 -0.100000
v 3.000000 0.906574 -0.092000
v 0.100000 -1.026759 -0.092000
v 2.309500 -1.072500 -0.200000
v 2.309500 -1.027500 -0.200000
v 2.210500 -1.072500 -0.200000
v 2.210500 -1.027500 -0.200000
v 2.090500 -1.027500 -0.200000
v 2.090500 -1.072500 -0.200000
v 2.189500 -1.027500 -0.200000
v 2.189500 -1.072500 -0.200000
v 1.970500 -1.027500 -0.200000
v 1.970500 -1.072500 -0.200000
v 2.069500 -1.027500 -0.200000
v 2.069500 -1.072500 -0.200000
v 1.850500 -1.027500 -0.200000
v 1.850500 -1.072500 -0.200000
v 1.949500 -1.027500 -0.200000
v 1.949500 -1.072500 -0.200000
v 1.730500 -1.027500 -0.200000
v 1.730500 -1.072500 -0.200000
v 1.829500 -1.027500 -0.200000
v 1.829500 -1.072500 -0.200000
v 1.610500 -1.027500 -0.200000
v 1.610500 -1.072500 -0.200000
v 1.709500 -1.027500 -0.200000
v 1.709500 -1.072500 -0.200000
v 1.490500 -1.027500 -0.200000
v 1.490500 -1.072500 -0.200000
v 1.589500 -1.027500 -0.200000
v 1.589500 -1.072500 -0.200000
v 1.370500 -1.027500 -0.200000
v 1.370500 -1.072500 -0.200000
v 1.469500 -1.027500 -0.200000
v 1.469500 -1.072500 -0.200000
v 1.250500 -1.027500 -0.200000
v 1.250500 -1.072500 -0.200000
v 1.349500 -1.027500 -0.200000
v 1.349500 -1.072500 -0.200000
v 1.130500 -1.027500 -0.200000
v 1.130500 -1.072500 -0.200000
v 1.229500 -1.027500 -0.200000
v 1.229500 -1.072500 -0.200000
v 2.370000 -1.072500 -0.200000
v 2.370000 -1.027500 -0.200000
v 2.330500 -1.072500 -0.200000
v 2.330500 -1.027500 -0.200000
v 2.370000 -1.027500 -0.232000
v 2.370000 -1.035000 -0.232000
v 2.370000 -1.072500 -0.232000
v 1.070000 -1.027500 -0.232000
v 1.070000 -1.027500 -0.200000
v 1.109500 -1.027500 -0.200000
v 2.330500 -1.027500 -0.217000
v 2.348750 -1.027500 -0.232000
v 2.309500 -1.027500 -0.217000
v 2.260000 -1.027500 -0.232000
v 1.109500 -1.027500 -0.217000
v 1.130500 -1.027500 -0.217000
v 1.180000 -1.027500 -0.232000
v 1.229500 -1.027500 -0.217000
v 1.250500 -1.027500 -0.217000
v 1.300000 -1.027500 -0.232000
v 1.349500 -1.027500 -0.217000
v 1.420000 -1.027500 -0.232000
v 1.370500 -1.027500 -0.217000
v 1.490500 -1.027500 -0.217000
v 1.540000 -1.027500 -0.232000
v 1.469500 -1.027500 -0.217000
v 1.589500 -1.027500 -0.217000
v 1.660000 -1.027500 -0.232000
v 1.610500 -1.027500 -0.217000
v 1.709500 -1.027500 -0.217000
v 1.780000 -1.027500 -0.232000
v 1.730500 -1.027500 -0.217000
v 1.829500 -1.027500 -0.217000
v 1.850500 -1.027500 -0.217000
v 2.020000 -1.027500 -0.232000
v 1.949500 -1.027500 -0.217000
v 1.970500 -1.027500 -0.217000
v 2.069500 -1.027500 -0.217000
v 2.140000 -1.027500 -0.232000
v 2.090500 -1.027500 -0.217000
v 2.189500 -1.027500 -0.217000
v 2.210500 -1.027500 -0.217000
v 1.070000 -1.072500 -0.232000
v 1.070000 -1.072500 -0.200000
v 1.070000 -1.035000 -0.232000
v 2.348750 -1.072500 -0.232000
v 2.330500 -1.072500 -0.217000
v 2.140000 -1.072500 -0.232000
v 2.260000 -1.072500 -0.232000
v 2.210500 -1.072500 -0.217000
v 2.309500 -1.072500 -0.217000
v 2.189500 -1.072500 -0.217000
v 2.090500 -1.072500 -0.217000
v 2.069500 -1.072500 -0.217000
v 2.020000 -1.072500 -0.232000
v 1.949500 -1.072500 -0.217000
v 1.850500 -1.072500 -0.217000
v 1.970500 -1.072500 -0.217000
v 1.780000 -1.072500 -0.232000
v 1.829500 -1.072500 -0.217000
v 1.730500 -1.072500 -0.217000
v 1.709500 -1.072500 -0.217000
v 1.660000 -1.072500 -0.232000
v 1.610500 -1.072500 -0.217000
v 1.589500 -1.072500 -0.217000
v 1.540000 -1.072500 -0.232000
v 1.490500 -1.072500 -0.217000
v 1.469500 -1.072500 -0.217000
v 1.420000 -1.072500 -0.232000
v 1.370500 -1.072500 -0.217000
v 1.349500 -1.072500 -0.217000
v 1.300000 -1.072500 -0.232000
v 1.250500 -1.072500 -0.217000
v 1.229500 -1.072500 -0.217000
v 1.180000 -1.072500 -0.232000
v 1.130500 -1.072500 -0.217000
v 1.109500 -1.072500 -0.200000
v 1.109500 -1.072500 -0.217000
v 2.348750 -1.035000 -0.232000
v 2.260000 -1.035000 -0.232000
v 2.140000 -1.035000 -0.232000
v 2.020000 -1.035000 -0.232000
v 1.780000 -1.035000 -0.232000
v 1.660000 -1.035000 -0.232000
v 1.540000 -1.035000 -0.232000
v 1.420000 -1.035000 -0.232000
v 1.300000 -1.035000 -0.232000
v 1.180000 -1.035000 -0.232000
v 1.126495 -1.053750 -0.232000
v 1.127500 -1.050000 -0.232000
v 1.126495 -1.046250 -0.232000
v 1.113505 -1.053750 -0.232000
v 1.112500 -1.050000 -0.232000
v 1.113505 -1.046250 -0.232000
v 1.123750 -1.043505 -0.232000
v 1.120000 -1.042500 -0.232000
v 1.116250 -1.043505 -0.232000
v 1.116250 -1.056495 -0.232000
v 1.120000 -1.057500 -0.232000
v 1.123750 -1.056495 -0.232000
v 1.233505 -1.046250 -0.232000
v 1.232500 -1.050000 -0.232000
v 1.246495 -1.053750 -0.232000
v 1.247500 -1.050000 -0.232000
v 1.246495 -1.046250 -0.232000
v 1.233505 -1.053750 -0.232000
v 1.243750 -1.043505 -0.232000
v 1.240000 -1.042500 -0.232000
v 1.236250 -1.043505 -0.232000
v 1.236250 -1.056495 -0.232000
v 1.240000 -1.057500 -0.232000
v 1.243750 -1.056495 -0.232000
v 1.353505 -1.046250 -0.232000
v 1.352500 -1.050000 -0.232000
v 1.366495 -1.053750 -0.232000
v 1.367500 -1.050000 -0.232000
v 1.366495 -1.046250 -0.232000
v 1.353505 -1.053750 -0.232000
v 1.363750 -1.043505 -0.232000
v 1.360000 -1.042500 -0.232000
v 1.356250 -1.043505 -0.232000
v 1.356250 -1.056495 -0.232000
v 1.360000 -1.057500 -0.232000
v 1.363750 -1.056495 -0.232000
v 1.486495 -1.053750 -0.232000
v 1.487500 -1.050000 -0.232000
v 1.486495 -1.046250 -0.232000
v 1.473505 -1.046250 -0.232000
v 1.472500 -1.050000 -0.232000
v 1.473505 -1.053750 -0.232000
v 1.483750 -1.043505 -0.232000
v 1.480000 -1.042500 -0.232000
v 1.476250 -1.043505 -0.232000
v 1.476250 -1.056495 -0.232000
v 1.480000 -1.057500 -0.232000
v 1.483750 -1.056495 -0.232000
v 1.606495 -1.053750 -0.232000
v 1.607500 -1.050000 -0.232000
v 1.606495 -1.046250 -0.232000
v 1.593505 -1.046250 -0.232000
v 1.592500 -1.050000 -0.232000
v 1.593505 -1.053750 -0.232000
v 1.603750 -1.043505 -0.232000
v 1.600000 -1.042500 -0.232000
v 1.596250 -1.043505 -0.232000
v 1.596250 -1.056495 -0.232000
v 1.600000 -1.057500 -0.232000
v 1.603750 -1.056495 -0.232000
v 1.726495 -1.053750 -0.232000
v 1.727500 -1.050000 -0.232000
v 1.726495 -1.046250 -0.232000
v 1.713505 -1.046250 -0.232000
v 1.712500 -1.050000 -0.232000
v 1.713505 -1.053750 -0.232000
v 1.723750 -1.043505 -0.232000
v 1.720000 -1.042500 -0.232000
v 1.716250 -1.043505 -0.232000
v 1.716250 -1.056495 -0.232000
v 1.720000 -1.057500 -0.232000
v 1.723750 -1.056495 -0.232000
v 1.833505 -1.046250 -0.232000
v 1.832500 -1.050000 -0.232000
v 1.966495 -1.053750 -0.232000
v 1.967500 -1.050000 -0.232000
v 1.966495 -1.046250 -0.232000
v 1.833505 -1.053750 -0.232000
v 1.846495 -1.046250 -0.232000
v 1.843750 -1.043505 -0.232000
v 1.840000 -1.042500 -0.232000
v 1.836250 -1.043505 -0.232000
v 1.963750 -1.043505 -0.232000
v 1.960000 -1.042500 -0.232000
v 1.836250 -1.056495 -0.232000
v 1.840000 -1.057500 -0.232000
v 1.843750 -1.056495 -0.232000
v 1.846495 -1.053750 -0.232000
v 1.956250 -1.043505 -0.232000
v 1.953505 -1.046250 -0.232000
v 1.847500 -1.050000 -0.232000
v 1.952500 -1.050000 -0.232000
v 1.953505 -1.053750 -0.232000
v 1.956250 -1.056495 -0.232000
v 1.960000 -1.057500 -0.232000
v 1.963750 -1.056495 -0.232000
v 2.073505 -1.046250 -0.232000
v 2.072500 -1.050000 -0.232000
v 2.073505 -1.053750 -0.232000
v 2.086495 -1.046250 -0.232000
v 2.083750 -1.043505 -0.232000
v 2.080000 -1.042500 -0.232000
v 2.076250 -1.043505 -0.232000
v 2.076250 -1.056495 -0.232000
v 2.080000 -1.057500 -0.232000
v 2.083750 -1.056495 -0.232000
v 2.086495 -1.053750 -0.232000
v 2.087500 -1.050000 -0.232000
v 2.196250 -1.056495 -0.232000
v 2.200000 -1.057500 -0.232000
v 2.196250 -1.043505 -0.232000
v 2.200000 -1.042500 -0.232000
v 2.203750 -1.043505 -0.232000
v 2.206495 -1.046250 -0.232000
v 2.193505 -1.046250 -0.232000
v 2.192500 -1.050000 -0.232000
v 2.193505 -1.053750 -0.232000
v 2.203750 -1.056495 -0.232000
v 2.206495 -1.053750 -0.232000
v 2.207500 -1.050000 -0.232000
v 2.326495 -1.053750 -0.232000
v 2.327500 -1.050000 -0.232000
v 2.326495 -1.046250 -0.232000
v 2.323750 -1.056495 -0.232000
v 2.320000 -1.057500 -0.232000
v 2.316250 -1.056495 -0.232000
v 2.316250 -1.043505 -0.232000
v 2.320000 -1.042500 -0.232000
v 2.323750 -1.043505 -0.232000
v 2.313505 -1.046250 -0.232000
v 2.312500 -1.050000 -0.232000
v 2.313505 -1.053750 -0.232000
v 2.316250 -1.056495 -0.217000
v 2.320000 -1.057500 -0.217000
v 2.323750 -1.056495 -0.217000
v 2.313505 -1.053750 -0.217000
v 2.312500 -1.050000 -0.217000
v 2.313505 -1.046250 -0.217000
v 2.316250 -1.043505 -0.217000
v 2.320000 -1.042500 -0.217000
v 2.323750 -1.043505 -0.217000
v 2.326495 -1.046250 -0.217000
v 2.327500 -1.050000 -0.217000
v 2.326495 -1.053750 -0.217000
v 1.113505 -1.046250 -0.217000
v 1.112500 -1.050000 -0.217000
v 1.113505 -1.053750 -0.217000
v 1.123750 -1.043505 -0.217000
v 1.120000 -1.042500 -0.217000
v 1.116250 -1.043505 -0.217000
v 1.126495 -1.053750 -0.217000
v 1.127500 -1.050000 -0.217000
v 1.126495 -1.046250 -0.217000
v 1.123750 -1.056495 -0.217000
v 1.120000 -1.057500 -0.217000
v 1.116250 -1.056495 -0.217000
v 1.233505 -1.046250 -0.217000
v 1.232500 -1.050000 -0.217000
v 1.233505 -1.053750 -0.217000
v 1.243750 -1.043505 -0.217000
v 1.240000 -1.042500 -0.217000
v 1.236250 -1.043505 -0.217000
v 1.246495 -1.053750 -0.217000
v 1.247500 -1.050000 -0.217000
v 1.246495 -1.046250 -0.217000
v 1.243750 -1.056495 -0.217000
v 1.240000 -1.057500 -0.217000
v 1.236250 -1.056495 -0.217000
v 1.353505 -1.046250 -0.217000
v 1.352500 -1.050000 -0.217000
v 1.353505 -1.053750 -0.217000
v 1.356250 -1.056495 -0.217000
v 1.363750 -1.043505 -0.217000
v 1.360000 -1.042500 -0.217000
v 1.356250 -1.043505 -0.217000
v 1.366495 -1.046250 -0.217000
v 1.367500 -1.050000 -0.217000
v 1.366495 -1.053750 -0.217000
v 1.363750 -1.056495 -0.217000
v 1.360000 -1.057500 -0.217000
v 1.473505 -1.046250 -0.217000
v 1.472500 -1.050000 -0.217000
v 1.473505 -1.053750 -0.217000
v 1.476250 -1.056495 -0.217000
v 1.487500 -1.050000 -0.217000
v 1.486495 -1.046250 -0.217000
v 1.486495 -1.053750 -0.217000
v 1.483750 -1.056495 -0.217000
v 1.480000 -1.057500 -0.217000
v 1.476250 -1.043505 -0.217000
v 1.480000 -1.042500 -0.217000
v 1.483750 -1.043505 -0.217000
v 1.593505 -1.046250 -0.217000
v 1.592500 -1.050000 -0.217000
v 1.593505 -1.053750 -0.217000
v 1.596250 -1.056495 -0.217000
v 1.607500 -1.050000 -0.217000
v 1.606495 -1.046250 -0.217000
v 1.606495 -1.053750 -0.217000
v 1.603750 -1.056495 -0.217000
v 1.600000 -1.057500 -0.217000
v 1.596250 -1.043505 -0.217000
v 1.600000 -1.042500 -0.217000
v 1.603750 -1.043505 -0.217000
v 1.713505 -1.046250 -0.217000
v 1.712500 -1.050000 -0.217000
v 1.713505 -1.053750 -0.217000
v 1.716250 -1.056495 -0.217000
v 1.727500 -1.050000 -0.217000
v 1.726495 -1.046250 -0.217000
v 1.726495 -1.053750 -0.217000
v 1.723750 -1.056495 -0.217000
v 1.720000 -1.057500 -0.217000
v 1.716250 -1.043505 -0.217000
v 1.720000 -1.042500 -0.217000
v 1.723750 -1.043505 -0.217000
v 1.833505 -1.046250 -0.217000
v 1.832500 -1.050000 -0.217000
v 1.833505 -1.053750 -0.217000
v 1.836250 -1.056495 -0.217000
v 1.847500 -1.050000 -0.217000
v 1.846495 -1.046250 -0.217000
v 1.846495 -1.053750 -0.217000
v 1.843750 -1.056495 -0.217000
v 1.840000 -1.057500 -0.217000
v 1.836250 -1.043505 -0.217000
v 1.840000 -1.042500 -0.217000
v 1.843750 -1.043505 -0.217000
v 1.953505 -1.053750 -0.217000
v 1.952500 -1.050000 -0.217000
v 1.963750 -1.043505 -0.217000
v 1.966495 -1.046250 -0.217000
v 1.967500 -1.050000 -0.217000
v 1.966495 -1.053750 -0.217000
v 1.953505 -1.046250 -0.217000
v 1.956250 -1.043505 -0.217000
v 1.960000 -1.042500 -0.217000
v 1.963750 -1.056495 -0.217000
v 1.960000 -1.057500 -0.217000
v 1.956250 -1.056495 -0.217000
v 2.073505 -1.053750 -0.217000
v 2.072500 -1.050000 -0.217000
v 2.083750 -1.043505 -0.217000
v 2.086495 -1.046250 -0.217000
v 2.087500 -1.050000 -0.217000
v 2.086495 -1.053750 -0.217000
v 2.073505 -1.046250 -0.217000
v 2.076250 -1.043505 -0.217000
v 2.080000 -1.042500 -0.217000
v 2.083750 -1.056495 -0.217000
v 2.080000 -1.057500 -0.217000
v 2.076250 -1.056495 -0.217000
v 2.193505 -1.053750 -0.217000
v 2.192500 -1.050000 -0.217000
v 2.203750 -1.043505 -0.217000
v 2.206495 -1.046250 -0.217000
v 2.207500 -1.050000 -0.217000
v 2.206495 -1.053750 -0.217000
v 2.203750 -1.056495 -0.217000
v 2.200000 -1.057500 -0.217000
v 2.196250 -1.056495 -0.217000
v 2.193505 -1.046250 -0.217000
v 2.196250 -1.043505 -0.217000
v 2.200000 -1.042500 -0.217000
v 2.977489 0.930928 0.181983
v 2.829707 1.192961 0.176423
v 2.996117 0.943346 0.176423
v 2.848867 1.205734 0.175071
v 3.015277 0.956119 0.175071
v 2.867907 1.218428 0.177974
v 3.034317 0.968813 0.177974
v 2.886179 1.230610 0.185032
v 3.052589 0.980994 0.185032
v 2.903062 1.241864 0.196006
v 3.069472 0.992249 0.196006
v 2.917979 1.251809 0.210521
v 3.084389 1.002194 0.210521
v 2.930422 1.260105 0.228082
v 3.096833 1.010490 0.228082
v 2.939969 1.266469 0.248093
v 3.106380 1.016854 0.248093
v 2.946294 1.270686 0.269872
v 3.112704 1.021071 0.269872
v 2.949182 1.272611 0.292677
v 3.115592 1.022996 0.292677
v 2.948534 1.272179 0.315730
v 3.114944 1.022564 0.315730
v 2.944372 1.269404 0.338249
v 3.110782 1.019789 0.338249
v 2.936838 1.264382 0.359464
v 3.103248 1.014767 0.359464
v 2.926189 1.257282 0.378655
v 3.092599 1.007667 0.378655
v 2.912787 1.248348 0.395167
v 3.079197 0.998733 0.395167
v 2.897089 1.237882 0.408439
v 3.063499 0.988267 0.408439
v 2.879629 1.226243 0.418018
v 3.046039 0.976627 0.418018
v 2.861002 1.213824 0.423577
v 3.027412 0.964209 0.423577
v 2.841842 1.201051 0.424929
v 3.008252 0.951436 0.424929
v 2.822801 1.188357 0.422026
v 2.989212 0.938742 0.422026
v 2.804529 1.176176 0.414968
v 2.970939 0.926561 0.414968
v 2.787647 1.164921 0.403994
v 2.954057 0.915306 0.403994
v 2.772730 1.154976 0.389480
v 2.939140 0.905361 0.389480
v 2.760286 1.146681 0.371918
v 2.926696 0.897066 0.371918
v 2.750739 1.140316 0.351907
v 2.917149 0.890701 0.351907
v 2.744414 1.136099 0.330128
v 2.910824 0.886484 0.330128
v 2.741527 1.134174 0.307324
v 2.907937 0.884559 0.307324
v 2.742175 1.134606 0.284270
v 2.908585 0.884991 0.284270
v 2.746337 1.137381 0.261751
v 2.912747 0.887766 0.261751
v 2.753870 1.142403 0.240536
v 2.920280 0.892788 0.240536
v 2.764519 1.149503 0.221345
v 2.930930 0.899888 0.221345
v 2.777921 1.158437 0.204833
v 2.944331 0.908822 0.204833
v 2.793620 1.168903 0.191561
v 2.960030 0.919288 0.191561
v 2.811080 1.180543 0.181983
v 2.845354 1.203393 0.300000
v 3.011764 0.953778 0.300000
v 2.886957 0.870573 0.300000
v 2.886957 0.870573 0.100000
v 2.898051 0.853932 0.300000
v 2.898051 0.853932 0.100000
v 2.899753 0.855066 0.324689
v 2.888659 0.871707 0.324689
v 2.904813 0.858440 0.348705
v 2.893719 0.875081 0.348705
v 2.913093 0.863960 0.371392
v 2.901999 0.880601 0.371392
v 2.924368 0.871476 0.392132
v 2.913274 0.888117 0.392132
v 2.938329 0.880783 0.410359
v 2.927234 0.897424 0.410359
v 2.954595 0.891628 0.425575
v 2.943501 0.908269 0.425575
v 2.972724 0.903714 0.437366
v 2.961630 0.920355 0.437366
v 2.992220 0.916711 0.445410
v 2.981126 0.933352 0.445410
v 3.012552 0.930266 0.449488
v 3.001458 0.946907 0.449488
v 3.033165 0.944008 0.449488
v 3.022071 0.960649 0.449488
v 3.053497 0.957562 0.445410
v 3.042403 0.974203 0.445410
v 3.072993 0.970560 0.437366
v 3.061899 0.987201 0.437366
v 3.091122 0.982645 0.425575
v 3.080028 0.999286 0.425575
v 3.107388 0.993490 0.410359
v 3.096294 1.010131 0.410359
v 3.121349 1.002797 0.392132
v 3.110255 1.019438 0.392132
v 3.132623 1.010313 0.371392
v 3.121529 1.026954 0.371392
v 3.140903 1.015833 0.348705
v 3.129809 1.032474 0.348705
v 3.145964 1.019207 0.324689
v 3.134870 1.035848 0.324689
v 3.147666 1.020342 0.300000
v 3.136572 1.036983 0.300000
v 3.136572 1.036983 0.100000
v 3.147666 1.020342 0.100000
v 2.709453 1.136829 0.300000
v 2.709453 1.136829 0.100000
v 2.720547 1.120188 0.300000
v 2.720547 1.120188 0.100000
v 2.722249 1.121323 0.324689
v 2.711155 1.137964 0.324689
v 2.727309 1.124696 0.348705
v 2.716215 1.141337 0.348705
v 2.735589 1.130216 0.371392
v 2.724495 1.146857 0.371392
v 2.746864 1.137732 0.392132
v 2.735770 1.154373 0.392132
v 2.760824 1.147039 0.410359
v 2.749730 1.163680 0.410359
v 2.777091 1.157884 0.425575
v 2.765997 1.174525 0.425575
v 2.795220 1.169970 0.437366
v 2.784126 1.186611 0.437366
v 2.814716 1.182967 0.445410
v 2.803622 1.199608 0.445410
v 2.835048 1.196522 0.449488
v 2.823954 1.213163 0.449488
v 2.855661 1.210264 0.449488
v 2.844567 1.226905 0.449488
v 2.875993 1.223818 0.445410
v 2.864899 1.240459 0.445410
v 2.895489 1.236816 0.437366
v 2.884395 1.253457 0.437366
v 2.913618 1.248901 0.425575
v 2.902524 1.265543 0.425575
v 2.929884 1.259746 0.410359
v 2.918790 1.276387 0.410359
v 2.943845 1.269053 0.392132
v 2.932751 1.285694 0.392132
v 2.955119 1.276569 0.371392
v 2.944025 1.293210 0.371392
v 2.963399 1.282089 0.348705
v 2.952305 1.298730 0.348705
v 2.968460 1.285463 0.324689
v 2.957366 1.302104 0.324689
v 2.970162 1.286598 0.300000
v 2.959068 1.303239 0.300000
v 2.959068 1.303239 0.100000
v 2.970162 1.286598 0.100000
v 2.811080 -1.180543 0.181982
v 2.996117 -0.943346 0.176423
v 2.829707 -1.192961 0.176423
v 3.015277 -0.956119 0.175071
v 2.848867 -1.205734 0.175071
v 3.034317 -0.968813 0.177974
v 2.867907 -1.218428 0.177974
v 3.052589 -0.980994 0.185032
v 2.886179 -1.230610 0.185032
v 3.069472 -0.992249 0.196006
v 2.903062 -1.241864 0.196006
v 3.084389 -1.002194 0.210520
v 2.917979 -1.251809 0.210520
v 3.096833 -1.010490 0.228082
v 2.930422 -1.260105 0.228082
v 3.106380 -1.016854 0.248093
v 2.939969 -1.266469 0.248093
v 3.112704 -1.021071 0.269872
v 2.946294 -1.270686 0.269872
v 3.115592 -1.022996 0.292676
v 2.949182 -1.272611 0.292676
v 3.114944 -1.022564 0.315730
v 2.948534 -1.272179 0.315730
v 3.110782 -1.019789 0.338249
v 2.944372 -1.269404 0.338249
v 3.103248 -1.014767 0.359464
v 2.936838 -1.264382 0.359464
v 3.092599 -1.007667 0.378655
v 2.926189 -1.257282 0.378655
v 3.079197 -0.998733 0.395167
v 2.912787 -1.248348 0.395167
v 3.063499 -0.988267 0.408439
v 2.897089 -1.237882 0.408439
v 3.046039 -0.976627 0.418017
v 2.879629 -1.226243 0.418017
v 3.027412 -0.964209 0.423577
v 2.861002 -1.213824 0.423577
v 3.008252 -0.951436 0.424929
v 2.841842 -1.201051 0.424929
v 2.989212 -0.938742 0.422026
v 2.822801 -1.188357 0.422026
v 2.970939 -0.926561 0.414968
v 2.804529 -1.176176 0.414968
v 2.954057 -0.915306 0.403994
v 2.787647 -1.164921 0.403994
v 2.939140 -0.905361 0.389479
v 2.772730 -1.154976 0.389479
v 2.926696 -0.897065 0.371918
v 2.760286 -1.146681 0.371918
v 2.917149 -0.890701 0.351907
v 2.750739 -1.140316 0.351907
v 2.910824 -0.886484 0.330128
v 2.744414 -1.136099 0.330128
v 2.907937 -0.884559 0.307324
v 2.741527 -1.134174 0.307324
v 2.908585 -0.884991 0.284270
v 2.742175 -1.134606 0.284270
v 2.912747 -0.887766 0.261751
v 2.746337 -1.137381 0.261751
v 2.920280 -0.892788 0.240536
v 2.753870 -1.142403 0.240536
v 2.930930 -0.899888 0.221345
v 2.764519 -1.149503 0.221345
v 2.944331 -0.908822 0.204833
v 2.777921 -1.158437 0.204833
v 2.960030 -0.919288 0.191561
v 2.793620 -1.168903 0.191561
v 2.977489 -0.930928 0.181982
v 3.011764 -0.953778 0.300000
v 2.845354 -1.203393 0.300000
v 2.720547 -1.120188 0.300000
v 2.720547 -1.120188 0.100000
v 2.709453 -1.136829 0.300000
v 2.709453 -1.136829 0.100000
v 2.711155 -1.137964 0.324689
v 2.722249 -1.121323 0.324689
v 2.716215 -1.141337 0.348705
v 2.727309 -1.124696 0.348705
v 2.724495 -1.146857 0.371392
v 2.735589 -1.130216 0.371392
v 2.735770 -1.154373 0.392132
v 2.746864 -1.137732 0.392132
v 2.749730 -1.163680 0.410359
v 2.760824 -1.147039 0.410359
v 2.765997 -1.174525 0.425575
v 2.777091 -1.157884 0.425575
v 2.784126 -1.186611 0.437366
v 2.795220 -1.169970 0.437366
v 2.803622 -1.199608 0.445410
v 2.814716 -1.182967 0.445410
v 2.823954 -1.213163 0.449488
v 2.835048 -1.196522 0.449488
v 2.844567 -1.226905 0.449488
v 2.855661 -1.210264 0.449488
v 2.864899 -1.240459 0.445410
v 2.875993 -1.223818 0.445410
v 2.884395 -1.253457 0.437366
v 2.895489 -1.236816 0.437366
v 2.902524 -1.265543 0.425575
v 2.913618 -1.248901 0.425575
v 2.918790 -1.276387 0.410359
v 2.929884 -1.259746 0.410359
v 2.932751 -1.285694 0.392132
v 2.943845 -1.269053 0.392132
v 2.944025 -1.293210 0.371392
v 2.955119 -1.276569 0.371392
v 2.952305 -1.298730 0.348705
v 2.963399 -1.282089 0.348705
v 2.957366 -1.302104 0.324689
v 2.968460 -1.285463 0.324689
v 2.959068 -1.303239 0.300000
v 2.970162 -1.286598 0.300000
v 2.970162 -1.286598 0.100000
v 2.959068 -1.303239 0.100000
v 3.629500 1.027500 -0.200000
v 3.629500 1.072500 -0.200000
v 3.530500 1.027500 -0.200000
v 3.530500 1.072500 -0.200000
v 3.410500 1.072500 -0.200000
v 3.410500 1.027500 -0.200000
v 3.509500 1.072500 -0.200000
v 3.509500 1.027500 -0.200000
v 3.290500 1.072500 -0.200000
v 3.290500 1.027500 -0.200000
v 3.389500 1.072500 -0.200000
v 3.389500 1.027500 -0.200000
v 3.170500 1.072500 -0.200000
v 3.170500 1.027500 -0.200000
v 3.269500 1.072500 -0.200000
v 3.269500 1.027500 -0.200000
v 3.050500 1.072500 -0.200000
v 3.050500 1.027500 -0.200000
v 3.149500 1.072500 -0.200000
v 3.149500 1.027500 -0.200000
v 2.930500 1.072500 -0.200000
v 2.930500 1.027500 -0.200000
v 3.029500 1.072500 -0.200000
v 3.029500 1.027500 -0.200000
v 2.810500 1.072500 -0.200000
v 2.810500 1.027500 -0.200000
v 2.909500 1.072500 -0.200000
v 2.909500 1.027500 -0.200000
v 2.690500 1.072500 -0.200000
v 2.690500 1.027500 -0.200000
v 2.789500 1.072500 -0.200000
v 2.789500 1.027500 -0.200000
v 2.570500 1.072500 -0.200000
v 2.570500 1.027500 -0.200000
v 2.669500 1.072500 -0.200000
v 2.669500 1.027500 -0.200000
v 2.450500 1.072500 -0.200000
v 2.450500 1.027500 -0.200000
v 2.549500 1.072500 -0.200000
v 2.549500 1.027500 -0.200000
v 3.690000 1.027500 -0.200000
v 3.690000 1.072500 -0.200000
v 3.650500 1.027500 -0.200000
v 3.650500 1.072500 -0.200000
v 3.690000 1.072500 -0.232000
v 3.690000 1.065000 -0.232000
v 3.690000 1.027500 -0.232000
v 2.390000 1.072500 -0.232000
v 2.390000 1.072500 -0.200000
v 2.429500 1.072500 -0.200000
v 3.650500 1.072500 -0.217000
v 3.668750 1.072500 -0.232000
v 3.629500 1.072500 -0.217000
v 3.580000 1.072500 -0.232000
v 2.429500 1.072500 -0.217000
v 2.450500 1.072500 -0.217000
v 2.500000 1.072500 -0.232000
v 2.549500 1.072500 -0.217000
v 2.570500 1.072500 -0.217000
v 2.620000 1.072500 -0.232000
v 2.669500 1.072500 -0.217000
v 2.740000 1.072500 -0.232000
v 2.690500 1.072500 -0.217000
v 2.810500 1.072500 -0.217000
v 2.860000 1.072500 -0.232000
v 2.789500 1.072500 -0.217000
v 2.909500 1.072500 -0.217000
v 2.980000 1.072500 -0.232000
v 2.930500 1.072500 -0.217000
v 3.029500 1.072500 -0.217000
v 3.100000 1.072500 -0.232000
v 3.050500 1.072500 -0.217000
v 3.149500 1.072500 -0.217000
v 3.170500 1.072500 -0.217000
v 3.340000 1.072500 -0.232000
v 3.269500 1.072500 -0.217000
v 3.290500 1.072500 -0.217000
v 3.389500 1.072500 -0.217000
v 3.460000 1.072500 -0.232000
v 3.410500 1.072500 -0.217000
v 3.509500 1.072500 -0.217000
v 3.530500 1.072500 -0.217000
v 2.390000 1.027500 -0.232000
v 2.390000 1.027500 -0.200000
v 2.390000 1.065000 -0.232000
v 3.668750 1.027500 -0.232000
v 3.650500 1.027500 -0.217000
v 3.460000 1.027500 -0.232000
v 3.580000 1.027500 -0.232000
v 3.530500 1.027500 -0.217000
v 3.629500 1.027500 -0.217000
v 3.509500 1.027500 -0.217000
v 3.410500 1.027500 -0.217000
v 3.389500 1.027500 -0.217000
v 3.340000 1.027500 -0.232000
v 3.269500 1.027500 -0.217000
v 3.170500 1.027500 -0.217000
v 3.290500 1.027500 -0.217000
v 3.100000 1.027500 -0.232000
v 3.149500 1.027500 -0.217000
v 3.050500 1.027500 -0.217000
v 3.029500 1.027500 -0.217000
v 2.980000 1.027500 -0.232000
v 2.930500 1.027500 -0.217000
v 2.909500 1.027500 -0.217000
v 2.860000 1.027500 -0.232000
v 2.810500 1.027500 -0.217000
v 2.789500 1.027500 -0.217000
v 2.740000 1.027500 -0.232000
v 2.690500 1.027500 -0.217000
v 2.669500 1.027500 -0.217000
v 2.620000 1.027500 -0.232000
v 2.570500 1.027500 -0.217000
v 2.549500 1.027500 -0.217000
v 2.500000 1.027500 -0.232000
v 2.450500 1.027500 -0.217000
v 2.429500 1.027500 -0.200000
v 2.429500 1.027500 -0.217000
v 3.668750 1.065000 -0.232000
v 3.580000 1.065000 -0.232000
v 3.460000 1.065000 -0.232000
v 3.340000 1.065000 -0.232000
v 3.100000 1.065000 -0.232000
v 2.980000 1.065000 -0.232000
v 2.860000 1.065000 -0.232000
v 2.740000 1.065000 -0.232000
v 2.620000 1.065000 -0.232000
v 2.500000 1.065000 -0.232000
v 2.446495 1.046250 -0.232000
v 2.447500 1.050000 -0.232000
v 2.446495 1.053750 -0.232000
v 2.433505 1.046250 -0.232000
v 2.432500 1.050000 -0.232000
v 2.433505 1.053750 -0.232000
v 2.443750 1.056495 -0.232000
v 2.440000 1.057500 -0.232000
v 2.436250 1.056495 -0.232000
v 2.436250 1.043505 -0.232000
v 2.440000 1.042500 -0.232000
v 2.443750 1.043505 -0.232000
v 2.553505 1.053750 -0.232000
v 2.552500 1.050000 -0.232000
v 2.566495 1.046250 -0.232000
v 2.567500 1.050000 -0.232000
v 2.566495 1.053750 -0.232000
v 2.553505 1.046250 -0.232000
v 2.563750 1.056495 -0.232000
v 2.560000 1.057500 -0.232000
v 2.556250 1.056495 -0.232000
v 2.556250 1.043505 -0.232000
v 2.560000 1.042500 -0.232000
v 2.563750 1.043505 -0.232000
v 2.673505 1.053750 -0.232000
v 2.672500 1.050000 -0.232000
v 2.686495 1.046250 -0.232000
v 2.687500 1.050000 -0.232000
v 2.686495 1.053750 -0.232000
v 2.673505 1.046250 -0.232000
v 2.683750 1.056495 -0.232000
v 2.680000 1.057500 -0.232000
v 2.676250 1.056495 -0.232000
v 2.676250 1.043505 -0.232000
v 2.680000 1.042500 -0.232000
v 2.683750 1.043505 -0.232000
v 2.806495 1.046250 -0.232000
v 2.807500 1.050000 -0.232000
v 2.806495 1.053750 -0.232000
v 2.793505 1.053750 -0.232000
v 2.792500 1.050000 -0.232000
v 2.793505 1.046250 -0.232000
v 2.803750 1.056495 -0.232000
v 2.800000 1.057500 -0.232000
v 2.796250 1.056495 -0.232000
v 2.796250 1.043505 -0.232000
v 2.800000 1.042500 -0.232000
v 2.803750 1.043505 -0.232000
v 2.926495 1.046250 -0.232000
v 2.927500 1.050000 -0.232000
v 2.926495 1.053750 -0.232000
v 2.913505 1.053750 -0.232000
v 2.912500 1.050000 -0.232000
v 2.913505 1.046250 -0.232000
v 2.923750 1.056495 -0.232000
v 2.920000 1.057500 -0.232000
v 2.916250 1.056495 -0.232000
v 2.916250 1.043505 -0.232000
v 2.920000 1.042500 -0.232000
v 2.923750 1.043505 -0.232000
v 3.046495 1.046250 -0.232000
v 3.047500 1.050000 -0.232000
v 3.046495 1.053750 -0.232000
v 3.033505 1.053750 -0.232000
v 3.032500 1.050000 -0.232000
v 3.033505 1.046250 -0.232000
v 3.043750 1.056495 -0.232000
v 3.040000 1.057500 -0.232000
v 3.036250 1.056495 -0.232000
v 3.036250 1.043505 -0.232000
v 3.040000 1.042500 -0.232000
v 3.043750 1.043505 -0.232000
v 3.153505 1.053750 -0.232000
v 3.152500 1.050000 -0.232000
v 3.286495 1.046250 -0.232000
v 3.287500 1.050000 -0.232000
v 3.286495 1.053750 -0.232000
v 3.153505 1.046250 -0.232000
v 3.166495 1.053750 -0.232000
v 3.163750 1.056495 -0.232000
v 3.160000 1.057500 -0.232000
v 3.156250 1.056495 -0.232000
v 3.283750 1.056495 -0.232000
v 3.280000 1.057500 -0.232000
v 3.156250 1.043505 -0.232000
v 3.160000 1.042500 -0.232000
v 3.163750 1.043505 -0.232000
v 3.166495 1.046250 -0.232000
v 3.276250 1.056495 -0.232000
v 3.273505 1.053750 -0.232000
v 3.167500 1.050000 -0.232000
v 3.272500 1.050000 -0.232000
v 3.273505 1.046250 -0.232000
v 3.276250 1.043505 -0.232000
v 3.280000 1.042500 -0.232000
v 3.283750 1.043505 -0.232000
v 3.393505 1.053750 -0.232000
v 3.392500 1.050000 -0.232000
v 3.393505 1.046250 -0.232000
v 3.406495 1.053750 -0.232000
v 3.403750 1.056495 -0.232000
v 3.400000 1.057500 -0.232000
v 3.396250 1.056495 -0.232000
v 3.396250 1.043505 -0.232000
v 3.400000 1.042500 -0.232000
v 3.403750 1.043505 -0.232000
v 3.406495 1.046250 -0.232000
v 3.407500 1.050000 -0.232000
v 3.516250 1.043505 -0.232000
v 3.520000 1.042500 -0.232000
v 3.516250 1.056495 -0.232000
v 3.520000 1.057500 -0.232000
v 3.523750 1.056495 -0.232000
v 3.526495 1.053750 -0.232000
v 3.513505 1.053750 -0.232000
v 3.512500 1.050000 -0.232000
v 3.513505 1.046250 -0.232000
v 3.523750 1.043505 -0.232000
v 3.526495 1.046250 -0.232000
v 3.527500 1.050000 -0.232000
v 3.646495 1.046250 -0.232000
v 3.647500 1.050000 -0.232000
v 3.646495 1.053750 -0.232000
v 3.643750 1.043505 -0.232000
v 3.640000 1.042500 -0.232000
v 3.636250 1.043505 -0.232000
v 3.636250 1.056495 -0.232000
v 3.640000 1.057500 -0.232000
v 3.643750 1.056495 -0.232000
v 3.633505 1.053750 -0.232000
v 3.632500 1.050000 -0.232000
v 3.633505 1.046250 -0.232000
v 3.636250 1.043505 -0.217000
v 3.640000 1.042500 -0.217000
v 3.643750 1.043505 -0.217000
v 3.633505 1.046250 -0.217000
v 3.632500 1.050000 -0.217000
v 3.633505 1.053750 -0.217000
v 3.636250 1.056495 -0.217000
v 3.640000 1.057500 -0.217000
v 3.643750 1.056495 -0.217000
v 3.646495 1.053750 -0.217000
v 3.647500 1.050000 -0.217000
v 3.646495 1.046250 -0.217000
v 2.433505 1.053750 -0.217000
v 2.432500 1.050000 -0.217000
v 2.433505 1.046250 -0.217000
v 2.443750 1.056495 -0.217000
v 2.440000 1.057500 -0.217000
v 2.436250 1.056495 -0.217000
v 2.446495 1.046250 -0.217000
v 2.447500 1.050000 -0.217000
v 2.446495 1.053750 -0.217000
v 2.443750 1.043505 -0.217000
v 2.440000 1.042500 -0.217000
v 2.436250 1.043505 -0.217000
v 2.553505 1.053750 -0.217000
v 2.552500 1.050000 -0.217000
v 2.553505 1.046250 -0.217000
v 2.563750 1.056495 -0.217000
v 2.560000 1.057500 -0.217000
v 2.556250 1.056495 -0.217000
v 2.566495 1.046250 -0.217000
v 2.567500 1.050000 -0.217000
v 2.566495 1.053750 -0.217000
v 2.563750 1.043505 -0.217000
v 2.560000 1.042500 -0.217000
v 2.556250 1.043505 -0.217000
v 2.673505 1.053750 -0.217000
v 2.672500 1.050000 -0.217000
v 2.673505 1.046250 -0.217000
v 2.676250 1.043505 -0.217000
v 2.683750 1.056495 -0.217000
v 2.680000 1.057500 -0.217000
v 2.676250 1.056495 -0.217000
v 2.686495 1.053750 -0.217000
v 2.687500 1.050000 -0.217000
v 2.686495 1.046250 -0.217000
v 2.683750 1.043505 -0.217000
v 2.680000 1.042500 -0.217000
v 2.793505 1.053750 -0.217000
v 2.792500 1.050000 -0.217000
v 2.793505 1.046250 -0.217000
v 2.796250 1.043505 -0.217000
v 2.807500 1.050000 -0.217000
v 2.806495 1.053750 -0.217000
v 2.806495 1.046250 -0.217000
v 2.803750 1.043505 -0.217000
v 2.800000 1.042500 -0.217000
v 2.796250 1.056495 -0.217000
v 2.800000 1.057500 -0.217000
v 2.803750 1.056495 -0.217000
v 2.913505 1.053750 -0.217000
v 2.912500 1.050000 -0.217000
v 2.913505 1.046250 -0.217000
v 2.916250 1.043505 -0.217000
v 2.927500 1.050000 -0.217000
v 2.926495 1.053750 -0.217000
v 2.926495 1.046250 -0.217000
v 2.923750 1.043505 -0.217000
v 2.920000 1.042500 -0.217000
v 2.916250 1.056495 -0.217000
v 2.920000 1.057500 -0.217000
v 2.923750 1.056495 -0.217000
v 3.033505 1.053750 -0.217000
v 3.032500 1.050000 -0.217000
v 3.033505 1.046250 -0.217000
v 3.036250 1.043505 -0.217000
v 3.047500 1.050000 -0.217000
v 3.046495 1.053750 -0.217000
v 3.046495 1.046250 -0.217000
v 3.043750 1.043505 -0.217000
v 3.040000 1.042500 -0.217000
v 3.036250 1.056495 -0.217000
v 3.040000 1.057500 -0.217000
v 3.043750 1.056495 -0.217000
v 3.153505 1.053750 -0.217000
v 3.152500 1.050000 -0.217000
v 3.153505 1.046250 -0.217000
v 3.156250 1.043505 -0.217000
v 3.167500 1.050000 -0.217000
v 3.166495 1.053750 -0.217000
v 3.166495 1.046250 -0.217000
v 3.163750 1.043505 -0.217000
v 3.160000 1.042500 -0.217000
v 3.156250 1.056495 -0.217000
v 3.160000 1.057500 -0.217000
v 3.163750 1.056495 -0.217000
v 3.273505 1.046250 -0.217000
v 3.272500 1.050000 -0.217000
v 3.283750 1.056495 -0.217000
v 3.286495 1.053750 -0.217000
v 3.287500 1.050000 -0.217000
v 3.286495 1.046250 -0.217000
v 3.273505 1.053750 -0.217000
v 3.276250 1.056495 -0.217000
v 3.280000 1.057500 -0.217000
v 3.283750 1.043505 -0.217000
v 3.280000 1.042500 -0.217000
v 3.276250 1.043505 -0.217000
v 3.393505 1.046250 -0.217000
v 3.392500 1.050000 -0.217000
v 3.403750 1.056495 -0.217000
v 3.406495 1.053750 -0.217000
v 3.407500 1.050000 -0.217000
v 3.406495 1.046250 -0.217000
v 3.393505 1.053750 -0.217000
v 3.396250 1.056495 -0.217000
v 3.400000 1.057500 -0.217000
v 3.403750 1.043505 -0.217000
v 3.400000 1.042500 -0.217000
v 3.396250 1.043505 -0.217000
v 3.513505 1.046250 -0.217000
v 3.512500 1.050000 -0.217000
v 3.523750 1.056495 -0.217000
v 3.526495 1.053750 -0.217000
v 3.527500 1.050000 -0.217000
v 3.526495 1.046250 -0.217000
v 3.523750 1.043505 -0.217000
v 3.520000 1.042500 -0.217000
v 3.516250 1.043505 -0.217000
v 3.513505 1.053750 -0.217000
v 3.516250 1.056495 -0.217000
v 3.520000 1.057500 -0.217000
v -2.886957 -0.870573 0.300000
v -2.886957 -0.870573 0.100000
v -2.898051 -0.853932 0.300000
v -2.898051 -0.853932 0.100000
v -2.899753 -0.855066 0.324689
v -2.888659 -0.871707 0.324689
v -2.904813 -0.858440 0.348705
v -2.893719 -0.875081 0.348705
v -2.913093 -0.863960 0.371392
v -2.901999 -0.880601 0.371392
v -2.924368 -0.871476 0.392132
v -2.913274 -0.888117 0.392132
v -2.938329 -0.880783 0.410359
v -2.927234 -0.897424 0.410359
v -2.954595 -0.891628 0.425575
v -2.943501 -0.908269 0.425575
v -2.972724 -0.903714 0.437366
v -2.961630 -0.920355 0.437366
v -2.992220 -0.916711 0.445410
v -2.981126 -0.933352 0.445410
v -3.012552 -0.930266 0.449488
v -3.001458 -0.946907 0.449488
v -3.033165 -0.944008 0.449488
v -3.022071 -0.960649 0.449488
v -3.053497 -0.957562 0.445410
v -3.042403 -0.974203 0.445410
v -3.072993 -0.970560 0.437366
v -3.061899 -0.987201 0.437366
v -3.091122 -0.982645 0.425575
v -3.080028 -0.999286 0.425575
v -3.107388 -0.993490 0.410359
v -3.096294 -1.010131 0.410359
v -3.121349 -1.002797 0.392132
v -3.110255 -1.019438 0.392132
v -3.132623 -1.010313 0.371392
v -3.121529 -1.026954 0.371392
v -3.140903 -1.015833 0.348705
v -3.129809 -1.032474 0.348705
v -3.145964 -1.019207 0.324689
v -3.134870 -1.035848 0.324689
v -3.147666 -1.020342 0.300000
v -3.136572 -1.036983 0.300000
v -3.136572 -1.036983 0.100000
v -3.147666 -1.020342 0.100000
v -2.977489 -0.930928 0.181982
v -2.829707 -1.192961 0.176423
v -2.996117 -0.943346 0.176423
v -2.848867 -1.205734 0.175071
v -3.015277 -0.956119 0.175071
v -2.867907 -1.218428 0.177974
v -3.034317 -0.968813 0.177974
v -2.886179 -1.230610 0.185032
v -3.052589 -0.980994 0.185032
v -2.903062 -1.241864 0.196006
v -3.069472 -0.992249 0.196006
v -2.917979 -1.251809 0.210520
v -3.084389 -1.002194 0.210520
v -2.930422 -1.260105 0.228082
v -3.096833 -1.010490 0.228082
v -2.939969 -1.266469 0.248093
v -3.106380 -1.016854 0.248093
v -2.946294 -1.270686 0.269872
v -3.112704 -1.021071 0.269872
v -2.949182 -1.272611 0.292676
v -3.115592 -1.022996 0.292676
v -2.948534 -1.272179 0.315730
v -3.114944 -1.022564 0.315730
v -2.944372 -1.269404 0.338249
v -3.110782 -1.019789 0.338249
v -2.936838 -1.264382 0.359464
v -3.103248 -1.014767 0.359464
v -2.926189 -1.257282 0.378655
v -3.092599 -1.007667 0.378655
v -2.912787 -1.248348 0.395167
v -3.079197 -0.998733 0.395167
v -2.897089 -1.237882 0.408439
v -3.063499 -0.988267 0.408439
v -2.879629 -1.226243 0.418017
v -3.046039 -0.976627 0.418017
v -2.861002 -1.213824 0.423577
v -3.027412 -0.964209 0.423577
v -2.841842 -1.201051 0.424929
v -3.008252 -0.951436 0.424929
v -2.822801 -1.188357 0.422026
v -2.989212 -0.938742 0.422026
v -2.804529 -1.176176 0.414968
v -2.970939 -0.926561 0.414968
v -2.787647 -1.164921 0.403994
v -2.954057 -0.915306 0.403994
v -2.772730 -1.154976 0.389479
v -2.939140 -0.905361 0.389479
v -2.760286 -1.146681 0.371918
v -2.926696 -0.897066 0.371918
v -2.750739 -1.140316 0.351907
v -2.917149 -0.890701 0.351907
v -2.744414 -1.136099 0.330128
v -2.910824 -0.886484 0.330128
v -2.741527 -1.134174 0.307324
v -2.907937 -0.884559 0.307324
v -2.742175 -1.134606 0.284270
v -2.908585 -0.884991 0.284270
v -2.746337 -1.137381 0.261751
v -2.912747 -0.887766 0.261751
v -2.753870 -1.142403 0.240536
v -2.920280 -0.892788 0.240536
v -2.764519 -1.149503 0.221345
v -2.930930 -0.899888 0.221345
v -2.777921 -1.158437 0.204833
v -2.944331 -0.908822 0.204833
v -2.793620 -1.168903 0.191561
v -2.960030 -0.919288 0.191561
v -2.811080 -1.180543 0.181982
v -2.845354 -1.203393 0.300000
v -3.011764 -0.953778 0.300000
v -2.709453 -1.136829 0.300000
v -2.709453 -1.136829 0.100000
v -2.720547 -1.120188 0.300000
v -2.720547 -1.120188 0.100000
v -2.722249 -1.121323 0.324689
v -2.711155 -1.137964 0.324689
v -2.727309 -1.124696 0.348705
v -2.716215 -1.141337 0.348705
v -2.735589 -1.130216 0.371392
v -2.724495 -1.146857 0.371392
v -2.746864 -1.137732 0.392132
v -2.735770 -1.154373 0.392132
v -2.760824 -1.147039 0.410359
v -2.749730 -1.163680 0.410359
v -2.777091 -1.157884 0.425575
v -2.765997 -1.174525 0.425575
v -2.795220 -1.169970 0.437366
v -2.784126 -1.186611 0.437366
v -2.814716 -1.182967 0.445410
v -2.803622 -1.199608 0.445410
v -2.835048 -1.196522 0.449488
v -2.823954 -1.213163 0.449488
v -2.855661 -1.210264 0.449488
v -2.844567 -1.226905 0.449488
v -2.875993 -1.223818 0.445410
v -2.864899 -1.240459 0.445410
v -2.895489 -1.236816 0.437366
v -2.884395 -1.253457 0.437366
v -2.913618 -1.248901 0.425575
v -2.902524 -1.265543 0.425575
v -2.929884 -1.259746 0.410359
v -2.918790 -1.276387 0.410359
v -2.943845 -1.269053 0.392132
v -2.932751 -1.285694 0.392132
v -2.955119 -1.276569 0.371392
v -2.944025 -1.293210 0.371392
v -2.963399 -1.282089 0.348705
v -2.952305 -1.298730 0.348705
v -2.968460 -1.285463 0.324689
v -2.957366 -1.302104 0.324689
v -2.970162 -1.286598 0.300000
v -2.959068 -1.303239 0.300000
v -2.959068 -1.303239 0.100000
v -2.970162 -1.286598 0.100000
v 2.898051 -0.853932 0.300000
v 2.898051 -0.853932 0.100000
v 2.886957 -0.870573 0.300000
v 2.886957 -0.870573 0.100000
v 2.888659 -0.871707 0.324689
v 2.899753 -0.855066 0.324689
v 2.893719 -0.875081 0.348705
v 2.904813 -0.858440 0.348705
v 2.901999 -0.880601 0.371392
v 2.913093 -0.863960 0.371392
v 2.913274 -0.888117 0.392132
v 2.924368 -0.871476 0.392132
v 2.927234 -0.897424 0.410359
v 2.938329 -0.880783 0.410359
v 2.943501 -0.908269 0.425575
v 2.954595 -0.891628 0.425575
v 2.961630 -0.920355 0.437366
v 2.972724 -0.903714 0.437366
v 2.981126 -0.933352 0.445410
v 2.992220 -0.916711 0.445410
v 3.001458 -0.946907 0.449488
v 3.012552 -0.930266 0.449488
v 3.022071 -0.960649 0.449488
v 3.033165 -0.944008 0.449488
v 3.042403 -0.974203 0.445410
v 3.053497 -0.957562 0.445410
v 3.061899 -0.987201 0.437366
v 3.072993 -0.970560 0.437366
v 3.080028 -0.999286 0.425575
v 3.091122 -0.982645 0.425575
v 3.096294 -1.010131 0.410359
v 3.107388 -0.993490 0.410359
v 3.110255 -1.019438 0.392132
v 3.121349 -1.002797 0.392132
v 3.121529 -1.026954 0.371392
v 3.132623 -1.010313 0.371392
v 3.129809 -1.032474 0.348705
v 3.140903 -1.015833 0.348705
v 3.134870 -1.035848 0.324689
v 3.145964 -1.019207 0.324689
v 3.136572 -1.036983 0.300000
v 3.147666 -1.020342 0.300000
v 3.147666 -1.020342 0.100000
v 3.136572 -1.036983 0.100000
v 2.309500 1.027500 -0.200000
v 2.309500 1.072500 -0.200000
v 2.210500 1.027500 -0.200000
v 2.210500 1.072500 -0.200000
v 2.090500 1.072500 -0.200000
v 2.090500 1.027500 -0.200000
v 2.189500 1.072500 -0.200000
v 2.189500 1.027500 -0.200000
v 1.970500 1.072500 -0.200000
v 1.970500 1.027500 -0.200000
v 2.069500 1.072500 -0.200000
v 2.069500 1.027500 -0.200000
v 1.850500 1.072500 -0.200000
v 1.850500 1.027500 -0.200000
v 1.949500 1.072500 -0.200000
v 1.949500 1.027500 -0.200000
v 1.730500 1.072500 -0.200000
v 1.730500 1.027500 -0.200000
v 1.829500 1.072500 -0.200000
v 1.829500 1.027500 -0.200000
v 1.610500 1.072500 -0.200000
v 1.610500 1.027500 -0.200000
v 1.709500 1.072500 -0.200000
v 1.709500 1.027500 -0.200000
v 1.490500 1.072500 -0.200000
v 1.490500 1.027500 -0.200000
v 1.589500 1.072500 -0.200000
v 1.589500 1.027500 -0.200000
v 1.370500 1.072500 -0.200000
v 1.370500 1.027500 -0.200000
v 1.469500 1.072500 -0.200000
v 1.469500 1.027500 -0.200000
v 1.250500 1.072500 -0.200000
v 1.250500 1.027500 -0.200000
v 1.349500 1.072500 -0.200000
v 1.349500 1.027500 -0.200000
v 1.130500 1.072500 -0.200000
v 1.130500 1.027500 -0.200000
v 1.229500 1.072500 -0.200000
v 1.229500 1.027500 -0.200000
v 2.370000 1.027500 -0.200000
v 2.370000 1.072500 -0.200000
v 2.330500 1.027500 -0.200000
v 2.330500 1.072500 -0.200000
v 2.370000 1.072500 -0.232000
v 2.370000 1.065000 -0.232000
v 2.370000 1.027500 -0.232000
v 1.070000 1.072500 -0.232000
v 1.070000 1.072500 -0.200000
v 1.109500 1.072500 -0.200000
v 2.330500 1.072500 -0.217000
v 2.348750 1.072500 -0.232000
v 2.309500 1.072500 -0.217000
v 2.260000 1.072500 -0.232000
v 1.109500 1.072500 -0.217000
v 1.130500 1.072500 -0.217000
v 1.180000 1.072500 -0.232000
v 1.229500 1.072500 -0.217000
v 1.250500 1.072500 -0.217000
v 1.300000 1.072500 -0.232000
v 1.349500 1.072500 -0.217000
v 1.420000 1.072500 -0.232000
v 1.370500 1.072500 -0.217000
v 1.490500 1.072500 -0.217000
v 1.540000 1.072500 -0.232000
v 1.469500 1.072500 -0.217000
v 1.589500 1.072500 -0.217000
v 1.660000 1.072500 -0.232000
v 1.610500 1.072500 -0.217000
v 1.709500 1.072500 -0.217000
v 1.780000 1.072500 -0.232000
v 1.730500 1.072500 -0.217000
v 1.829500 1.072500 -0.217000
v 1.850500 1.072500 -0.217000
v 2.020000 1.072500 -0.232000
v 1.949500 1.072500 -0.217000
v 1.970500 1.072500 -0.217000
v 2.069500 1.072500 -0.217000
v 2.140000 1.072500 -0.232000
v 2.090500 1.072500 -0.217000
v 2.189500 1.072500 -0.217000
v 2.210500 1.072500 -0.217000
v 1.070000 1.027500 -0.232000
v 1.070000 1.027500 -0.200000
v 1.070000 1.065000 -0.232000
v 2.348750 1.027500 -0.232000
v 2.330500 1.027500 -0.217000
v 2.140000 1.027500 -0.232000
v 2.260000 1.027500 -0.232000
v 2.210500 1.027500 -0.217000
v 2.309500 1.027500 -0.217000
v 2.189500 1.027500 -0.217000
v 2.090500 1.027500 -0.217000
v 2.069500 1.027500 -0.217000
v 2.020000 1.027500 -0.232000
v 1.949500 1.027500 -0.217000
v 1.850500 1.027500 -0.217000
v 1.970500 1.027500 -0.217000
v 1.780000 1.027500 -0.232000
v 1.829500 1.027500 -0.217000
v 1.730500 1.027500 -0.217000
v 1.709500 1.027500 -0.217000
v 1.660000 1.027500 -0.232000
v 1.610500 1.027500 -0.217000
v 1.589500 1.027500 -0.217000
v 1.540000 1.027500 -0.232000
v 1.490500 1.027500 -0.217000
v 1.469500 1.027500 -0.217000
v 1.420000 1.027500 -0.232000
v 1.370500 1.027500 -0.217000
v 1.349500 1.027500 -0.217000
v 1.300000 1.027500 -0.232000
v 1.250500 1.027500 -0.217000
v 1.229500 1.027500 -0.217000
v 1.180000 1.027500 -0.232000
v 1.130500 1.027500 -0.217000
v 1.109500 1.027500 -0.200000
v 1.109500 1.027500 -0.217000
v 2.348750 1.065000 -0.232000
v 2.260000 1.065000 -0.232000
v 2.140000 1.065000 -0.232000
v 2.020000 1.065000 -0.232000
v 1.780000 1.065000 -0.232000
v 1.660000 1.065000 -0.232000
v 1.540000 1.065000 -0.232000
v 1.420000 1.065000 -0.232000
v 1.300000 1.065000 -0.232000
v 1.180000 1.065000 -0.232000
v 1.126495 1.046250 -0.232000
v 1.127500 1.050000 -0.232000
v 1.126495 1.053750 -0.232000
v 1.113505 1.046250 -0.232000
v 1.112500 1.050000 -0.232000
v 1.113505 1.053750 -0.232000
v 1.123750 1.056495 -0.232000
v 1.120000 1.057500 -0.232000
v 1.116250 1.056495 -0.232000
v 1.116250 1.043505 -0.232000
v 1.120000 1.042500 -0.232000
v 1.123750 1.043505 -0.232000
v 1.233505 1.053750 -0.232000
v 1.232500 1.050000 -0.232000
v 1.246495 1.046250 -0.232000
v 1.247500 1.050000 -0.232000
v 1.246495 1.053750 -0.232000
v 1.233505 1.046250 -0.232000
v 1.243750 1.056495 -0.232000
v 1.240000 1.057500 -0.232000
v 1.236250 1.056495 -0.232000
v 1.236250 1.043505 -0.232000
v 1.240000 1.042500 -0.232000
v 1.243750 1.043505 -0.232000
v 1.353505 1.053750 -0.232000
v 1.352500 1.050000 -0.232000
v 1.366495 1.046250 -0.232000
v 1.367500 1.050000 -0.232000
v 1.366495 1.053750 -0.232000
v 1.353505 1.046250 -0.232000
v 1.363750 1.056495 -0.232000
v 1.360000 1.057500 -0.232000
v 1.356250 1.056495 -0.232000
v 1.356250 1.043505 -0.232000
v 1.360000 1.042500 -0.232000
v 1.363750 1.043505 -0.232000
v 1.486495 1.046250 -0.232000
v 1.487500 1.050000 -0.232000
v 1.486495 1.053750 -0.232000
v 1.473505 1.053750 -0.232000
v 1.472500 1.050000 -0.232000
v 1.473505 1.046250 -0.232000
v 1.483750 1.056495 -0.232000
v 1.480000 1.057500 -0.232000
v 1.476250 1.056495 -0.232000
v 1.476250 1.043505 -0.232000
v 1.480000 1.042500 -0.232000
v 1.483750 1.043505 -0.232000
v 1.606495 1.046250 -0.232000
v 1.607500 1.050000 -0.232000
v 1.606495 1.053750 -0.232000
v 1.593505 1.053750 -0.232000
v 1.592500 1.050000 -0.232000
v 1.593505 1.046250 -0.232000
v 1.603750 1.056495 -0.232000
v 1.600000 1.057500 -0.232000
v 1.596250 1.056495 -0.232000
v 1.596250 1.043505 -0.232000
v 1.600000 1.042500 -0.232000
v 1.603750 1.043505 -0.232000
v 1.726495 1.046250 -0.232000
v 1.727500 1.050000 -0.232000
v 1.726495 1.053750 -0.232000
v 1.713505 1.053750 -0.232000
v 1.712500 1.050000 -0.232000
v 1.713505 1.046250 -0.232000
v 1.723750 1.056495 -0.232000
v 1.720000 1.057500 -0.232000
v 1.716250 1.056495 -0.232000
v 1.716250 1.043505 -0.232000
v 1.720000 1.042500 -0.232000
v 1.723750 1.043505 -0.232000
v 1.833505 1.053750 -0.232000
v 1.832500 1.050000 -0.232000
v 1.966495 1.046250 -0.232000
v 1.967500 1.050000 -0.232000
v 1.966495 1.053750 -0.232000
v 1.833505 1.046250 -0.232000
v 1.846495 1.053750 -0.232000
v 1.843750 1.056495 -0.232000
v 1.840000 1.057500 -0.232000
v 1.836250 1.056495 -0.232000
v 1.963750 1.056495 -0.232000
v 1.960000 1.057500 -0.232000
v 1.836250 1.043505 -0.232000
v 1.840000 1.042500 -0.232000
v 1.843750 1.043505 -0.232000
v 1.846495 1.046250 -0.232000
v 1.956250 1.056495 -0.232000
v 1.953505 1.053750 -0.232000
v 1.847500 1.050000 -0.232000
v 1.952500 1.050000 -0.232000
v 1.953505 1.046250 -0.232000
v 1.956250 1.043505 -0.232000
v 1.960000 1.042500 -0.232000
v 1.963750 1.043505 -0.232000
v 2.073505 1.053750 -0.232000
v 2.072500 1.050000 -0.232000
v 2.073505 1.046250 -0.232000
v 2.086495 1.053750 -0.232000
v 2.083750 1.056495 -0.232000
v 2.080000 1.057500 -0.232000
v 2.076250 1.056495 -0.232000
v 2.076250 1.043505 -0.232000
v 2.080000 1.042500 -0.232000
v 2.083750 1.043505 -0.232000
v 2.086495 1.046250 -0.232000
v 2.087500 1.050000 -0.232000
v 2.196250 1.043505 -0.232000
v 2.200000 1.042500 -0.232000
v 2.196250 1.056495 -0.232000
v 2.200000 1.057500 -0.232000
v 2.203750 1.056495 -0.232000
v 2.206495 1.053750 -0.232000
v 2.193505 1.053750 -0.232000
v 2.192500 1.050000 -0.232000
v 2.193505 1.046250 -0.232000
v 2.203750 1.043505 -0.232000
v 2.206495 1.046250 -0.232000
v 2.207500 1.050000 -0.232000
v 2.326495 1.046250 -0.232000
v 2.327500 1.050000 -0.232000
v 2.326495 1.053750 -0.232000
v 2.323750 1.043505 -0.232000
v 2.320000 1.042500 -0.232000
v 2.316250 1.043505 -0.232000
v 2.316250 1.056495 -0.232000
v 2.320000 1.057500 -0.232000
v 2.323750 1.056495 -0.232000
v 2.313505 1.053750 -0.232000
v 2.312500 1.050000 -0.232000
v 2.313505 1.046250 -0.232000
v 2.316250 1.043505 -0.217000
v 2.320000 1.042500 -0.217000
v 2.323750 1.043505 -0.217000
v 2.313505 1.046250 -0.217000
v 2.312500 1.050000 -0.217000
v 2.313505 1.053750 -0.217000
v 2.316250 1.056495 -0.217000
v 2.320000 1.057500 -0.217000
v 2.323750 1.056495 -0.217000
v 2.326495 1.053750 -0.217000
v 2.327500 1.050000 -0.217000
v 2.326495 1.046250 -0.217000
v 1.113505 1.053750 -0.217000
v 1.112500 1.050000 -0.217000
v 1.113505 1.046250 -0.217000
v 1.123750 1.056495 -0.217000
v 1.120000 1.057500 -0.217000
v 1.116250 1.056495 -0.217000
v 1.126495 1.046250 -0.217000
v 1.127500 1.050000 -0.217000
v 1.126495 1.053750 -0.217000
v 1.123750 1.043505 -0.217000
v 1.120000 1.042500 -0.217000
v 1.116250 1.043505 -0.217000
v 1.233505 1.053750 -0.217000
v 1.232500 1.050000 -0.217000
v 1.233505 1.046250 -0.217000
v 1.243750 1.056495 -0.217000
v 1.240000 1.057500 -0.217000
v 1.236250 1.056495 -0.217000
v 1.246495 1.046250 -0.217000
v 1.247500 1.050000 -0.217000
v 1.246495 1.053750 -0.217000
v 1.243750 1.043505 -0.217000
v 1.240000 1.042500 -0.217000
v 1.236250 1.043505 -0.217000
v 1.353505 1.053750 -0.217000
v 1.352500 1.050000 -0.217000
v 1.353505 1.046250 -0.217000
v 1.356250 1.043505 -0.217000
v 1.363750 1.056495 -0.217000
v 1.360000 1.057500 -0.217000
v 1.356250 1.056495 -0.217000
v 1.366495 1.053750 -0.217000
v 1.367500 1.050000 -0.217000
v 1.366495 1.046250 -0.217000
v 1.363750 1.043505 -0.217000
v 1.360000 1.042500 -0.217000
v 1.473505 1.053750 -0.217000
v 1.472500 1.050000 -0.217000
v 1.473505 1.046250 -0.217000
v 1.476250 1.043505 -0.217000
v 1.487500 1.050000 -0.217000
v 1.486495 1.053750 -0.217000
v 1.486495 1.046250 -0.217000
v 1.483750 1.043505 -0.217000
v 1.480000 1.042500 -0.217000
v 1.476250 1.056495 -0.217000
v 1.480000 1.057500 -0.217000
v 1.483750 1.056495 -0.217000
v 1.593505 1.053750 -0.217000
v 1.592500 1.050000 -0.217000
v 1.593505 1.046250 -0.217000
v 1.596250 1.043505 -0.217000
v 1.607500 1.050000 -0.217000
v 1.606495 1.053750 -0.217000
v 1.606495 1.046250 -0.217000
v 1.603750 1.043505 -0.217000
v 1.600000 1.042500 -0.217000
v 1.596250 1.056495 -0.217000
v 1.600000 1.057500 -0.217000
v 1.603750 1.056495 -0.217000
v 1.713505 1.053750 -0.217000
v 1.712500 1.050000 -0.217000
v 1.713505 1.046250 -0.217000
v 1.716250 1.043505 -0.217000
v 1.727500 1.050000 -0.217000
v 1.726495 1.053750 -0.217000
v 1.726495 1.046250 -0.217000
v 1.723750 1.043505 -0.217000
v 1.720000 1.042500 -0.217000
v 1.716250 1.056495 -0.217000
v 1.720000 1.057500 -0.217000
v 1.723750 1.056495 -0.217000
v 1.833505 1.053750 -0.217000
v 1.832500 1.050000 -0.217000
v 1.833505 1.046250 -0.217000
v 1.836250 1.043505 -0.217000
v 1.847500 1.050000 -0.217000
v 1.846495 1.053750 -0.217000
v 1.846495 1.046250 -0.217000
v 1.843750 1.043505 -0.217000
v 1.840000 1.042500 -0.217000
v 1.836250 1.056495 -0.217000
v 1.840000 1.057500 -0.217000
v 1.843750 1.056495 -0.217000
v 1.953505 1.046250 -0.217000
v 1.952500 1.050000 -0.217000
v 1.963750 1.056495 -0.217000
v 1.966495 1.053750 -0.217000
v 1.967500 1.050000 -0.217000
v 1.966495 1.046250 -0.217000
v 1.953505 1.053750 -0.217000
v 1.956250 1.056495 -0.217000
v 1.960000 1.057500 -0.217000
v 1.963750 1.043505 -0.217000
v 1.960000 1.042500 -0.217000
v 1.956250 1.043505 -0.217000
v 2.073505 1.046250 -0.217000
v 2.072500 1.050000 -0.217000
v 2.083750 1.056495 -0.217000
v 2.086495 1.053750 -0.217000
v 2.087500 1.050000 -0.217000
v 2.086495 1.046250 -0.217000
v 2.073505 1.053750 -0.217000
v 2.076250 1.056495 -0.217000
v 2.080000 1.057500 -0.217000
v 2.083750 1.043505 -0.217000
v 2.080000 1.042500 -0.217000
v 2.076250 1.043505 -0.217000
v 2.193505 1.046250 -0.217000
v 2.192500 1.050000 -0.217000
v 2.203750 1.056495 -0.217000
v 2.206495 1.053750 -0.217000
v 2.207500 1.050000 -0.217000
v 2.206495 1.046250 -0.217000
v 2.203750 1.043505 -0.217000
v 2.200000 1.042500 -0.217000
v 2.196250 1.043505 -0.217000
v 2.193505 1.053750 -0.217000
v 2.196250 1.056495 -0.217000
v 2.200000 1.057500 -0.217000
v -2.720547 1.120188 0.300000
v -2.720547 1.120188 0.100000
v -2.709453 1.136829 0.300000
v -2.709453 1.136829 0.100000
v -2.711155 1.137964 0.324689
v -2.722249 1.121323 0.324689
v -2.716215 1.141337 0.348705
v -2.727309 1.124696 0.348705
v -2.724495 1.146857 0.371392
v -2.735589 1.130216 0.371392
v -2.735770 1.154373 0.392132
v -2.746864 1.137732 0.392132
v -2.749730 1.163680 0.410359
v -2.760824 1.147039 0.410359
v -2.765997 1.174525 0.425575
v -2.777091 1.157884 0.425575
v -2.784126 1.186611 0.437366
v -2.795220 1.169970 0.437366
v -2.803622 1.199608 0.445410
v -2.814716 1.182967 0.445410
v -2.823954 1.213163 0.449488
v -2.835048 1.196522 0.449488
v -2.844567 1.226905 0.449488
v -2.855661 1.210264 0.449488
v -2.864899 1.240459 0.445410
v -2.875993 1.223818 0.445410
v -2.884395 1.253457 0.437366
v -2.895489 1.236816 0.437366
v -2.902524 1.265543 0.425575
v -2.913618 1.248901 0.425575
v -2.918790 1.276387 0.410359
v -2.929884 1.259746 0.410359
v -2.932751 1.285694 0.392132
v -2.943845 1.269053 0.392132
v -2.944025 1.293210 0.371392
v -2.955119 1.276569 0.371392
v -2.952305 1.298730 0.348705
v -2.963399 1.282089 0.348705
v -2.957366 1.302104 0.324689
v -2.968460 1.285463 0.324689
v -2.959068 1.303239 0.300000
v -2.970162 1.286598 0.300000
v -2.970162 1.286598 0.100000
v -2.959068 1.303239 0.100000
v -2.811080 1.180543 0.181983
v -2.996117 0.943346 0.176423
v -2.829707 1.192961 0.176423
v -3.015277 0.956119 0.175071
v -2.848867 1.205734 0.175071
v -3.034317 0.968813 0.177974
v -2.867907 1.218428 0.177974
v -3.052589 0.980994 0.185032
v -2.886179 1.230610 0.185032
v -3.069472 0.992249 0.196006
v -2.903062 1.241864 0.196006
v -3.084389 1.002194 0.210521
v -2.917979 1.251809 0.210521
v -3.096833 1.010490 0.228082
v -2.930422 1.260105 0.228082
v -3.106380 1.016854 0.248093
v -2.939969 1.266469 0.248093
v -3.112704 1.021071 0.269872
v -2.946294 1.270686 0.269872
v -3.115592 1.022996 0.292677
v -2.949182 1.272611 0.292677
v -3.114944 1.022564 0.315730
v -2.948534 1.272179 0.315730
v -3.110782 1.019789 0.338249
v -2.944372 1.269404 0.338249
v -3.103248 1.014767 0.359464
v -2.936838 1.264382 0.359464
v -3.092599 1.007667 0.378655
v -2.926189 1.257282 0.378655
v -3.079197 0.998733 0.395167
v -2.912787 1.248348 0.395167
v -3.063499 0.988267 0.408439
v -2.897089 1.237882 0.408439
v -3.046039 0.976627 0.418018
v -2.879629 1.226243 0.418018
v -3.027412 0.964209 0.423577
v -2.861002 1.213824 0.423577
v -3.008252 0.951436 0.424929
v -2.841842 1.201051 0.424929
v -2.989212 0.938742 0.422026
v -2.822801 1.188357 0.422026
v -2.970939 0.926561 0.414968
v -2.804529 1.176176 0.414968
v -2.954057 0.915306 0.403994
v -2.787647 1.164921 0.403994
v -2.939140 0.905361 0.389480
v -2.772730 1.154976 0.389480
v -2.926696 0.897065 0.371918
v -2.760286 1.146681 0.371918
v -2.917149 0.890701 0.351907
v -2.750739 1.140316 0.351907
v -2.910824 0.886484 0.330128
v -2.744414 1.136099 0.330128
v -2.907937 0.884559 0.307324
v -2.741527 1.134174 0.307324
v -2.908585 0.884991 0.284270
v -2.742175 1.134606 0.284270
v -2.912747 0.887766 0.261751
v -2.746337 1.137381 0.261751
v -2.920280 0.892788 0.240536
v -2.753870 1.142403 0.240536
v -2.930930 0.899888 0.221345
v -2.764519 1.149503 0.221345
v -2.944331 0.908822 0.204833
v -2.777921 1.158437 0.204833
v -2.960030 0.919288 0.191561
v -2.793620 1.168903 0.191561
v -2.977489 0.930928 0.181983
v -3.011764 0.953778 0.300000
v -2.845354 1.203393 0.300000
v -2.898051 0.853932 0.300000
v -2.898051 0.853932 0.100000
v -2.886957 0.870573 0.300000
v -2.886957 0.870573 0.100000
v -2.888659 0.871707 0.324689
v -2.899753 0.855066 0.324689
v -2.893719 0.875081 0.348705
v -2.904813 0.858440 0.348705
v -2.901999 0.880601 0.371392
v -2.913093 0.863960 0.371392
v -2.913274 0.888117 0.392132
v -2.924368 0.871476 0.392132
v -2.927234 0.897424 0.410359
v -2.938329 0.880783 0.410359
v -2.943501 0.908269 0.425575
v -2.954595 0.891628 0.425575
v -2.961630 0.920355 0.437366
v -2.972724 0.903714 0.437366
v -2.981126 0.933352 0.445410
v -2.992220 0.916711 0.445410
v -3.001458 0.946907 0.449488
v -3.012552 0.930266 0.449488
v -3.022071 0.960649 0.449488
v -3.033165 0.944008 0.449488
v -3.042403 0.974203 0.445410
v -3.053497 0.957562 0.445410
v -3.061899 0.987201 0.437366
v -3.072993 0.970560 0.437366
v -3.080028 0.999286 0.425575
v -3.091122 0.982645 0.425575
v -3.096294 1.010131 0.410359
v -3.107388 0.993490 0.410359
v -3.110255 1.019438 0.392132
v -3.121349 1.002797 0.392132
v -3.121529 1.026954 0.371392
v -3.132623 1.010313 0.371392
v -3.129809 1.032474 0.348705
v -3.140903 1.015833 0.348705
v -3.134870 1.035848 0.324689
v -3.145964 1.019207 0.324689
v -3.136572 1.036983 0.300000
v -3.147666 1.020342 0.300000
v -3.147666 1.020342 0.100000
v -3.136572 1.036983 0.100000
vn -0.0000 -0.0000 1.0000
vn 1.0000 -0.0000 -0.0000
vn -0.0000 1.0000 -0.0000
vn -1.0000 -0.0000 -0.0000
vn -0.0000 -1.0000 -0.0000
vn -0.0000 -0.0000 -1.0000
vn 0.9660 0.2587 -0.0000
vn 0.9659 0.2589 -0.0000
vn 0.7071 0.7071 -0.0000
vn 0.2588 0.9659 -0.0000
vn -0.2588 0.9659 -0.0000
vn -0.7071 0.7071 -0.0000
vn -0.9660 0.2587 -0.0000
vn -0.9659 0.2589 -0.0000
vn -0.9659 -0.2589 -0.0000
vn -0.9660 -0.2587 -0.0000
vn -0.7071 -0.7071 -0.0000
vn -0.2588 -0.9659 -0.0000
vn 0.2588 -0.9659 -0.0000
vn 0.7071 -0.7071 -0.0000
vn 0.9659 -0.2589 -0.0000
vn 0.9660 -0.2587 -0.0000
vn 0.9659 0.2588 -0.0000
vn -0.9659 0.2588 -0.0000
vn -0.9659 -0.2588 -0.0000
vn 0.9659 -0.2588 -0.0000
vn 0.7070 0.7072 -0.0000
vn -0.7072 0.7071 -0.0000
vn -0.7072 -0.7071 -0.0000
vn 0.7070 -0.7072 -0.0000
vn 0.7072 0.7071 -0.0000
vn -0.7070 0.7072 -0.0000
vn -0.7070 -0.7072 -0.0000
vn 0.7072 -0.7071 -0.0000
vn -0.7071 0.7072 -0.0000
vn -0.7071 -0.7072 -0.0000
vn 0.7071 0.7072 -0.0000
vn 0.7071 -0.7072 -0.0000
vn -0.1082 -0.1623 0.9808
vn -0.3082 -0.4623 0.8315
vn -0.4401 -0.6601 0.6088
vn -0.5440 -0.8161 0.1951
vn -0.4975 -0.7462 0.4423
vn -0.4975 -0.7463 0.4422
vn -0.4614 -0.6917 0.5556
vn -0.4612 -0.6918 0.5556
vn -0.4975 -0.7463 0.4423
vn -0.4397 -0.6602 0.6089
vn -0.4612 -0.6918 0.5555
vn -0.3082 -0.4622 0.8315
vn -0.5547 -0.8321 -0.0000
vn 0.5547 0.8321 -0.0000
vn 0.5440 0.8161 0.1951
vn 0.4975 0.7463 0.4422
vn 0.4975 0.7463 0.4423
vn 0.4397 0.6602 0.6089
vn 0.1082 0.1623 0.9808
vn 0.3082 0.4623 0.8315
vn 0.3082 0.4622 0.8315
vn 0.4612 0.6918 0.5556
vn 0.4614 0.6917 0.5556
vn 0.4401 0.6601 0.6087
vn 0.4975 0.7462 0.4423
vn -0.5536 -0.8304 -0.0627
vn -0.5366 -0.8040 -0.2563
vn -0.4612 -0.6918 -0.5556
vn -0.1026 -0.1539 -0.9828
vn -0.5536 -0.8304 -0.0625
vn -0.1082 -0.1623 -0.9808
vn -0.1083 -0.1623 -0.9808
vn -0.3034 -0.4552 -0.8371
vn -0.3082 -0.4622 -0.8315
vn -0.3082 -0.4623 -0.8315
vn -0.3083 -0.4622 -0.8315
vn -0.1026 -0.1540 -0.9827
vn -0.4612 -0.6918 -0.5555
vn -0.3034 -0.4551 -0.8372
vn -0.5440 -0.8161 -0.1951
vn -0.5437 -0.8163 -0.1951
vn -0.5362 -0.8043 -0.2561
vn 0.1026 0.1539 -0.9828
vn 0.1026 0.1540 -0.9827
vn 0.4612 0.6918 -0.5556
vn 0.5536 0.8304 -0.0625
vn 0.5362 0.8043 -0.2561
vn 0.5536 0.8304 -0.0628
vn 0.5437 0.8163 -0.1951
vn 0.5440 0.8161 -0.1951
vn 0.5536 0.8304 -0.0626
vn 0.5366 0.8040 -0.2563
vn 0.3034 0.4551 -0.8372
vn 0.3083 0.4622 -0.8315
vn 0.3082 0.4623 -0.8315
vn 0.3082 0.4622 -0.8315
vn 0.1082 0.1623 -0.9808
vn 0.1083 0.1623 -0.9808
vn 0.3034 0.4552 -0.8371
vn -0.0000 1.0000 0.0001
vn -0.0000 1.0000 -0.0001
vn -0.0000 1.0000 -0.0003
vn -0.0000 1.0000 0.0002
vn -0.0000 -1.0000 -0.0001
vn -0.0000 -0.9808 0.1951
vn -0.0000 -0.8315 0.5556
vn -0.0000 -0.8315 0.5555
vn -0.0000 -0.5556 0.8315
vn -0.0000 -0.1951 0.9808
vn -0.0000 0.1951 0.9808
vn -0.0000 0.5556 0.8315
vn -0.0000 0.8315 0.5555
vn -0.0000 0.8315 0.5556
vn -0.0000 0.9808 0.1951
vn -0.9808 -0.0000 0.1951
vn -0.8315 -0.0000 0.5556
vn -0.5556 -0.0000 0.8315
vn -0.1951 -0.0000 0.9808
vn 0.2588 -0.0000 0.9659
vn 0.7071 -0.0000 0.7071
vn 0.9659 -0.0000 0.2588
vn -0.6738 -0.0000 -0.7389
vn -0.1951 -0.0000 -0.9808
vn -0.5167 -0.0000 -0.8562
vn -0.5556 -0.0006 -0.8315
vn -0.8315 -0.0000 -0.5556
vn -0.8020 -0.0006 -0.5974
vn -0.9477 0.0004 -0.3191
vn -0.9808 -0.0005 -0.1951
vn -0.9971 -0.0000 -0.0761
vn 0.9971 -0.0000 -0.0762
vn 0.9808 -0.0005 -0.1951
vn 0.9631 -0.0000 -0.2692
vn 0.8315 -0.0000 -0.5556
vn 0.8369 -0.0001 -0.5473
vn 0.6810 -0.0000 -0.7323
vn 0.6790 -0.0000 -0.7341
vn 0.5166 -0.0008 -0.8562
vn 0.5556 -0.0000 -0.8315
vn 0.1951 -0.0000 -0.9808
vn -0.5556 -0.0000 -0.8315
vn -0.9808 -0.0000 -0.1951
vn 0.9808 -0.0000 -0.1951
vn -0.5166 -0.0000 -0.8562
vn -0.9477 0.0004 -0.3190
vn -0.9971 -0.0000 -0.0762
vn 0.9971 -0.0000 -0.0761
vn 0.9631 -0.0000 -0.2693
vn 0.5167 -0.0008 -0.8562
vn -0.6810 -0.0000 -0.7323
vn -0.6790 -0.0000 -0.7342
vn -0.8315 -0.0001 -0.5556
vn -0.8369 -0.0000 -0.5474
vn -0.9631 -0.0000 -0.2692
vn 0.1951 -0.0000 0.9808
vn 0.5556 -0.0000 0.8315
vn 0.8315 -0.0000 0.5556
vn 0.9808 -0.0000 0.1951
vn 0.9480 -0.0011 -0.3182
vn 0.9808 0.0008 -0.1951
vn 0.8315 -0.0004 -0.5556
vn 0.8015 -0.0000 -0.5979
vn 0.6738 -0.0000 -0.7389
vn 0.6738 -0.0000 -0.7390
vn -0.0000 -0.1951 -0.9808
vn -0.0000 -0.5556 -0.8315
vn -0.0000 -0.8315 -0.5556
vn -0.0000 -0.8315 -0.5555
vn -0.0000 -0.9808 -0.1951
vn -0.0000 0.9808 -0.1951
vn -0.0000 0.8315 -0.5555
vn -0.0000 0.8315 -0.5556
vn -0.0000 0.5556 -0.8315
vn -0.0000 0.1951 -0.9808
vn -0.0000 0.9932 -0.1161
vn 0.0003 0.9808 -0.1951
vn -0.0000 0.9515 -0.3077
vn -0.0001 0.5395 -0.8420
vn 0.0001 0.1951 -0.9808
vn -0.0000 0.1762 -0.9843
vn -0.0003 -0.6063 -0.7952
vn 0.0002 -0.8315 -0.5556
vn -0.0000 -0.8646 -0.5025
vn -0.0000 -0.9515 -0.3077
vn 0.0003 -0.9808 -0.1951
vn -0.0000 -0.9932 -0.1161
vn 0.0006 0.9808 -0.1951
vn 0.0008 0.8647 -0.5024
vn -0.0010 0.5556 -0.8315
vn -0.0000 0.6064 -0.7951
vn 0.0002 -0.1763 -0.9843
vn -0.0003 -0.5556 -0.8315
vn -0.0000 -0.5395 -0.8420
vn 0.0006 -0.9808 -0.1951
vn -0.0000 0.9515 -0.3078
vn -0.0004 -0.6063 -0.7952
vn 0.0003 -0.8315 -0.5556
vn -0.0000 -0.9515 -0.3078
vn -0.0002 0.1763 -0.9843
vn 0.0003 0.5556 -0.8315
vn -0.0000 0.5395 -0.8420
vn -0.0006 0.9808 -0.1951
vn 0.0004 0.6063 -0.7952
vn -0.0003 0.8315 -0.5556
vn -0.0000 0.8646 -0.5025
vn -0.0003 0.9808 -0.1951
vn -0.0006 -0.9808 -0.1951
vn -0.0008 -0.8647 -0.5024
vn 0.0010 -0.5556 -0.8315
vn -0.0000 -0.6064 -0.7951
vn -0.0003 -0.9808 -0.1951
vn 0.0001 -0.5395 -0.8420
vn -0.0001 -0.1951 -0.9808
vn -0.0000 -0.1762 -0.9843
vn 0.0003 0.6063 -0.7952
vn -0.0002 0.8315 -0.5556
vn -0.9480 0.0011 -0.3182
vn -0.9808 -0.0008 -0.1951
vn -0.8315 0.0004 -0.5556
vn -0.8015 -0.0000 -0.5979
vn -0.5166 0.0008 -0.8562
vn -0.6738 -0.0000 -0.7390
vn 0.5166 -0.0000 -0.8562
vn 0.5556 0.0006 -0.8315
vn 0.6790 -0.0000 -0.7342
vn 0.8315 0.0001 -0.5556
vn 0.8369 -0.0000 -0.5474
vn 0.9808 0.0005 -0.1951
vn -0.0000 1.0000 0.0032
vn -0.0000 1.0000 0.0016
vn -0.0000 1.0000 -0.0008
vn -0.0000 -1.0000 0.0001
vn -0.0000 -1.0000 0.0002
vn -0.0000 -1.0000 0.0010
vn -0.0000 -1.0000 0.0016
vn -0.0000 -1.0000 0.0022
vn -0.9808 0.0005 -0.1951
vn -0.9631 -0.0000 -0.2693
vn -0.8369 0.0001 -0.5473
vn -0.5167 0.0008 -0.8562
vn -0.6790 -0.0000 -0.7341
vn 0.8020 0.0006 -0.5974
vn 0.9477 -0.0004 -0.3190
vn 0.5167 -0.0000 -0.8562
vn 0.9477 -0.0004 -0.3191
vn 1.0000 -0.0002 -0.0000
vn 1.0000 0.0004 -0.0000
vn 1.0000 0.0001 -0.0000
vn 1.0000 -0.0004 -0.0000
vn 1.0000 -0.0001 -0.0000
vn -1.0000 -0.0002 -0.0000
vn 1.0000 0.0002 -0.0000
vn -1.0000 0.0001 -0.0000
vn -1.0000 -0.0001 -0.0000
vn -1.0000 0.0002 -0.0000
vn -1.0000 -0.0004 -0.0000
vn -1.0000 0.0004 -0.0000
vn -0.7071 -0.0000 -0.7071
vn 0.7071 -0.0000 -0.7071
vn 0.5536 -0.8304 -0.0627
vn 0.1026 -0.1539 -0.9827
vn 0.1026 -0.1537 -0.9828
vn 0.5362 -0.8043 -0.2561
vn 0.4612 -0.6918 -0.5556
vn 0.5443 -0.8159 -0.1951
vn 0.5440 -0.8161 -0.1951
vn 0.5536 -0.8304 -0.0625
vn 0.5358 -0.8046 -0.2559
vn 0.4612 -0.6918 -0.5555
vn 0.3034 -0.4551 -0.8372
vn 0.3081 -0.4623 -0.8315
vn 0.3082 -0.4622 -0.8315
vn 0.3082 -0.4623 -0.8315
vn 0.1082 -0.1623 -0.9808
vn 0.1081 -0.1624 -0.9808
vn 0.3034 -0.4550 -0.8372
vn 0.5547 -0.8321 -0.0000
vn -0.5547 0.8321 -0.0000
vn -0.5536 0.8304 -0.0625
vn -0.5536 0.8304 -0.0628
vn -0.5358 0.8046 -0.2559
vn -0.4612 0.6918 -0.5556
vn -0.1026 0.1539 -0.9827
vn -0.5536 0.8304 -0.0626
vn -0.5536 0.8304 -0.0627
vn -0.1082 0.1623 -0.9808
vn -0.1081 0.1624 -0.9808
vn -0.3034 0.4550 -0.8372
vn -0.3082 0.4623 -0.8315
vn -0.3081 0.4623 -0.8315
vn -0.1026 0.1537 -0.9828
vn -0.3034 0.4551 -0.8372
vn -0.5440 0.8161 -0.1951
vn -0.5443 0.8159 -0.1951
vn -0.5362 0.8043 -0.2561
vn 0.5440 -0.8161 0.1951
vn 0.4975 -0.7462 0.4423
vn 0.4975 -0.7463 0.4422
vn 0.4405 -0.6599 0.6086
vn 0.1082 -0.1623 0.9808
vn 0.3082 -0.4622 0.8315
vn 0.3082 -0.4623 0.8315
vn 0.4612 -0.6918 0.5556
vn 0.4610 -0.6920 0.5556
vn 0.4401 -0.6601 0.6087
vn 0.4975 -0.7463 0.4423
vn -0.1082 0.1623 0.9808
vn -0.3082 0.4622 0.8315
vn -0.4401 0.6601 0.6087
vn -0.5440 0.8161 0.1950
vn -0.5440 0.8161 0.1951
vn -0.4975 0.7463 0.4422
vn -0.4975 0.7463 0.4423
vn -0.4610 0.6920 0.5556
vn -0.4612 0.6918 0.5556
vn -0.4975 0.7462 0.4423
vn -0.4405 0.6599 0.6086
vn -0.3082 0.4623 0.8315
vn -0.3082 0.4623 0.8314
vn -0.0000 -1.0000 0.0003
vn -0.2005 -0.1337 -0.9705
vn -0.0487 -0.0325 -0.9983
vn 0.1047 0.0698 -0.9921
vn 0.2546 0.1697 -0.9520
vn 0.3958 0.2639 -0.8796
vn 0.5236 0.3490 -0.7772
vn 0.6335 0.4223 -0.6484
vn 0.7218 0.4812 -0.4974
vn 0.7856 0.5237 -0.3295
vn 0.8226 0.5484 -0.1504
vn 0.8226 0.5484 -0.1505
vn 0.8316 0.5544 0.0338
vn 0.8123 0.5415 0.2168
vn 0.7653 0.5102 0.3925
vn 0.6922 0.4615 0.5548
vn 0.5956 0.3971 0.6983
vn 0.4787 0.3191 0.8179
vn 0.3455 0.2303 0.9097
vn 0.2005 0.1337 0.9705
vn 0.0487 0.0325 0.9983
vn -0.1047 -0.0698 0.9921
vn -0.1047 -0.0698 0.9920
vn -0.2546 -0.1697 0.9520
vn -0.3958 -0.2639 0.8796
vn -0.5236 -0.3490 0.7772
vn -0.6335 -0.4223 0.6484
vn -0.7218 -0.4812 0.4974
vn -0.7856 -0.5237 0.3296
vn -0.7856 -0.5237 0.3295
vn -0.8226 -0.5484 0.1504
vn -0.8226 -0.5484 0.1505
vn -0.8316 -0.5544 -0.0338
vn -0.8123 -0.5415 -0.2168
vn -0.7653 -0.5102 -0.3925
vn -0.6922 -0.4615 -0.5548
vn -0.5956 -0.3971 -0.6983
vn -0.4787 -0.3191 -0.8179
vn -0.3455 -0.2303 -0.9097
vn -0.5547 0.8320 -0.0000
vn 0.5547 -0.8320 -0.0000
vn -0.8320 -0.5547 -0.0000
vn -0.8292 -0.5528 0.0826
vn -0.8066 -0.5377 0.2455
vn -0.7620 -0.5080 0.4017
vn -0.6966 -0.4644 0.5469
vn -0.6122 -0.4081 0.6773
vn -0.5111 -0.3407 0.7891
vn -0.3960 -0.2640 0.8795
vn -0.2702 -0.1801 0.9458
vn -0.1370 -0.0913 0.9864
vn 0.1370 0.0913 0.9864
vn 0.1369 0.0913 0.9864
vn 0.2702 0.1801 0.9458
vn 0.3960 0.2640 0.8795
vn 0.5110 0.3407 0.7891
vn 0.5111 0.3407 0.7891
vn 0.6122 0.4081 0.6773
vn 0.6966 0.4644 0.5470
vn 0.7620 0.5080 0.4017
vn 0.8066 0.5377 0.2455
vn 0.8292 0.5528 0.0826
vn 0.8320 0.5547 -0.0000
vn 0.8321 0.5547 -0.0000
vn -0.6966 -0.4644 0.5470
vn -0.1369 -0.0913 0.9864
vn -0.2005 0.1337 -0.9705
vn -0.0487 0.0325 -0.9983
vn 0.1047 -0.0698 -0.9921
vn 0.2546 -0.1697 -0.9520
vn 0.3958 -0.2639 -0.8796
vn 0.5236 -0.3490 -0.7772
vn 0.6335 -0.4223 -0.6484
vn 0.7218 -0.4812 -0.4974
vn 0.7856 -0.5237 -0.3295
vn 0.7856 -0.5237 -0.3296
vn 0.8226 -0.5484 -0.1505
vn 0.8226 -0.5484 -0.1504
vn 0.8316 -0.5544 0.0338
vn 0.8123 -0.5415 0.2168
vn 0.7653 -0.5102 0.3925
vn 0.6922 -0.4615 0.5548
vn 0.5956 -0.3971 0.6983
vn 0.4787 -0.3191 0.8179
vn 0.3455 -0.2303 0.9097
vn 0.2005 -0.1337 0.9705
vn 0.0487 -0.0325 0.9983
vn -0.1047 0.0698 0.9921
vn -0.1047 0.0698 0.9920
vn -0.2546 0.1697 0.9520
vn -0.3958 0.2639 0.8796
vn -0.5236 0.3490 0.7772
vn -0.6335 0.4223 0.6484
vn -0.7218 0.4812 0.4974
vn -0.7856 0.5237 0.3295
vn -0.8226 0.5484 0.1505
vn -0.8226 0.5484 0.1504
vn -0.8316 0.5544 -0.0338
vn -0.8123 0.5415 -0.2168
vn -0.7653 0.5102 -0.3925
vn -0.6922 0.4615 -0.5548
vn -0.5956 0.3971 -0.6983
vn -0.4787 0.3191 -0.8179
vn -0.3455 0.2303 -0.9097
vn 0.5547 0.8320 -0.0000
vn -0.5547 -0.8320 -0.0000
vn -0.8320 0.5547 -0.0000
vn -0.8292 0.5528 0.0826
vn -0.8066 0.5377 0.2455
vn -0.7620 0.5080 0.4017
vn -0.6966 0.4644 0.5470
vn -0.6122 0.4081 0.6773
vn -0.5111 0.3407 0.7891
vn -0.3960 0.2640 0.8795
vn -0.2702 0.1801 0.9458
vn -0.1369 0.0913 0.9864
vn -0.1370 0.0913 0.9864
vn 0.1370 -0.0913 0.9864
vn 0.1369 -0.0913 0.9864
vn 0.2702 -0.1801 0.9458
vn 0.3960 -0.2640 0.8795
vn 0.5111 -0.3407 0.7891
vn 0.6122 -0.4081 0.6773
vn 0.6966 -0.4644 0.5470
vn 0.7620 -0.5080 0.4017
vn 0.8066 -0.5377 0.2455
vn 0.8292 -0.5528 0.0826
vn 0.8321 -0.5547 -0.0000
vn 0.8320 -0.5547 -0.0000
vn -0.5548 -0.8320 -0.0000
vn 0.6966 0.4644 0.5469
vn -0.5110 -0.3407 0.7891
vn -0.8321 -0.5547 -0.0000
vn 0.2005 0.1337 -0.9705
vn 0.0487 0.0325 -0.9983
vn -0.1047 -0.0698 -0.9921
vn -0.2546 -0.1697 -0.9520
vn -0.3958 -0.2639 -0.8796
vn -0.5236 -0.3490 -0.7772
vn -0.6335 -0.4223 -0.6484
vn -0.7218 -0.4812 -0.4974
vn -0.7856 -0.5237 -0.3295
vn -0.8226 -0.5484 -0.1504
vn -0.8226 -0.5484 -0.1505
vn -0.8316 -0.5544 0.0338
vn -0.8123 -0.5415 0.2168
vn -0.7653 -0.5102 0.3925
vn -0.6922 -0.4615 0.5548
vn -0.5956 -0.3971 0.6983
vn -0.4787 -0.3191 0.8179
vn -0.3455 -0.2303 0.9097
vn -0.2005 -0.1337 0.9705
vn -0.0487 -0.0325 0.9983
vn 0.1047 0.0698 0.9921
vn 0.1047 0.0698 0.9920
vn 0.2546 0.1697 0.9520
vn 0.3958 0.2639 0.8796
vn 0.5236 0.3490 0.7772
vn 0.6335 0.4223 0.6484
vn 0.7218 0.4812 0.4974
vn 0.7856 0.5237 0.3296
vn 0.7856 0.5237 0.3295
vn 0.8226 0.5484 0.1504
vn 0.8226 0.5484 0.1505
vn 0.8316 0.5544 -0.0338
vn 0.8123 0.5415 -0.2168
vn 0.7653 0.5102 -0.3925
vn 0.6922 0.4615 -0.5548
vn 0.5956 0.3971 -0.6983
vn 0.4787 0.3191 -0.8179
vn 0.3455 0.2303 -0.9097
vn -0.6966 0.4644 0.5469
vn 0.5547 0.8321 -0.0001
vn -0.8321 0.5547 -0.0000
vn 0.5548 0.8320 -0.0000
vn 0.2005 -0.1337 -0.9705
vn 0.0487 -0.0325 -0.9983
vn -0.1047 0.0698 -0.9921
vn -0.2546 0.1697 -0.9520
vn -0.3958 0.2639 -0.8796
vn -0.5236 0.3490 -0.7772
vn -0.6335 0.4223 -0.6484
vn -0.7218 0.4812 -0.4974
vn -0.7856 0.5237 -0.3295
vn -0.7856 0.5237 -0.3296
vn -0.8226 0.5484 -0.1505
vn -0.8226 0.5484 -0.1504
vn -0.8316 0.5544 0.0338
vn -0.8123 0.5415 0.2168
vn -0.7653 0.5102 0.3925
vn -0.6922 0.4615 0.5548
vn -0.5956 0.3971 0.6983
vn -0.4787 0.3191 0.8179
vn -0.3455 0.2303 0.9097
vn -0.2005 0.1337 0.9705
vn -0.0487 0.0325 0.9983
vn 0.1047 -0.0698 0.9921
vn 0.1047 -0.0698 0.9920
vn 0.2546 -0.1697 0.9520
vn 0.3958 -0.2639 0.8796
vn 0.5236 -0.3490 0.7772
vn 0.6335 -0.4223 0.6484
vn 0.7218 -0.4812 0.4974
vn 0.7856 -0.5237 0.3295
vn 0.8226 -0.5484 0.1505
vn 0.8226 -0.5484 0.1504
vn 0.8316 -0.5544 -0.0338
vn 0.8123 -0.5415 -0.2168
vn 0.7653 -0.5102 -0.3925
vn 0.6922 -0.4615 -0.5548
vn 0.5956 -0.3971 -0.6983
vn 0.4787 -0.3191 -0.8179
vn 0.3455 -0.2303 -0.9097
vn 0.6966 -0.4644 0.5469
vn -0.5547 -0.8321 -0.0001
vt 4.130494 -0.572846
vt 4.130494 -0.527846
vt 4.031494 -0.572846
vt 4.031494 -0.527846
vt 3.911494 -0.527846
vt 3.911494 -0.572846
vt 4.010494 -0.527846
vt 4.010494 -0.572846
vt 3.791494 -0.527846
vt 3.791494 -0.572846
vt 3.890494 -0.527846
vt 3.890494 -0.572846
vt 3.671494 -0.527846
vt 3.671494 -0.572846
vt 3.770494 -0.527846
vt 3.770494 -0.572846
vt 3.551494 -0.527846
vt 3.551494 -0.572846
vt 3.650495 -0.527846
vt 3.650495 -0.572846
vt 3.431494 -0.527846
vt 3.431494 -0.572846
vt 3.530494 -0.527846
vt 3.530494 -0.572846
vt 3.311495 -0.527846
vt 3.311495 -0.572846
vt 3.410495 -0.527846
vt 3.410495 -0.572846
vt 3.191494 -0.527846
vt 3.191494 -0.572846
vt 3.290494 -0.527846
vt 3.290494 -0.572846
vt 3.071494 -0.527846
vt 3.071494 -0.572846
vt 3.170495 -0.527846
vt 3.170495 -0.572846
vt 2.951494 -0.527846
vt 2.951494 -0.572846
vt 3.050494 -0.527846
vt 3.050494 -0.572846
vt 4.190994 -0.572846
vt 4.190994 -0.527846
vt 4.151495 -0.572846
vt 4.151495 -0.527846
vt -0.527846 0.376079
vt -0.527846 0.408079
vt -0.535346 0.376079
vt -0.572846 0.408079
vt -0.572846 0.376079
vt 2.890995 0.376079
vt 2.890995 0.408079
vt 2.930495 0.408079
vt 4.151495 0.391079
vt 4.169744 0.376079
vt 4.130494 0.391079
vt 4.080995 0.376079
vt 4.130494 0.408079
vt 4.031494 0.408079
vt 4.151495 0.408079
vt 4.190994 0.408079
vt 4.190994 0.376079
vt 2.930495 0.391079
vt 2.951494 0.391079
vt 3.000994 0.376079
vt 2.951494 0.408079
vt 3.050494 0.408079
vt 3.050494 0.391079
vt 3.071494 0.391079
vt 3.120994 0.376079
vt 3.071494 0.408079
vt 3.170495 0.408079
vt 3.170495 0.391079
vt 3.240994 0.376079
vt 3.191494 0.391079
vt 3.191494 0.408079
vt 3.311495 0.391079
vt 3.360995 0.376079
vt 3.290494 0.391079
vt 3.290494 0.408079
vt 3.311495 0.408079
vt 3.410495 0.408079
vt 3.410495 0.391079
vt 3.480994 0.376079
vt 3.431494 0.391079
vt 3.431494 0.408079
vt 3.530494 0.408079
vt 3.530494 0.391079
vt 3.600995 0.376079
vt 3.551494 0.391079
vt 3.551494 0.408079
vt 3.650495 0.408079
vt 3.650495 0.391079
vt 3.671494 0.391079
vt 3.840994 0.376079
vt 3.671494 0.408079
vt 3.770494 0.408079
vt 3.770494 0.391079
vt 3.791494 0.391079
vt 3.791494 0.408079
vt 3.890494 0.408079
vt 3.890494 0.391079
vt 3.960994 0.376079
vt 3.911494 0.391079
vt 3.911494 0.408079
vt 4.010494 0.408079
vt 4.010494 0.391079
vt 4.031494 0.391079
vt 2.890995 -0.527846
vt 2.890995 -0.572846
vt 2.930495 -0.527846
vt 2.930495 -0.572846
vt 4.190994 -0.535346
vt 4.169744 -0.527846
vt 4.169744 -0.535346
vt 4.080995 -0.527846
vt 4.080995 -0.535346
vt 3.960994 -0.527846
vt 3.960994 -0.535346
vt 3.840994 -0.527846
vt 3.840994 -0.535346
vt 3.600995 -0.527846
vt 3.600995 -0.535346
vt 3.480994 -0.527846
vt 3.480994 -0.535346
vt 3.360995 -0.527846
vt 3.360995 -0.535346
vt 3.240994 -0.527846
vt 3.240994 -0.535346
vt 3.120994 -0.527846
vt 3.120994 -0.535346
vt 3.000994 -0.527846
vt 3.000994 -0.535346
vt 2.890995 -0.535346
vt 2.947490 -0.554096
vt 2.948494 -0.550346
vt 2.947490 -0.546596
vt 2.934499 -0.554096
vt 2.933494 -0.550346
vt 2.934499 -0.546596
vt 2.944744 -0.543851
vt 2.940995 -0.542846
vt 2.937244 -0.543851
vt 2.937244 -0.556841
vt 2.940995 -0.557846
vt 3.000994 -0.572846
vt 2.944744 -0.556841
vt 3.054499 -0.546596
vt 3.053494 -0.550346
vt 3.067490 -0.554096
vt 3.068495 -0.550346
vt 3.067490 -0.546596
vt 3.054499 -0.554096
vt 3.064744 -0.543851
vt 3.060994 -0.542846
vt 3.057245 -0.543851
vt 3.057245 -0.556841
vt 3.060994 -0.557846
vt 3.120994 -0.572846
vt 3.064744 -0.556841
vt 3.174499 -0.546596
vt 3.173494 -0.550346
vt 3.187490 -0.554096
vt 3.188494 -0.550346
vt 3.187490 -0.546596
vt 3.174499 -0.554096
vt 3.184744 -0.543851
vt 3.180995 -0.542846
vt 3.177244 -0.543851
vt 3.177244 -0.556841
vt 3.180995 -0.557846
vt 3.240994 -0.572846
vt 3.184744 -0.556841
vt 3.307490 -0.554096
vt 3.308495 -0.550346
vt 3.307490 -0.546596
vt 3.294499 -0.546596
vt 3.293494 -0.550346
vt 3.294499 -0.554096
vt 3.304744 -0.543851
vt 3.300994 -0.542846
vt 3.297245 -0.543851
vt 3.297245 -0.556841
vt 3.300994 -0.557846
vt 3.360995 -0.572846
vt 3.304744 -0.556841
vt 3.427490 -0.554096
vt 3.428494 -0.550346
vt 3.427490 -0.546596
vt 3.414499 -0.546596
vt 3.413495 -0.550346
vt 3.414499 -0.554096
vt 3.424744 -0.543851
vt 3.420995 -0.542846
vt 3.417244 -0.543851
vt 3.417244 -0.556841
vt 3.420995 -0.557846
vt 3.480994 -0.572846
vt 3.424744 -0.556841
vt 3.547490 -0.554096
vt 3.548495 -0.550346
vt 3.547490 -0.546596
vt 3.534499 -0.546596
vt 3.533494 -0.550346
vt 3.534499 -0.554096
vt 3.544744 -0.543851
vt 3.540994 -0.542846
vt 3.537245 -0.543851
vt 3.537245 -0.556841
vt 3.540994 -0.557846
vt 3.600995 -0.572846
vt 3.544744 -0.556841
vt 3.654499 -0.546596
vt 3.653494 -0.550346
vt 3.787490 -0.554096
vt 3.788494 -0.550346
vt 3.787490 -0.546596
vt 3.654499 -0.554096
vt 3.667490 -0.546596
vt 3.664744 -0.543851
vt 3.660995 -0.542846
vt 3.657244 -0.543851
vt 3.784745 -0.543851
vt 3.780994 -0.542846
vt 3.657244 -0.556841
vt 3.660995 -0.557846
vt 3.840994 -0.572846
vt 3.664744 -0.556841
vt 3.667490 -0.554096
vt 3.777245 -0.543851
vt 3.774499 -0.546596
vt 3.668494 -0.550346
vt 3.773494 -0.550346
vt 3.774499 -0.554096
vt 3.777245 -0.556841
vt 3.780994 -0.557846
vt 3.784745 -0.556841
vt 3.894499 -0.546596
vt 3.893494 -0.550346
vt 3.894499 -0.554096
vt 3.907490 -0.546596
vt 3.904744 -0.543851
vt 3.900995 -0.542846
vt 3.897244 -0.543851
vt 3.897244 -0.556841
vt 3.900995 -0.557846
vt 3.960994 -0.572846
vt 3.904744 -0.556841
vt 3.907490 -0.554096
vt 3.908494 -0.550346
vt 4.017244 -0.556841
vt 4.020994 -0.557846
vt 4.080995 -0.572846
vt 4.017244 -0.543851
vt 4.020994 -0.542846
vt 4.024745 -0.543851
vt 4.027490 -0.546596
vt 4.014499 -0.546596
vt 4.013494 -0.550346
vt 4.014499 -0.554096
vt 4.024745 -0.556841
vt 4.027490 -0.554096
vt 4.028494 -0.550346
vt 4.147490 -0.554096
vt 4.148495 -0.550346
vt 4.147490 -0.546596
vt 4.144744 -0.556841
vt 4.169744 -0.572846
vt 4.140995 -0.557846
vt 4.137244 -0.556841
vt 4.137244 -0.543851
vt 4.140995 -0.542846
vt 4.144744 -0.543851
vt 4.134500 -0.546596
vt 4.133494 -0.550346
vt 4.134500 -0.554096
vt -0.572846 0.391079
vt -0.527846 0.391079
vt -0.550346 0.376079
vt -0.550346 0.391079
vt -0.554096 0.376079
vt -0.554096 0.391079
vt 4.134500 0.376079
vt 4.134500 0.391079
vt 4.137244 0.376079
vt 4.137244 0.391079
vt 4.140995 0.376079
vt 4.140995 0.391079
vt 4.144744 0.376079
vt 4.144744 0.391079
vt 4.147490 0.376079
vt 4.147490 0.391079
vt -0.546596 0.376079
vt -0.546596 0.391079
vt 4.014499 0.376079
vt 4.014499 0.391079
vt 4.017244 0.376079
vt 4.017244 0.391079
vt 4.020994 0.376079
vt 4.020994 0.391079
vt 4.024745 0.376079
vt 4.024745 0.391079
vt 4.027490 0.376079
vt 4.027490 0.391079
vt 3.894499 0.376079
vt 3.894499 0.391079
vt 3.897244 0.376079
vt 3.897244 0.391079
vt 3.900995 0.376079
vt 3.900995 0.391079
vt 3.904744 0.376079
vt 3.904744 0.391079
vt 3.907490 0.376079
vt 3.907490 0.391079
vt 3.774499 0.376079
vt 3.774499 0.391079
vt 3.777245 0.376079
vt 3.777245 0.391079
vt 3.780994 0.376079
vt 3.780994 0.391079
vt 3.784745 0.376079
vt 3.784745 0.391079
vt 3.787490 0.376079
vt 3.787490 0.391079
vt 3.654499 0.376079
vt 3.654499 0.391079
vt 3.657244 0.376079
vt 3.657244 0.391079
vt 3.660995 0.376079
vt 3.660995 0.391079
vt 3.664744 0.376079
vt 3.664744 0.391079
vt 3.667490 0.376079
vt 3.667490 0.391079
vt 3.534499 0.376079
vt 3.534499 0.391079
vt 3.537245 0.376079
vt 3.537245 0.391079
vt 3.540994 0.376079
vt 3.540994 0.391079
vt 3.544744 0.376079
vt 3.544744 0.391079
vt 3.547490 0.376079
vt 3.547490 0.391079
vt 3.414499 0.376079
vt 3.414499 0.391079
vt 3.417244 0.376079
vt 3.417244 0.391079
vt 3.420995 0.376079
vt 3.420995 0.391079
vt 3.424744 0.376079
vt 3.424744 0.391079
vt 3.427490 0.376079
vt 3.427490 0.391079
vt 3.294499 0.376079
vt 3.294499 0.391079
vt 3.297245 0.376079
vt 3.297245 0.391079
vt 3.300994 0.376079
vt 3.300994 0.391079
vt 3.304744 0.376079
vt 3.304744 0.391079
vt 3.307490 0.376079
vt 3.307490 0.391079
vt 3.174499 0.376079
vt 3.174499 0.391079
vt 3.177244 0.376079
vt 3.177244 0.391079
vt 3.180995 0.376079
vt 3.180995 0.391079
vt 3.184744 0.376079
vt 3.184744 0.391079
vt 3.187490 0.376079
vt 3.187490 0.391079
vt 3.054499 0.376079
vt 3.054499 0.391079
vt 3.057245 0.376079
vt 3.057245 0.391079
vt 3.060994 0.376079
vt 3.060994 0.391079
vt 3.064744 0.376079
vt 3.064744 0.391079
vt 3.067490 0.376079
vt 3.067490 0.391079
vt 2.934499 0.376079
vt 2.934499 0.391079
vt 2.937244 0.376079
vt 2.937244 0.391079
vt 2.940995 0.376079
vt 2.940995 0.391079
vt 2.944744 0.376079
vt 2.944744 0.391079
vt 2.947490 0.376079
vt 2.947490 0.391079
vt -0.629506 -0.572846
vt -0.629506 -0.527846
vt -0.728506 -0.572846
vt -0.728506 -0.527846
vt -0.848506 -0.527846
vt -0.848506 -0.572846
vt -0.749506 -0.527846
vt -0.749506 -0.572846
vt -0.968506 -0.527846
vt -0.968506 -0.572846
vt -0.869506 -0.527846
vt -0.869506 -0.572846
vt -1.088506 -0.527846
vt -1.088506 -0.572846
vt -0.989506 -0.527846
vt -0.989506 -0.572846
vt -1.208506 -0.527846
vt -1.208506 -0.572846
vt -1.109506 -0.527846
vt -1.109506 -0.572846
vt -1.328506 -0.527846
vt -1.328506 -0.572846
vt -1.229506 -0.527846
vt -1.229506 -0.572846
vt -1.448506 -0.527846
vt -1.448506 -0.572846
vt -1.349506 -0.527846
vt -1.349506 -0.572846
vt -1.568506 -0.527846
vt -1.568506 -0.572846
vt -1.469506 -0.527846
vt -1.469506 -0.572846
vt -1.688506 -0.527846
vt -1.688506 -0.572846
vt -1.589505 -0.527846
vt -1.589505 -0.572846
vt -1.808506 -0.527846
vt -1.808506 -0.572846
vt -1.709506 -0.527846
vt -1.709506 -0.572846
vt -0.569006 -0.572846
vt -0.569006 -0.527846
vt -0.608506 -0.572846
vt -0.608506 -0.527846
vt -1.869005 0.376079
vt -1.869005 0.408079
vt -1.829505 0.408079
vt -0.608506 0.391079
vt -0.590255 0.376079
vt -0.629506 0.391079
vt -0.679006 0.376079
vt -0.629506 0.408079
vt -0.728506 0.408079
vt -0.608506 0.408079
vt -0.569006 0.408079
vt -0.569006 0.376079
vt -1.829505 0.391079
vt -1.808506 0.391079
vt -1.759006 0.376079
vt -1.808506 0.408079
vt -1.709506 0.408079
vt -1.709506 0.391079
vt -1.688506 0.391079
vt -1.639006 0.376079
vt -1.688506 0.408079
vt -1.589505 0.408079
vt -1.589505 0.391079
vt -1.519006 0.376079
vt -1.568506 0.391079
vt -1.568506 0.408079
vt -1.448506 0.391079
vt -1.399006 0.376079
vt -1.469506 0.391079
vt -1.469506 0.408079
vt -1.448506 0.408079
vt -1.349506 0.408079
vt -1.349506 0.391079
vt -1.279006 0.376079
vt -1.328506 0.391079
vt -1.328506 0.408079
vt -1.229506 0.408079
vt -1.229506 0.391079
vt -1.159006 0.376079
vt -1.208506 0.391079
vt -1.208506 0.408079
vt -1.109506 0.408079
vt -1.109506 0.391079
vt -1.088506 0.391079
vt -0.919006 0.376079
vt -1.088506 0.408079
vt -0.989506 0.408079
vt -0.989506 0.391079
vt -0.968506 0.391079
vt -0.968506 0.408079
vt -0.869506 0.408079
vt -0.869506 0.391079
vt -0.799006 0.376079
vt -0.848506 0.391079
vt -0.848506 0.408079
vt -0.749506 0.408079
vt -0.749506 0.391079
vt -0.728506 0.391079
vt -1.869005 -0.527846
vt -1.869005 -0.572846
vt -1.829505 -0.527846
vt -1.829505 -0.572846
vt -0.569006 -0.535346
vt -0.590255 -0.527846
vt -0.590255 -0.535346
vt -0.679006 -0.527846
vt -0.679006 -0.535346
vt -0.799006 -0.527846
vt -0.799006 -0.535346
vt -0.919006 -0.527846
vt -0.919006 -0.535346
vt -1.159006 -0.527846
vt -1.159006 -0.535346
vt -1.279006 -0.527846
vt -1.279006 -0.535346
vt -1.399006 -0.527846
vt -1.399006 -0.535346
vt -1.519006 -0.527846
vt -1.519006 -0.535346
vt -1.639006 -0.527846
vt -1.639006 -0.535346
vt -1.759006 -0.527846
vt -1.759006 -0.535346
vt -1.869005 -0.535346
vt -1.812510 -0.554096
vt -1.811506 -0.550346
vt -1.812510 -0.546596
vt -1.825501 -0.554096
vt -1.826506 -0.550346
vt -1.825501 -0.546596
vt -1.815256 -0.543851
vt -1.819005 -0.542846
vt -1.822756 -0.543851
vt -1.822756 -0.556841
vt -1.819005 -0.557846
vt -1.759006 -0.572846
vt -1.815256 -0.556841
vt -1.705501 -0.546596
vt -1.706506 -0.550346
vt -1.692510 -0.554096
vt -1.691505 -0.550346
vt -1.692510 -0.546596
vt -1.705501 -0.554096
vt -1.695256 -0.543851
vt -1.699006 -0.542846
vt -1.702755 -0.543851
vt -1.702755 -0.556841
vt -1.699006 -0.557846
vt -1.639006 -0.572846
vt -1.695256 -0.556841
vt -1.585501 -0.546596
vt -1.586506 -0.550346
vt -1.572510 -0.554096
vt -1.571506 -0.550346
vt -1.572510 -0.546596
vt -1.585501 -0.554096
vt -1.575256 -0.543851
vt -1.579005 -0.542846
vt -1.582756 -0.543851
vt -1.582756 -0.556841
vt -1.579005 -0.557846
vt -1.519006 -0.572846
vt -1.575256 -0.556841
vt -1.452510 -0.554096
vt -1.451506 -0.550346
vt -1.452510 -0.546596
vt -1.465501 -0.546596
vt -1.466506 -0.550346
vt -1.465501 -0.554096
vt -1.455256 -0.543851
vt -1.459006 -0.542846
vt -1.462756 -0.543851
vt -1.462756 -0.556841
vt -1.459006 -0.557846
vt -1.399006 -0.572846
vt -1.455256 -0.556841
vt -1.332510 -0.554096
vt -1.331506 -0.550346
vt -1.332510 -0.546596
vt -1.345501 -0.546596
vt -1.346506 -0.550346
vt -1.345501 -0.554096
vt -1.335256 -0.543851
vt -1.339006 -0.542846
vt -1.342756 -0.543851
vt -1.342756 -0.556841
vt -1.339006 -0.557846
vt -1.279006 -0.572846
vt -1.335256 -0.556841
vt -1.212510 -0.554096
vt -1.211506 -0.550346
vt -1.212510 -0.546596
vt -1.225501 -0.546596
vt -1.226506 -0.550346
vt -1.225501 -0.554096
vt -1.215256 -0.543851
vt -1.219006 -0.542846
vt -1.222756 -0.543851
vt -1.222756 -0.556841
vt -1.219006 -0.557846
vt -1.159006 -0.572846
vt -1.215256 -0.556841
vt -1.105501 -0.546596
vt -1.106506 -0.550346
vt -0.972510 -0.554096
vt -0.971506 -0.550346
vt -0.972510 -0.546596
vt -1.105501 -0.554096
vt -1.092510 -0.546596
vt -1.095256 -0.543851
vt -1.099006 -0.542846
vt -1.102756 -0.543851
vt -0.975256 -0.543851
vt -0.979006 -0.542846
vt -1.102756 -0.556841
vt -1.099006 -0.557846
vt -0.919006 -0.572846
vt -1.095256 -0.556841
vt -1.092510 -0.554096
vt -0.982756 -0.543851
vt -0.985501 -0.546596
vt -1.091506 -0.550346
vt -0.986506 -0.550346
vt -0.985501 -0.554096
vt -0.982756 -0.556841
vt -0.979006 -0.557846
vt -0.975256 -0.556841
vt -0.865501 -0.546596
vt -0.866506 -0.550346
vt -0.865501 -0.554096
vt -0.852510 -0.546596
vt -0.855256 -0.543851
vt -0.859006 -0.542846
vt -0.862756 -0.543851
vt -0.862756 -0.556841
vt -0.859006 -0.557846
vt -0.799006 -0.572846
vt -0.855256 -0.556841
vt -0.852510 -0.554096
vt -0.851506 -0.550346
vt -0.742756 -0.556841
vt -0.739006 -0.557846
vt -0.679006 -0.572846
vt -0.742756 -0.543851
vt -0.739006 -0.542846
vt -0.735256 -0.543851
vt -0.732510 -0.546596
vt -0.745501 -0.546596
vt -0.746505 -0.550346
vt -0.745501 -0.554096
vt -0.735256 -0.556841
vt -0.732510 -0.554096
vt -0.731506 -0.550346
vt -0.612510 -0.554096
vt -0.611506 -0.550346
vt -0.612510 -0.546596
vt -0.615256 -0.556841
vt -0.590255 -0.572846
vt -0.619006 -0.557846
vt -0.622756 -0.556841
vt -0.622756 -0.543851
vt -0.619006 -0.542846
vt -0.615256 -0.543851
vt -0.625501 -0.546596
vt -0.626506 -0.550346
vt -0.625501 -0.554096
vt -0.625501 0.376079
vt -0.625501 0.391079
vt -0.622756 0.376079
vt -0.622756 0.391079
vt -0.619006 0.376079
vt -0.619006 0.391079
vt -0.615256 0.376079
vt -0.615256 0.391079
vt -0.612510 0.376079
vt -0.612510 0.391079
vt -0.745501 0.376079
vt -0.745501 0.391079
vt -0.742756 0.376079
vt -0.742756 0.391079
vt -0.739006 0.376079
vt -0.739006 0.391079
vt -0.735256 0.376079
vt -0.735256 0.391079
vt -0.732510 0.376079
vt -0.732510 0.391079
vt -0.865501 0.376079
vt -0.865501 0.391079
vt -0.862756 0.376079
vt -0.862756 0.391079
vt -0.859006 0.376079
vt -0.859006 0.391079
vt -0.855256 0.376079
vt -0.855256 0.391079
vt -0.852510 0.376079
vt -0.852510 0.391079
vt -0.985501 0.376079
vt -0.985501 0.391079
vt -0.982756 0.376079
vt -0.982756 0.391079
vt -0.979006 0.376079
vt -0.979006 0.391079
vt -0.975256 0.376079
vt -0.975256 0.391079
vt -0.972510 0.376079
vt -0.972510 0.391079
vt -1.105501 0.376079
vt -1.105501 0.391079
vt -1.102756 0.376079
vt -1.102756 0.391079
vt -1.099006 0.376079
vt -1.099006 0.391079
vt -1.095256 0.376079
vt -1.095256 0.391079
vt -1.092510 0.376079
vt -1.092510 0.391079
vt -1.225501 0.376079
vt -1.225501 0.391079
vt -1.222756 0.376079
vt -1.222756 0.391079
vt -1.219006 0.376079
vt -1.219006 0.391079
vt -1.215256 0.376079
vt -1.215256 0.391079
vt -1.212510 0.376079
vt -1.212510 0.391079
vt -1.345501 0.376079
vt -1.345501 0.391079
vt -1.342756 0.376079
vt -1.342756 0.391079
vt -1.339006 0.376079
vt -1.339006 0.391079
vt -1.335256 0.376079
vt -1.335256 0.391079
vt -1.332510 0.376079
vt -1.332510 0.391079
vt -1.465501 0.376079
vt -1.465501 0.391079
vt -1.462756 0.376079
vt -1.462756 0.391079
vt -1.459006 0.376079
vt -1.459006 0.391079
vt -1.455256 0.376079
vt -1.455256 0.391079
vt -1.452510 0.376079
vt -1.452510 0.391079
vt -1.585501 0.376079
vt -1.585501 0.391079
vt -1.582756 0.376079
vt -1.582756 0.391079
vt -1.579005 0.376079
vt -1.579005 0.391079
vt -1.575256 0.376079
vt -1.575256 0.391079
vt -1.572510 0.376079
vt -1.572510 0.391079
vt -1.705501 0.376079
vt -1.705501 0.391079
vt -1.702755 0.376079
vt -1.702755 0.391079
vt -1.699006 0.376079
vt -1.699006 0.391079
vt -1.695256 0.376079
vt -1.695256 0.391079
vt -1.692510 0.376079
vt -1.692510 0.391079
vt -1.825501 0.376079
vt -1.825501 0.391079
vt -1.822756 0.376079
vt -1.822756 0.391079
vt -1.819005 0.376079
vt -1.819005 0.391079
vt -1.815256 0.376079
vt -1.815256 0.391079
vt -1.812510 0.376079
vt -1.812510 0.391079
vt -0.629506 1.527154
vt -0.629506 1.572154
vt -0.728506 1.527154
vt -0.728506 1.572154
vt -0.848506 1.572154
vt -0.848506 1.527154
vt -0.749506 1.572154
vt -0.749506 1.527154
vt -0.968506 1.572154
vt -0.968506 1.527154
vt -0.869506 1.572154
vt -0.869506 1.527154
vt -1.088506 1.572154
vt -1.088506 1.527154
vt -0.989506 1.572154
vt -0.989506 1.527154
vt -1.208506 1.572154
vt -1.208506 1.527154
vt -1.109506 1.572154
vt -1.109506 1.527154
vt -1.328506 1.572154
vt -1.328506 1.527154
vt -1.229506 1.572154
vt -1.229506 1.527154
vt -1.448506 1.572154
vt -1.448506 1.527154
vt -1.349506 1.572154
vt -1.349506 1.527154
vt -1.568506 1.572154
vt -1.568506 1.527154
vt -1.469506 1.572154
vt -1.469506 1.527154
vt -1.688506 1.572154
vt -1.688506 1.527154
vt -1.589505 1.572154
vt -1.589505 1.527154
vt -1.808506 1.572154
vt -1.808506 1.527154
vt -1.709506 1.572154
vt -1.709506 1.527154
vt -0.569006 1.527154
vt -0.569006 1.572154
vt -0.608506 1.527154
vt -0.608506 1.572154
vt 1.572154 0.376079
vt 1.572154 0.408079
vt 1.564654 0.376079
vt 1.527154 0.408079
vt 1.527154 0.376079
vt -1.869005 1.572154
vt -1.869005 1.527154
vt -1.829505 1.572154
vt -1.829505 1.527154
vt -0.569006 1.564654
vt -0.590255 1.572154
vt -0.590255 1.564654
vt -0.679006 1.572154
vt -0.679006 1.564654
vt -0.799006 1.572154
vt -0.799006 1.564654
vt -0.919006 1.572154
vt -0.919006 1.564654
vt -1.159006 1.572154
vt -1.159006 1.564654
vt -1.279006 1.572154
vt -1.279006 1.564654
vt -1.399006 1.572154
vt -1.399006 1.564654
vt -1.519006 1.572154
vt -1.519006 1.564654
vt -1.639006 1.572154
vt -1.639006 1.564654
vt -1.759006 1.572154
vt -1.759006 1.564654
vt -1.869005 1.564654
vt -1.812510 1.545904
vt -1.811506 1.549654
vt -1.812510 1.553404
vt -1.825501 1.545904
vt -1.826506 1.549654
vt -1.825501 1.553404
vt -1.815256 1.556149
vt -1.819005 1.557154
vt -1.822756 1.556149
vt -1.822756 1.543159
vt -1.819005 1.542154
vt -1.759006 1.527154
vt -1.815256 1.543159
vt -1.705501 1.553404
vt -1.706506 1.549654
vt -1.692510 1.545904
vt -1.691505 1.549654
vt -1.692510 1.553404
vt -1.705501 1.545904
vt -1.695256 1.556149
vt -1.699006 1.557154
vt -1.702755 1.556149
vt -1.702755 1.543159
vt -1.699006 1.542154
vt -1.639006 1.527154
vt -1.695256 1.543159
vt -1.585501 1.553404
vt -1.586506 1.549654
vt -1.572510 1.545904
vt -1.571506 1.549654
vt -1.572510 1.553404
vt -1.585501 1.545904
vt -1.575256 1.556149
vt -1.579005 1.557154
vt -1.582756 1.556149
vt -1.582756 1.543159
vt -1.579005 1.542154
vt -1.519006 1.527154
vt -1.575256 1.543159
vt -1.452510 1.545904
vt -1.451506 1.549654
vt -1.452510 1.553404
vt -1.465501 1.553404
vt -1.466506 1.549654
vt -1.465501 1.545904
vt -1.455256 1.556149
vt -1.459006 1.557154
vt -1.462756 1.556149
vt -1.462756 1.543159
vt -1.459006 1.542154
vt -1.399006 1.527154
vt -1.455256 1.543159
vt -1.332510 1.545904
vt -1.331506 1.549654
vt -1.332510 1.553404
vt -1.345501 1.553404
vt -1.346506 1.549654
vt -1.345501 1.545904
vt -1.335256 1.556149
vt -1.339006 1.557154
vt -1.342756 1.556149
vt -1.342756 1.543159
vt -1.339006 1.542154
vt -1.279006 1.527154
vt -1.335256 1.543159
vt -1.212510 1.545904
vt -1.211506 1.549654
vt -1.212510 1.553404
vt -1.225501 1.553404
vt -1.226506 1.549654
vt -1.225501 1.545904
vt -1.215256 1.556149
vt -1.219006 1.557154
vt -1.222756 1.556149
vt -1.222756 1.543159
vt -1.219006 1.542154
vt -1.159006 1.527154
vt -1.215256 1.543159
vt -1.105501 1.553404
vt -1.106506 1.549654
vt -0.972510 1.545904
vt -0.971506 1.549654
vt -0.972510 1.553404
vt -1.105501 1.545904
vt -1.092510 1.553404
vt -1.095256 1.556149
vt -1.099006 1.557154
vt -1.102756 1.556149
vt -0.975256 1.556149
vt -0.979006 1.557154
vt -1.102756 1.543159
vt -1.099006 1.542154
vt -0.919006 1.527154
vt -1.095256 1.543159
vt -1.092510 1.545904
vt -0.982756 1.556149
vt -0.985501 1.553404
vt -1.091506 1.549654
vt -0.986506 1.549654
vt -0.985501 1.545904
vt -0.982756 1.543159
vt -0.979006 1.542154
vt -0.975256 1.543159
vt -0.865501 1.553404
vt -0.866506 1.549654
vt -0.865501 1.545904
vt -0.852510 1.553404
vt -0.855256 1.556149
vt -0.859006 1.557154
vt -0.862756 1.556149
vt -0.862756 1.543159
vt -0.859006 1.542154
vt -0.799006 1.527154
vt -0.855256 1.543159
vt -0.852510 1.545904
vt -0.851506 1.549654
vt -0.742756 1.543159
vt -0.739006 1.542154
vt -0.679006 1.527154
vt -0.742756 1.556149
vt -0.739006 1.557154
vt -0.735256 1.556149
vt -0.732510 1.553404
vt -0.745501 1.553404
vt -0.746505 1.549654
vt -0.745501 1.545904
vt -0.735256 1.543159
vt -0.732510 1.545904
vt -0.731506 1.549654
vt -0.612510 1.545904
vt -0.611506 1.549654
vt -0.612510 1.553404
vt -0.615256 1.543159
vt -0.590255 1.527154
vt -0.619006 1.542154
vt -0.622756 1.543159
vt -0.622756 1.556149
vt -0.619006 1.557154
vt -0.615256 1.556149
vt -0.625501 1.553404
vt -0.626506 1.549654
vt -0.625501 1.545904
vt 1.527154 0.391079
vt 1.572154 0.391079
vt 1.549654 0.376079
vt 1.549654 0.391079
vt 1.545904 0.376079
vt 1.545904 0.391079
vt 1.553404 0.376079
vt 1.553404 0.391079
vt -1.949506 1.527154
vt -1.949506 1.572154
vt -2.048506 1.527154
vt -2.048506 1.572154
vt -2.168506 1.572154
vt -2.168506 1.527154
vt -2.069505 1.572154
vt -2.069505 1.527154
vt -2.288506 1.572154
vt -2.288506 1.527154
vt -2.189506 1.572154
vt -2.189506 1.527154
vt -2.408506 1.572154
vt -2.408506 1.527154
vt -2.309505 1.572154
vt -2.309505 1.527154
vt -2.528506 1.572154
vt -2.528506 1.527154
vt -2.429506 1.572154
vt -2.429506 1.527154
vt -2.648506 1.572154
vt -2.648506 1.527154
vt -2.549505 1.572154
vt -2.549505 1.527154
vt -2.768506 1.572154
vt -2.768506 1.527154
vt -2.669506 1.572154
vt -2.669506 1.527154
vt -2.888505 1.572154
vt -2.888505 1.527154
vt -2.789505 1.572154
vt -2.789505 1.527154
vt -3.008506 1.572154
vt -3.008506 1.527154
vt -2.909506 1.572154
vt -2.909506 1.527154
vt -3.128506 1.572154
vt -3.128506 1.527154
vt -3.029505 1.572154
vt -3.029505 1.527154
vt -1.889006 1.527154
vt -1.889006 1.572154
vt -1.928506 1.527154
vt -1.928506 1.572154
vt -3.189006 0.376079
vt -3.189006 0.408079
vt -3.149506 0.408079
vt -1.928506 0.391079
vt -1.910256 0.376079
vt -1.949506 0.391079
vt -1.999006 0.376079
vt -1.949506 0.408079
vt -2.048506 0.408079
vt -1.928506 0.408079
vt -1.889006 0.408079
vt -1.889006 0.376079
vt -3.149506 0.391079
vt -3.128506 0.391079
vt -3.079006 0.376079
vt -3.128506 0.408079
vt -3.029505 0.408079
vt -3.029505 0.391079
vt -3.008506 0.391079
vt -2.959006 0.376079
vt -3.008506 0.408079
vt -2.909506 0.408079
vt -2.909506 0.391079
vt -2.839005 0.376079
vt -2.888505 0.391079
vt -2.888505 0.408079
vt -2.768506 0.391079
vt -2.719006 0.376079
vt -2.789505 0.391079
vt -2.789505 0.408079
vt -2.768506 0.408079
vt -2.669506 0.408079
vt -2.669506 0.391079
vt -2.599005 0.376079
vt -2.648506 0.391079
vt -2.648506 0.408079
vt -2.549505 0.408079
vt -2.549505 0.391079
vt -2.479006 0.376079
vt -2.528506 0.391079
vt -2.528506 0.408079
vt -2.429506 0.408079
vt -2.429506 0.391079
vt -2.408506 0.391079
vt -2.239006 0.376079
vt -2.408506 0.408079
vt -2.309505 0.408079
vt -2.309505 0.391079
vt -2.288506 0.391079
vt -2.288506 0.408079
vt -2.189506 0.408079
vt -2.189506 0.391079
vt -2.119005 0.376079
vt -2.168506 0.391079
vt -2.168506 0.408079
vt -2.069505 0.408079
vt -2.069505 0.391079
vt -2.048506 0.391079
vt -3.189006 1.572154
vt -3.189006 1.527154
vt -3.149506 1.572154
vt -3.149506 1.527154
vt -1.889006 1.564654
vt -1.910256 1.572154
vt -1.910256 1.564654
vt -1.999006 1.572154
vt -1.999006 1.564654
vt -2.119005 1.572154
vt -2.119005 1.564654
vt -2.239006 1.572154
vt -2.239006 1.564654
vt -2.479006 1.572154
vt -2.479006 1.564654
vt -2.599005 1.572154
vt -2.599005 1.564654
vt -2.719006 1.572154
vt -2.719006 1.564654
vt -2.839005 1.572154
vt -2.839005 1.564654
vt -2.959006 1.572154
vt -2.959006 1.564654
vt -3.079006 1.572154
vt -3.079006 1.564654
vt -3.189006 1.564654
vt -3.132510 1.545904
vt -3.131505 1.549654
vt -3.132510 1.553404
vt -3.145501 1.545904
vt -3.146506 1.549654
vt -3.145501 1.553404
vt -3.135256 1.556149
vt -3.139006 1.557154
vt -3.142756 1.556149
vt -3.142756 1.543159
vt -3.139006 1.542154
vt -3.079006 1.527154
vt -3.135256 1.543159
vt -3.025501 1.553404
vt -3.026506 1.549654
vt -3.012510 1.545904
vt -3.011506 1.549654
vt -3.012510 1.553404
vt -3.025501 1.545904
vt -3.015256 1.556149
vt -3.019006 1.557154
vt -3.022756 1.556149
vt -3.022756 1.543159
vt -3.019006 1.542154
vt -2.959006 1.527154
vt -3.015256 1.543159
vt -2.905501 1.553404
vt -2.906506 1.549654
vt -2.892510 1.545904
vt -2.891506 1.549654
vt -2.892510 1.553404
vt -2.905501 1.545904
vt -2.895256 1.556149
vt -2.899006 1.557154
vt -2.902755 1.556149
vt -2.902755 1.543159
vt -2.899006 1.542154
vt -2.839005 1.527154
vt -2.895256 1.543159
vt -2.772510 1.545904
vt -2.771506 1.549654
vt -2.772510 1.553404
vt -2.785501 1.553404
vt -2.786505 1.549654
vt -2.785501 1.545904
vt -2.775256 1.556149
vt -2.779006 1.557154
vt -2.782756 1.556149
vt -2.782756 1.543159
vt -2.779006 1.542154
vt -2.719006 1.527154
vt -2.775256 1.543159
vt -2.652510 1.545904
vt -2.651505 1.549654
vt -2.652510 1.553404
vt -2.665501 1.553404
vt -2.666506 1.549654
vt -2.665501 1.545904
vt -2.655256 1.556149
vt -2.659006 1.557154
vt -2.662755 1.556149
vt -2.662755 1.543159
vt -2.659006 1.542154
vt -2.599005 1.527154
vt -2.655256 1.543159
vt -2.532510 1.545904
vt -2.531506 1.549654
vt -2.532510 1.553404
vt -2.545501 1.553404
vt -2.546506 1.549654
vt -2.545501 1.545904
vt -2.535256 1.556149
vt -2.539006 1.557154
vt -2.542756 1.556149
vt -2.542756 1.543159
vt -2.539006 1.542154
vt -2.479006 1.527154
vt -2.535256 1.543159
vt -2.425501 1.553404
vt -2.426506 1.549654
vt -2.292510 1.545904
vt -2.291506 1.549654
vt -2.292510 1.553404
vt -2.425501 1.545904
vt -2.412510 1.553404
vt -2.415256 1.556149
vt -2.419006 1.557154
vt -2.422755 1.556149
vt -2.295256 1.556149
vt -2.299006 1.557154
vt -2.422755 1.543159
vt -2.419006 1.542154
vt -2.239006 1.527154
vt -2.415256 1.543159
vt -2.412510 1.545904
vt -2.302756 1.556149
vt -2.305501 1.553404
vt -2.411505 1.549654
vt -2.306505 1.549654
vt -2.305501 1.545904
vt -2.302756 1.543159
vt -2.299006 1.542154
vt -2.295256 1.543159
vt -2.185501 1.553404
vt -2.186506 1.549654
vt -2.185501 1.545904
vt -2.172510 1.553404
vt -2.175256 1.556149
vt -2.179006 1.557154
vt -2.182755 1.556149
vt -2.182755 1.543159
vt -2.179006 1.542154
vt -2.119005 1.527154
vt -2.175256 1.543159
vt -2.172510 1.545904
vt -2.171505 1.549654
vt -2.062756 1.543159
vt -2.059005 1.542154
vt -1.999006 1.527154
vt -2.062756 1.556149
vt -2.059005 1.557154
vt -2.055256 1.556149
vt -2.052510 1.553404
vt -2.065501 1.553404
vt -2.066505 1.549654
vt -2.065501 1.545904
vt -2.055256 1.543159
vt -2.052510 1.545904
vt -2.051506 1.549654
vt -1.932510 1.545904
vt -1.931505 1.549654
vt -1.932510 1.553404
vt -1.935256 1.543159
vt -1.910256 1.527154
vt -1.939006 1.542154
vt -1.942755 1.543159
vt -1.942755 1.556149
vt -1.939006 1.557154
vt -1.935256 1.556149
vt -1.945501 1.553404
vt -1.946506 1.549654
vt -1.945501 1.545904
vt -1.945501 0.376079
vt -1.945501 0.391079
vt -1.942755 0.376079
vt -1.942755 0.391079
vt -1.939006 0.376079
vt -1.939006 0.391079
vt -1.935256 0.376079
vt -1.935256 0.391079
vt -1.932510 0.376079
vt -1.932510 0.391079
vt -2.065501 0.376079
vt -2.065501 0.391079
vt -2.062756 0.376079
vt -2.062756 0.391079
vt -2.059005 0.376079
vt -2.059005 0.391079
vt -2.055256 0.376079
vt -2.055256 0.391079
vt -2.052510 0.376079
vt -2.052510 0.391079
vt -2.185501 0.376079
vt -2.185501 0.391079
vt -2.182755 0.376079
vt -2.182755 0.391079
vt -2.179006 0.376079
vt -2.179006 0.391079
vt -2.175256 0.376079
vt -2.175256 0.391079
vt -2.172510 0.376079
vt -2.172510 0.391079
vt -2.305501 0.376079
vt -2.305501 0.391079
vt -2.302756 0.376079
vt -2.302756 0.391079
vt -2.299006 0.376079
vt -2.299006 0.391079
vt -2.295256 0.376079
vt -2.295256 0.391079
vt -2.292510 0.376079
vt -2.292510 0.391079
vt -2.425501 0.376079
vt -2.425501 0.391079
vt -2.422755 0.376079
vt -2.422755 0.391079
vt -2.419006 0.376079
vt -2.419006 0.391079
vt -2.415256 0.376079
vt -2.415256 0.391079
vt -2.412510 0.376079
vt -2.412510 0.391079
vt -2.545501 0.376079
vt -2.545501 0.391079
vt -2.542756 0.376079
vt -2.542756 0.391079
vt -2.539006 0.376079
vt -2.539006 0.391079
vt -2.535256 0.376079
vt -2.535256 0.391079
vt -2.532510 0.376079
vt -2.532510 0.391079
vt -2.665501 0.376079
vt -2.665501 0.391079
vt -2.662755 0.376079
vt -2.662755 0.391079
vt -2.659006 0.376079
vt -2.659006 0.391079
vt -2.655256 0.376079
vt -2.655256 0.391079
vt -2.652510 0.376079
vt -2.652510 0.391079
vt -2.785501 0.376079
vt -2.785501 0.391079
vt -2.782756 0.376079
vt -2.782756 0.391079
vt -2.779006 0.376079
vt -2.779006 0.391079
vt -2.775256 0.376079
vt -2.775256 0.391079
vt -2.772510 0.376079
vt -2.772510 0.391079
vt -2.905501 0.376079
vt -2.905501 0.391079
vt -2.902755 0.376079
vt -2.902755 0.391079
vt -2.899006 0.376079
vt -2.899006 0.391079
vt -2.895256 0.376079
vt -2.895256 0.391079
vt -2.892510 0.376079
vt -2.892510 0.391079
vt -3.025501 0.376079
vt -3.025501 0.391079
vt -3.022756 0.376079
vt -3.022756 0.391079
vt -3.019006 0.376079
vt -3.019006 0.391079
vt -3.015256 0.376079
vt -3.015256 0.391079
vt -3.012510 0.376079
vt -3.012510 0.391079
vt -3.145501 0.376079
vt -3.145501 0.391079
vt -3.142756 0.376079
vt -3.142756 0.391079
vt -3.139006 0.376079
vt -3.139006 0.391079
vt -3.135256 0.376079
vt -3.135256 0.391079
vt -3.132510 0.376079
vt -3.132510 0.391079
vt -0.009911 -0.205996
vt 0.400994 -0.479932
vt 0.400994 -0.476253
vt -2.093243 1.189691
vt -2.499006 1.460200
vt -2.499006 1.457080
vt -2.499006 0.518422
vt -2.093243 0.518422
vt -2.499006 0.520079
vt -2.091944 0.524079
vt -2.595006 0.524079
vt -2.595006 0.521018
vt -0.005811 0.521018
vt 0.496994 0.521018
vt 0.496994 0.524079
vt -2.595006 0.520079
vt -2.092281 0.521018
vt -1.570664 0.521018
vt -1.570326 0.524079
vt -1.049046 0.521018
vt -1.048708 0.524079
vt -0.527429 0.521018
vt -0.527091 0.524079
vt -0.005473 0.524079
vt -1.571626 0.518422
vt -1.050008 0.518422
vt -0.528390 0.518422
vt -0.006773 0.518422
vt 0.496994 0.520079
vt 0.400994 0.520079
vt 0.400994 0.518422
vt 0.400994 -0.473134
vt -0.006773 -0.201289
vt -0.008213 -0.203448
vt -0.528390 0.146456
vt -0.529830 0.144297
vt -1.050008 0.494201
vt -1.051448 0.492042
vt -1.571626 0.841946
vt -1.573065 0.839787
vt -2.094683 1.187532
vt -2.499006 1.453401
vt -2.096381 1.184985
vt -1.574764 0.837240
vt -1.053146 0.489494
vt -0.531528 0.141749
vt -2.499006 1.406228
vt 0.400994 -0.527105
vt -2.499006 0.516079
vt -2.499006 0.508079
vt 0.400994 0.516079
vt 0.400994 0.508079
vt -2.499006 1.526413
vt 0.400994 -0.406920
vt -0.001630 -0.185676
vt 0.400994 -0.454093
vt -2.499006 1.479241
vt -2.088100 1.205304
vt -1.566483 0.857559
vt -1.044865 0.509814
vt -0.523248 0.162069
vt -0.006068 0.524079
vt -2.092200 0.521018
vt -2.499006 1.475561
vt -0.004768 -0.190383
vt 0.400994 -0.460891
vt 0.400994 -0.457772
vt -0.003328 -0.188224
vt -0.524946 0.159521
vt -1.046563 0.507267
vt -1.568181 0.855012
vt -2.089799 1.202757
vt -2.499006 1.472442
vt -2.091238 1.200597
vt -1.569621 0.852852
vt -1.048003 0.505107
vt -0.526385 0.157362
vt -2.091238 0.518422
vt -1.570583 0.521018
vt -1.569621 0.518422
vt -1.048965 0.521018
vt -1.048003 0.518422
vt -0.527347 0.521018
vt -0.526385 0.518422
vt -0.005730 0.521018
vt -0.004768 0.518422
vt -2.092538 0.524079
vt -1.570920 0.524079
vt -1.049303 0.524079
vt -0.527685 0.524079
vt -0.535606 0.520079
vt -0.526419 0.520079
vt -0.535049 0.521018
vt -0.526976 0.521018
vt -0.534318 0.524079
vt -0.527707 0.524079
vt -0.534318 0.692079
vt -0.527707 0.692079
vt -0.534393 0.693079
vt -0.527632 0.693079
vt 1.534914 0.520079
vt 1.525728 0.520079
vt 1.534358 0.521018
vt 1.526284 0.521018
vt 1.533626 0.524079
vt 1.527016 0.524079
vt 1.533626 0.692079
vt 1.527016 0.692079
vt 1.533701 0.693079
vt 1.526940 0.693079
vt -2.595006 0.693079
vt -2.595006 0.692079
vt -2.404076 0.693079
vt -2.092035 0.692079
vt -2.405061 0.695140
vt -2.093334 0.697736
vt -2.408187 0.697736
vt -2.096472 1.185045
vt -2.418386 1.399654
vt -2.413143 1.399654
vt -0.006280 0.695140
vt 0.294939 0.695140
vt 0.291813 0.697736
vt 0.496994 0.692079
vt 0.496994 0.693079
vt 0.295924 0.693079
vt -0.005942 0.692079
vt 0.281615 -0.400346
vt -0.010379 -0.205683
vt -0.008681 -0.203136
vt -0.531903 0.141999
vt -0.530204 0.144546
vt -1.053426 0.489681
vt -1.051728 0.492228
vt -1.574949 0.837363
vt -1.573251 0.839911
vt -2.094774 1.187593
vt -2.408187 1.399654
vt -2.093334 1.189752
vt -1.571811 0.842070
vt -1.050288 0.494388
vt -0.528765 0.146706
vt -0.007242 -0.200976
vt 0.286857 -0.400346
vt -2.092372 0.695140
vt -1.570849 0.695140
vt -1.571811 0.697736
vt -1.049326 0.695140
vt -1.050288 0.697736
vt -0.527803 0.695140
vt -0.528765 0.697736
vt -0.007242 0.697736
vt 0.291813 -0.400346
vt -1.570511 0.692079
vt -1.048988 0.692079
vt -0.527465 0.692079
vt -0.001539 -0.185737
vt 0.320374 -0.400346
vt 0.315132 -0.400346
vt -2.089330 1.202444
vt -2.384868 1.399654
vt -2.379626 1.399654
vt -2.091732 0.695140
vt -2.392950 0.695140
vt -2.389824 0.697736
vt -2.393935 0.693079
vt -2.092069 0.692079
vt -1.570208 0.695140
vt -1.570546 0.692079
vt -1.048685 0.695140
vt -1.049023 0.692079
vt -0.527162 0.695140
vt -0.527500 0.692079
vt -0.005639 0.695140
vt -0.005977 0.692079
vt 0.306065 0.693079
vt 0.307050 0.695140
vt -0.004677 0.697736
vt -0.526200 0.697736
vt -1.047723 0.697736
vt -1.569246 0.697736
vt -2.090770 0.697736
vt -2.090770 1.200285
vt -2.389824 1.399654
vt -1.567807 0.854762
vt -1.569246 0.852603
vt -1.046284 0.507080
vt -1.047723 0.504920
vt -0.524760 0.159398
vt -0.526200 0.157238
vt -0.003237 -0.188284
vt -0.004677 -0.190444
vt 0.310176 -0.400346
vt 0.310176 0.697736
vt -2.087632 1.204992
vt -1.566108 0.857309
vt -1.044585 0.509627
vt -0.523062 0.161945
vt -2.595006 1.526940
vt -2.404076 1.399654
vt -2.595006 1.533701
vt -2.393935 1.399654
vt 0.496994 -0.527632
vt 0.306065 -0.400346
vt 0.496994 -0.534393
vt 0.295924 -0.400346
vt -2.308867 0.700079
vt -2.308867 0.708079
vt 0.391133 0.700079
vt 0.391133 0.708079
vt -2.308867 1.399654
vt -2.489144 1.399654
vt 0.391133 -0.400346
vt 0.210856 -0.400346
vt -2.489144 0.708079
vt -2.489144 0.700079
vt 0.210856 0.708079
vt 0.210856 0.700079
vt -2.384868 0.699532
vt -2.379626 0.700079
vt -2.413143 0.699532
vt -2.418386 0.700079
vt 0.286857 0.699532
vt 0.281615 0.700079
vt 0.320374 0.700079
vt 0.315132 0.699532
vt -2.595006 1.534914
vt -2.499006 1.470914
vt -2.595006 1.525728
vt -2.499006 1.461728
vt 1.406228 0.508079
vt 1.406228 0.516079
vt 1.453401 0.516079
vt 1.526413 0.516079
vt 1.526413 0.508079
vt 1.479241 0.516079
vt 1.475561 0.516688
vt 1.460200 0.518422
vt 1.461728 0.520079
vt 1.470914 0.520079
vt 1.457080 0.516688
vt 1.472442 0.518422
vt -0.479932 0.516079
vt -0.527105 0.516079
vt -0.527105 0.508079
vt -0.406920 0.508079
vt -0.406920 0.516079
vt -0.454093 0.516079
vt -0.457772 0.516688
vt -0.462419 0.520079
vt -0.471606 0.520079
vt -0.460891 0.518422
vt -0.473134 0.518422
vt -0.476253 0.516688
vt 0.400994 -0.462419
vt 0.496994 -0.526419
vt 0.400994 -0.471606
vt 0.496994 -0.535606
vt 3.605994 1.399654
vt 3.605994 1.544654
vt 3.700994 1.544654
vt 3.500994 -0.545346
vt 3.500994 1.544654
vt 3.595994 1.399654
vt 3.595994 1.544654
vt 3.700994 -0.545346
vt 3.605994 -0.545346
vt 3.605994 -0.400346
vt 3.595994 -0.545346
vt 3.595994 -0.400346
vt 3.595994 0.436079
vt 3.595994 0.508079
vt 3.500994 0.508079
vt 3.596994 0.533079
vt 3.596994 0.680079
vt 3.500994 0.520079
vt 2.642106 0.680079
vt 2.642106 0.436079
vt 3.593187 0.523887
vt 3.596005 0.528104
vt 3.588969 0.521069
vt 3.583994 0.520079
vt 3.605994 0.508079
vt 3.605994 0.436079
vt 3.700994 0.508079
vt 4.340994 0.436079
vt 3.700994 0.520079
vt 3.606736 0.526579
vt 3.611495 0.521821
vt 3.604995 0.533079
vt 3.617995 0.520079
vt 3.604995 0.680079
vt 4.340994 0.680079
vt 3.595994 0.431104
vt 2.642106 0.431104
vt 3.595994 0.426887
vt 2.642106 0.426887
vt 3.595994 1.540847
vt 2.642106 1.540847
vt 3.595994 1.536629
vt 2.642106 1.536629
vt 3.595994 1.531654
vt 2.642106 1.531654
vt 4.340994 0.431104
vt 3.605994 0.431104
vt 4.340994 0.426887
vt 3.605994 0.426887
vt 4.340994 1.540847
vt 3.605994 1.540847
vt 4.340994 1.536629
vt 3.605994 1.536629
vt 4.340994 1.531654
vt 3.605994 1.531654
vt 2.642106 1.399654
vt 4.340994 1.399654
vt 2.642106 -0.400346
vt 2.642106 -0.532346
vt 3.595994 -0.532346
vt 4.340994 -0.532346
vt 4.340994 -0.400346
vt 3.605994 -0.532346
vt 3.595994 -0.537321
vt 2.642106 -0.537321
vt 3.595994 -0.541538
vt 2.642106 -0.541538
vt 4.340994 -0.537321
vt 3.605994 -0.537321
vt 4.340994 -0.541538
vt 3.605994 -0.541538
vt 0.505994 1.399654
vt 0.505994 1.544654
vt 0.600994 1.544654
vt 0.400994 -0.545346
vt 0.400994 1.544654
vt 0.495994 1.399654
vt 0.495994 1.544654
vt 0.600994 -0.545346
vt 0.505994 -0.545346
vt 0.505994 -0.400346
vt 0.495994 -0.545346
vt 0.495994 -0.400346
vt 0.496994 0.533079
vt 0.496994 0.680079
vt 0.078772 0.680079
vt 0.078772 0.436079
vt 0.495994 0.436079
vt 0.400994 0.508079
vt 0.495994 0.508079
vt 0.400994 0.520079
vt 0.493187 0.523887
vt 0.496005 0.528104
vt 0.488969 0.521069
vt 0.483994 0.520079
vt 0.505994 0.508079
vt 0.505994 0.436079
vt 0.600994 0.508079
vt 0.923217 0.436079
vt 0.600994 0.520079
vt 0.923217 0.680079
vt 0.504994 0.533079
vt 0.505984 0.528104
vt 0.508802 0.523887
vt 0.504994 0.680079
vt 0.517994 0.520079
vt 0.513020 0.521069
vt 0.495994 0.431104
vt 0.078772 0.431104
vt 0.495994 0.426887
vt 0.078772 0.426887
vt 0.495994 1.540847
vt 0.078772 1.540847
vt 0.495994 1.536629
vt 0.078772 1.536629
vt 0.495994 1.531654
vt 0.078772 1.531654
vt 0.923217 0.431104
vt 0.505994 0.431104
vt 0.923217 0.426887
vt 0.505994 0.426887
vt 0.923217 1.540847
vt 0.505994 1.540847
vt 0.923217 1.536629
vt 0.505994 1.536629
vt 0.923217 1.531654
vt 0.505994 1.531654
vt 0.078772 1.399654
vt 0.923217 1.399654
vt 0.078772 -0.400346
vt 0.078772 -0.532346
vt 0.495994 -0.532346
vt 0.923217 -0.532346
vt 0.923217 -0.400346
vt 0.505994 -0.532346
vt 0.495994 -0.537321
vt 0.078772 -0.537321
vt 0.495994 -0.541538
vt 0.078772 -0.541538
vt 0.923217 -0.537321
vt 0.505994 -0.537321
vt 0.923217 -0.541538
vt 0.505994 -0.541538
vt -2.594006 1.399654
vt -2.594006 1.544654
vt -2.499006 1.544654
vt -2.699006 -0.545346
vt -2.699006 1.544654
vt -2.604006 1.399654
vt -2.604006 1.544654
vt -2.499006 -0.545346
vt -2.594006 -0.545346
vt -2.594006 -0.400346
vt -2.604006 -0.545346
vt -2.604006 -0.400346
vt -2.603006 0.533079
vt -2.603006 0.680079
vt -3.339005 0.680079
vt -2.604006 0.436079
vt -2.604006 0.508079
vt -2.699006 0.508079
vt -2.616006 0.520079
vt -2.699006 0.520079
vt -3.339005 0.436079
vt -2.611031 0.521069
vt -2.606813 0.523887
vt -2.603995 0.528104
vt -2.594006 0.508079
vt -2.594006 0.436079
vt -1.640117 0.436079
vt -1.640117 0.680079
vt -2.595006 0.533079
vt -2.593264 0.526579
vt -2.588506 0.521821
vt -2.595006 0.680079
vt -2.582006 0.520079
vt -2.604006 0.431104
vt -3.339005 0.431104
vt -2.604006 0.426887
vt -3.339005 0.426887
vt -2.604006 1.540847
vt -3.339005 1.540847
vt -2.604006 1.536629
vt -3.339005 1.536629
vt -2.604006 1.531654
vt -3.339005 1.531654
vt -1.640117 0.431104
vt -2.594006 0.431104
vt -1.640117 0.426887
vt -2.594006 0.426887
vt -1.640117 1.540847
vt -2.594006 1.540847
vt -1.640117 1.536629
vt -2.594006 1.536629
vt -1.640117 1.531654
vt -2.594006 1.531654
vt -3.339005 1.399654
vt -1.640117 1.399654
vt -3.339005 -0.400346
vt -3.339005 -0.532346
vt -2.604006 -0.532346
vt -1.640117 -0.532346
vt -1.640117 -0.400346
vt -2.594006 -0.532346
vt -2.604006 -0.537321
vt -3.339005 -0.537321
vt -2.604006 -0.541538
vt -3.339005 -0.541538
vt -1.640117 -0.537321
vt -2.594006 -0.537321
vt -1.640117 -0.541538
vt -2.594006 -0.541538
vt 4.350994 1.589654
vt 4.350994 1.399654
vt 4.150994 1.589654
vt -3.349005 1.399654
vt -3.149006 1.589654
vt -3.349005 1.589654
vt -3.249006 1.599654
vt -3.249006 1.679654
vt -3.149006 1.599654
vt -3.149006 1.679654
vt 4.150994 1.599654
vt 4.150994 1.679654
vt 4.250995 1.599654
vt 4.250995 1.679654
vt -1.635117 1.699654
vt -2.489561 1.699654
vt -3.149006 1.689654
vt -3.344006 1.699654
vt -3.349005 1.689654
vt -3.349005 1.699654
vt -0.780672 1.699654
vt 0.073772 1.699654
vt 0.928217 1.699654
vt 1.782661 1.699654
vt 2.637105 1.699654
vt 3.491550 1.699654
vt 4.150994 1.689654
vt 4.350994 1.699654
vt 4.350994 1.689654
vt 1.679654 0.308079
vt 1.689654 0.308079
vt 1.689654 -0.791921
vt 1.589654 -0.791921
vt 1.589654 0.308079
vt 1.599654 0.308079
vt 1.599654 0.408079
vt 1.679654 0.408079
vt 4.350994 -0.690346
vt 4.350994 -0.700346
vt 4.150994 -0.690346
vt 3.491550 -0.700346
vt 4.150994 -0.680346
vt 4.150994 -0.600346
vt 4.250995 -0.600346
vt 4.250995 -0.680346
vt -3.349005 -0.700346
vt -3.349005 -0.690346
vt -3.344006 -0.700346
vt -3.149006 -0.690346
vt -2.489561 -0.700346
vt -3.149006 -0.680346
vt -3.349005 -0.590346
vt -3.349005 -0.400346
vt -3.149006 -0.590346
vt 4.350994 -0.400346
vt 4.150994 -0.590346
vt 4.350994 -0.590346
vt 2.637105 -0.700346
vt 1.782661 -0.700346
vt 0.928217 -0.700346
vt 0.073772 -0.700346
vt -0.780672 -0.700346
vt -1.635117 -0.700346
vt -3.149006 -0.600346
vt -3.249006 -0.600346
vt -3.249006 -0.680346
vt -0.600346 0.308079
vt -0.590346 0.308079
vt -0.590346 -0.791921
vt -0.690346 -0.791921
vt -0.690346 0.308079
vt -0.680346 0.308079
vt -0.680346 0.408079
vt -0.600346 0.408079
vt -0.545346 0.533079
vt -0.105346 0.533079
vt -0.545346 0.528104
vt -0.105346 0.528104
vt -0.545346 0.523887
vt -0.105346 0.523887
vt -2.606813 -0.545346
vt -2.606813 -0.105346
vt -2.611031 -0.545346
vt -2.611031 -0.105346
vt -2.616006 -0.545346
vt -2.616006 -0.105346
vt -2.699006 -0.105346
vt -2.582006 -0.545346
vt -2.582006 -0.105346
vt -2.499006 -0.105346
vt -2.588506 -0.545346
vt -2.588506 -0.105346
vt -2.593264 -0.545346
vt -2.593264 -0.105346
vt -0.545346 0.526579
vt -0.105346 0.526579
vt -0.544995 0.683079
vt -0.105346 0.683079
vt -0.545346 0.680079
vt -2.616006 -0.400346
vt -2.699006 -0.400346
vt -2.606813 -0.536856
vt -2.607699 -0.532346
vt -2.607699 -0.400346
vt -2.611031 -0.400346
vt -0.536856 0.692271
vt -0.105346 0.692271
vt -0.105346 0.688054
vt -0.541538 0.689271
vt -0.544356 0.685054
vt -0.542612 0.688054
vt -0.537321 0.692089
vt -2.590312 -0.532346
vt -2.591376 -0.537321
vt -2.590312 -0.400346
vt -2.591198 -0.105346
vt -2.586980 -0.400346
vt -2.586980 -0.105346
vt -2.582006 -0.400346
vt -2.499006 -0.400346
vt 0.504654 0.533079
vt 1.094654 0.533079
vt 0.504654 0.528104
vt 1.094654 0.528104
vt 0.504654 0.523887
vt 1.094654 0.523887
vt -2.606813 0.504654
vt -2.606813 1.094654
vt -2.611031 0.504654
vt -2.611031 1.094654
vt -2.616006 0.504654
vt -2.616006 1.094654
vt -2.699006 0.504654
vt -2.699006 1.094654
vt -2.582006 0.504654
vt -2.499006 0.504654
vt -2.582006 1.094654
vt -2.499006 1.094654
vt -2.588506 0.504654
vt -2.588506 1.094654
vt -2.593264 0.504654
vt -2.593264 1.094654
vt 0.504654 0.526579
vt 1.094654 0.526579
vt 0.504654 0.683079
vt 1.094654 0.683079
vt 0.504654 0.692271
vt 1.094654 0.692271
vt 0.504654 0.688054
vt 1.094654 0.688054
vt -2.591198 0.504654
vt -2.591198 1.094654
vt -2.586980 0.504654
vt -2.586980 1.094654
vt -0.095346 0.533079
vt 0.494654 0.533079
vt -0.095346 0.528104
vt 0.494654 0.528104
vt -0.095346 0.523887
vt 0.494654 0.523887
vt -2.606813 -0.095346
vt -2.606813 0.494654
vt -2.611031 -0.095346
vt -2.611031 0.494654
vt -2.616006 -0.095346
vt -2.616006 0.494654
vt -2.699006 -0.095346
vt -2.699006 0.494654
vt -2.499006 -0.095346
vt -2.499006 0.494654
vt -2.582006 -0.095346
vt -2.582006 0.494654
vt -2.588506 -0.095346
vt -2.588506 0.494654
vt -2.593264 -0.095346
vt -2.593264 0.494654
vt -0.095346 0.526579
vt 0.494654 0.526579
vt -0.095346 0.683079
vt 0.494654 0.683079
vt -0.095346 0.692271
vt 0.494654 0.692271
vt -0.095346 0.688054
vt 0.494654 0.688054
vt -2.591198 -0.095346
vt -2.591198 0.494654
vt -2.586980 -0.095346
vt -2.586980 0.494654
vt 3.593187 -0.545346
vt 3.593187 -0.105346
vt 3.588969 -0.545346
vt 3.588969 -0.105346
vt 3.583994 -0.545346
vt 3.583994 -0.105346
vt 3.500994 -0.105346
vt 3.617995 -0.545346
vt 3.617995 -0.105346
vt 3.700994 -0.105346
vt 3.611495 -0.545346
vt 3.611495 -0.105346
vt 3.606736 -0.545346
vt 3.606736 -0.105346
vt 3.583994 -0.400346
vt 3.500994 -0.400346
vt 3.593187 -0.536856
vt 3.592301 -0.532346
vt 3.592301 -0.400346
vt 3.588969 -0.400346
vt 3.609688 -0.532346
vt 3.608624 -0.537321
vt 3.609688 -0.400346
vt 3.608802 -0.105346
vt 3.613019 -0.400346
vt 3.613019 -0.105346
vt 3.617995 -0.400346
vt 3.700994 -0.400346
vt 3.593187 0.504654
vt 3.593187 1.094654
vt 3.588969 0.504654
vt 3.588969 1.094654
vt 3.583994 0.504654
vt 3.583994 1.094654
vt 3.500994 0.504654
vt 3.500994 1.094654
vt 3.617995 0.504654
vt 3.700994 0.504654
vt 3.617995 1.094654
vt 3.700994 1.094654
vt 3.611495 0.504654
vt 3.611495 1.094654
vt 3.606736 0.504654
vt 3.606736 1.094654
vt 3.608802 0.504654
vt 3.608802 1.094654
vt 3.613019 0.504654
vt 3.613019 1.094654
vt 3.593187 -0.095346
vt 3.593187 0.494654
vt 3.588969 -0.095346
vt 3.588969 0.494654
vt 3.583994 -0.095346
vt 3.583994 0.494654
vt 3.500994 -0.095346
vt 3.500994 0.494654
vt 3.700994 -0.095346
vt 3.700994 0.494654
vt 3.617995 -0.095346
vt 3.617995 0.494654
vt 3.611495 -0.095346
vt 3.611495 0.494654
vt 3.606736 -0.095346
vt 3.606736 0.494654
vt 3.608802 -0.095346
vt 3.608802 0.494654
vt 3.613019 -0.095346
vt 3.613019 0.494654
vt 0.483994 -0.400346
vt 0.400994 -0.400346
vt 0.483994 -0.105346
vt 0.400994 -0.105346
vt 0.493365 -0.537321
vt 0.492301 -0.532346
vt 0.492301 -0.400346
vt 0.488969 -0.400346
vt 0.488969 -0.105346
vt 0.493187 -0.105346
vt 0.493187 -0.545346
vt 0.488969 -0.545346
vt 0.483994 -0.545346
vt 0.517994 -0.545346
vt 0.517994 -0.105346
vt 0.600994 -0.105346
vt 0.513020 -0.545346
vt 0.513020 -0.105346
vt 0.508802 -0.545346
vt 0.508802 -0.105346
vt 0.509688 -0.532346
vt 0.508802 -0.536856
vt 0.509688 -0.400346
vt 0.513020 -0.400346
vt 0.517994 -0.400346
vt 0.600994 -0.400346
vt 0.483994 0.504654
vt 0.400994 0.504654
vt 0.483994 1.094654
vt 0.400994 1.094654
vt 0.488969 0.504654
vt 0.488969 1.094654
vt 0.493187 0.504654
vt 0.493187 1.094654
vt 0.517994 0.504654
vt 0.600994 0.504654
vt 0.517994 1.094654
vt 0.600994 1.094654
vt 0.513020 0.504654
vt 0.513020 1.094654
vt 0.508802 0.504654
vt 0.508802 1.094654
vt 0.400994 -0.095346
vt 0.400994 0.494654
vt 0.483994 -0.095346
vt 0.483994 0.494654
vt 0.488969 -0.095346
vt 0.488969 0.494654
vt 0.493187 -0.095346
vt 0.493187 0.494654
vt 0.600994 -0.095346
vt 0.600994 0.494654
vt 0.517994 -0.095346
vt 0.517994 0.494654
vt 0.513020 -0.095346
vt 0.513020 0.494654
vt 0.508802 -0.095346
vt 0.508802 0.494654
vt 4.340994 -0.700346
vt 3.496550 -0.700346
vt 4.340994 -0.568346
vt 3.496550 -0.568346
vt 4.340994 -0.563371
vt 3.496550 -0.563371
vt 4.340994 -0.559153
vt 3.496550 -0.559153
vt 4.340994 0.689271
vt 3.496550 0.689271
vt 4.340994 0.685054
vt 3.496550 0.685054
vt 3.496550 0.680079
vt 3.496550 0.436079
vt 3.496550 0.431104
vt 3.496550 0.426887
vt 4.340994 1.699654
vt 3.496550 1.699654
vt 4.340994 1.567654
vt 3.496550 1.567654
vt 4.340994 1.562679
vt 3.496550 1.562679
vt 4.340994 1.558462
vt 3.496550 1.558462
vt 3.486550 -0.700346
vt 2.642106 -0.700346
vt 3.486550 -0.568346
vt 2.642106 -0.568346
vt 3.486550 -0.563371
vt 2.642106 -0.563371
vt 3.486550 -0.559153
vt 2.642106 -0.559153
vt 3.486550 0.689271
vt 2.642106 0.689271
vt 3.486550 0.685054
vt 2.642106 0.685054
vt 3.486550 0.680079
vt 3.486550 0.436079
vt 3.486550 0.431104
vt 3.486550 0.426887
vt 3.596994 0.683079
vt 3.596843 0.685054
vt 3.595425 0.689271
vt 3.595425 -0.541538
vt 3.486550 1.699654
vt 2.642106 1.699654
vt 3.486550 1.567654
vt 2.642106 1.567654
vt 3.486550 1.562679
vt 2.642106 1.562679
vt 3.486550 1.558462
vt 2.642106 1.558462
vt 3.592301 1.531654
vt 3.592301 1.399654
vt 3.593365 1.536629
vt 3.596005 1.541921
vt 3.596005 0.688054
vt 2.632106 0.436079
vt 1.787661 0.436079
vt 2.632106 0.680079
vt 1.787661 0.680079
vt 2.632106 -0.700346
vt 1.787661 -0.700346
vt 2.632106 -0.568346
vt 1.787661 -0.568346
vt 2.632106 -0.563371
vt 1.787661 -0.563371
vt 2.632106 -0.559153
vt 1.787661 -0.559153
vt 2.632106 0.689271
vt 1.787661 0.689271
vt 2.632106 0.685054
vt 1.787661 0.685054
vt 2.632106 0.431104
vt 1.787661 0.431104
vt 2.632106 0.426887
vt 1.787661 0.426887
vt 2.632106 -0.400346
vt 1.787661 -0.400346
vt 2.632106 -0.532346
vt 1.787661 -0.532346
vt 2.632106 -0.537321
vt 1.787661 -0.537321
vt 2.632106 -0.541538
vt 1.787661 -0.541538
vt 2.632106 1.540847
vt 1.787661 1.540847
vt 2.632106 1.536629
vt 1.787661 1.536629
vt 2.632106 1.531654
vt 1.787661 1.531654
vt 2.632106 1.399654
vt 1.787661 1.399654
vt 2.632106 1.699654
vt 1.787661 1.699654
vt 2.632106 1.567654
vt 1.787661 1.567654
vt 2.632106 1.562679
vt 1.787661 1.562679
vt 2.632106 1.558462
vt 1.787661 1.558462
vt 1.777661 0.436079
vt 0.933217 0.436079
vt 1.777661 0.680079
vt 0.933217 0.680079
vt 1.777661 -0.700346
vt 0.933217 -0.700346
vt 1.777661 -0.568346
vt 0.933217 -0.568346
vt 1.777661 -0.563371
vt 0.933217 -0.563371
vt 1.777661 -0.559153
vt 0.933217 -0.559153
vt 1.777661 0.689271
vt 0.933217 0.689271
vt 1.777661 0.685054
vt 0.933217 0.685054
vt 1.777661 0.431104
vt 0.933217 0.431104
vt 1.777661 0.426887
vt 0.933217 0.426887
vt 1.777661 -0.400346
vt 0.933217 -0.400346
vt 1.777661 -0.532346
vt 0.933217 -0.532346
vt 1.777661 -0.537321
vt 0.933217 -0.537321
vt 1.777661 -0.541538
vt 0.933217 -0.541538
vt 1.777661 1.540847
vt 0.933217 1.540847
vt 1.777661 1.536629
vt 0.933217 1.536629
vt 1.777661 1.531654
vt 0.933217 1.531654
vt 1.777661 1.399654
vt 0.933217 1.399654
vt 1.777661 1.699654
vt 0.933217 1.699654
vt 1.777661 1.567654
vt 0.933217 1.567654
vt 1.777661 1.562679
vt 0.933217 1.562679
vt 1.777661 1.558462
vt 0.933217 1.558462
vt 0.923217 -0.700346
vt 0.078772 -0.700346
vt 0.923217 -0.568346
vt 0.078772 -0.568346
vt 0.923217 -0.563371
vt 0.078772 -0.563371
vt 0.923217 -0.559153
vt 0.078772 -0.559153
vt 0.923217 0.689271
vt 0.078772 0.689271
vt 0.923217 0.685054
vt 0.078772 0.685054
vt 0.496994 0.683079
vt 0.496844 0.685054
vt 0.496005 0.688054
vt 0.496005 -0.542612
vt 0.923217 1.699654
vt 0.078772 1.699654
vt 0.923217 1.567654
vt 0.078772 1.567654
vt 0.923217 1.562679
vt 0.078772 1.562679
vt 0.923217 1.558462
vt 0.078772 1.558462
vt 0.492301 1.531654
vt 0.492301 1.399654
vt 0.493187 1.536165
vt 0.495425 1.540847
vt 0.495425 0.689271
vt 0.068772 0.436079
vt -0.775672 0.436079
vt 0.068772 0.680079
vt -0.775672 0.680079
vt 0.068772 -0.700346
vt -0.775672 -0.700346
vt 0.068772 -0.568346
vt -0.775672 -0.568346
vt 0.068772 -0.563371
vt -0.775672 -0.563371
vt 0.068772 -0.559153
vt -0.775672 -0.559153
vt 0.068772 0.689271
vt -0.775672 0.689271
vt 0.068772 0.685054
vt -0.775672 0.685054
vt 0.068772 0.431104
vt -0.775672 0.431104
vt 0.068772 0.426887
vt -0.775672 0.426887
vt 0.068772 -0.400346
vt -0.775672 -0.400346
vt 0.068772 -0.532346
vt -0.775672 -0.532346
vt 0.068772 -0.537321
vt -0.775672 -0.537321
vt 0.068772 -0.541538
vt -0.775672 -0.541538
vt 0.068772 1.540847
vt -0.775672 1.540847
vt 0.068772 1.536629
vt -0.775672 1.536629
vt 0.068772 1.531654
vt -0.775672 1.531654
vt 0.068772 1.399654
vt -0.775672 1.399654
vt 0.068772 1.699654
vt -0.775672 1.699654
vt 0.068772 1.567654
vt -0.775672 1.567654
vt 0.068772 1.562679
vt -0.775672 1.562679
vt 0.068772 1.558462
vt -0.775672 1.558462
vt -0.785672 0.436079
vt -1.630117 0.436079
vt -0.785672 0.680079
vt -1.630117 0.680079
vt -0.785672 -0.700346
vt -1.630117 -0.700346
vt -0.785672 -0.568346
vt -1.630117 -0.568346
vt -0.785672 -0.563371
vt -1.630117 -0.563371
vt -0.785672 -0.559153
vt -1.630117 -0.559153
vt -0.785672 0.689271
vt -1.630117 0.689271
vt -0.785672 0.685054
vt -1.630117 0.685054
vt -0.785672 0.431104
vt -1.630117 0.431104
vt -0.785672 0.426887
vt -1.630117 0.426887
vt -0.785672 -0.400346
vt -1.630117 -0.400346
vt -0.785672 -0.532346
vt -1.630117 -0.532346
vt -0.785672 -0.537321
vt -1.630117 -0.537321
vt -0.785672 -0.541538
vt -1.630117 -0.541538
vt -0.785672 1.540847
vt -1.630117 1.540847
vt -0.785672 1.536629
vt -1.630117 1.536629
vt -0.785672 1.531654
vt -1.630117 1.531654
vt -0.785672 1.399654
vt -1.630117 1.399654
vt -0.785672 1.699654
vt -1.630117 1.699654
vt -0.785672 1.567654
vt -1.630117 1.567654
vt -0.785672 1.562679
vt -1.630117 1.562679
vt -0.785672 1.558462
vt -1.630117 1.558462
vt -1.640117 -0.700346
vt -2.484561 -0.700346
vt -1.640117 -0.568346
vt -2.484561 -0.568346
vt -1.640117 -0.563371
vt -2.484561 -0.563371
vt -1.640117 -0.559153
vt -2.484561 -0.559153
vt -1.640117 0.689271
vt -2.484561 0.689271
vt -1.640117 0.685054
vt -2.484561 0.685054
vt -2.484561 0.680079
vt -2.484561 0.436079
vt -2.484561 0.431104
vt -2.484561 0.426887
vt -1.640117 1.699654
vt -2.484561 1.699654
vt -1.640117 1.567654
vt -2.484561 1.567654
vt -1.640117 1.562679
vt -2.484561 1.562679
vt -1.640117 1.558462
vt -2.484561 1.558462
vt -2.603006 0.683079
vt -3.339005 0.685054
vt -2.603156 0.685054
vt -3.339005 0.689271
vt -2.604575 0.689271
vt -2.604575 -0.541538
vt -2.494561 -0.700346
vt -3.339005 -0.700346
vt -2.494561 -0.568346
vt -3.339005 -0.568346
vt -2.494561 -0.563371
vt -3.339005 -0.563371
vt -2.494561 -0.559153
vt -3.339005 -0.559153
vt -2.494561 0.689271
vt -2.494561 0.685054
vt -2.494561 0.680079
vt -2.494561 0.436079
vt -2.494561 0.431104
vt -2.494561 0.426887
vt -2.607699 1.531654
vt -2.607699 1.399654
vt -2.606635 1.536629
vt -2.603995 1.541921
vt -2.603995 0.688054
vt -2.494561 1.699654
vt -3.339005 1.699654
vt -2.494561 1.567654
vt -3.339005 1.567654
vt -2.494561 1.562679
vt -3.339005 1.562679
vt -2.494561 1.558462
vt -3.339005 1.558462
vt 0.506564 -0.541538
vt 0.506564 0.689271
vt 0.505145 0.685054
vt 0.504994 0.683079
vt 3.605984 -0.542612
vt 3.605984 0.688054
vt 3.605145 0.685054
vt 3.604995 0.683079
vt 0.509688 1.399654
vt 0.509688 1.531654
vt 3.609688 1.399654
vt 3.609688 1.531654
vt 0.505984 0.688054
vt 0.505984 1.541921
vt 0.508624 1.536629
vt 3.606564 0.689271
vt 3.606564 1.540847
vt 3.608802 1.536165
vt -2.594016 -0.542612
vt -2.594016 0.688054
vt -2.594855 0.685054
vt -2.595006 0.683079
vt -2.590312 1.399654
vt -2.590312 1.531654
vt -2.593436 0.689271
vt -2.593436 1.540847
vt -2.591198 1.536165
vt 0.400994 1.104654
vt 0.400994 1.399654
vt 0.483994 1.104654
vt 0.483994 1.399654
vt 1.543665 0.685054
vt 1.544303 0.683079
vt 1.104654 0.683079
vt 1.540847 0.689271
vt 1.104654 0.688054
vt 1.104654 0.692271
vt 1.536165 0.692271
vt 0.488969 1.104654
vt 0.488969 1.399654
vt 0.493187 1.104654
vt 1.544654 0.533079
vt 1.104654 0.533079
vt 1.544654 0.680079
vt 1.104654 0.528104
vt 1.544654 0.528104
vt 1.104654 0.523887
vt 1.544654 0.523887
vt 0.493187 1.544654
vt 0.488969 1.544654
vt 0.483994 1.544654
vt -0.545346 0.508079
vt -0.545346 0.520079
vt -0.105346 0.520079
vt 1.094654 0.520079
vt 1.544654 0.508079
vt 0.504654 0.520079
vt 0.494654 0.520079
vt 0.494654 0.696079
vt 0.504654 0.696079
vt -0.400346 0.696079
vt -0.400346 0.708079
vt -0.105346 0.696079
vt -0.095346 0.696079
vt -0.095346 0.520079
vt 1.399654 0.708079
vt 1.399654 0.696079
vt 1.104654 0.696079
vt 1.544654 0.520079
vt 1.104654 0.520079
vt 1.094654 0.696079
vt 0.600994 1.104654
vt 0.517994 1.104654
vt 0.517994 1.544654
vt 0.513020 1.104654
vt 0.513020 1.544654
vt 0.508802 1.104654
vt 0.508802 1.544654
vt 0.517994 1.399654
vt 0.513020 1.399654
vt 1.536629 0.692089
vt 1.541921 0.688054
vt 0.600994 1.399654
vt -2.699006 1.399654
vt -2.499006 1.399654
vt 3.500994 1.399654
vt 3.700994 1.399654
vt -3.349005 0.415579
vt -3.349005 0.408079
vt -3.344006 0.408079
vt -3.344006 0.415579
vt -3.349005 0.708079
vt -3.344006 0.708079
vt -2.494561 0.693079
vt -2.489561 0.708079
vt -3.339005 0.693079
vt -3.339005 0.423079
vt -2.494561 0.423079
vt -2.489561 0.415579
vt -1.640117 0.693079
vt -1.635117 0.708079
vt -2.484561 0.693079
vt -2.484561 0.423079
vt -1.640117 0.423079
vt -1.635117 0.415579
vt -0.785672 0.693079
vt -0.780672 0.708079
vt -1.630117 0.693079
vt -1.630117 0.423079
vt -0.785672 0.423079
vt -0.780672 0.415579
vt 0.068772 0.693079
vt 0.073772 0.708079
vt -0.775672 0.693079
vt -0.775672 0.423079
vt 0.068772 0.423079
vt 0.073772 0.415579
vt 0.923217 0.693079
vt 0.928217 0.708079
vt 0.078772 0.693079
vt 0.078772 0.423079
vt 0.923217 0.423079
vt 0.928217 0.415579
vt 1.777661 0.693079
vt 1.782661 0.708079
vt 0.933217 0.693079
vt 0.933217 0.423079
vt 1.777661 0.423079
vt 1.782661 0.415579
vt 2.632106 0.693079
vt 2.637105 0.708079
vt 1.787661 0.693079
vt 1.787661 0.423079
vt 2.632106 0.423079
vt 2.637105 0.415579
vt 3.486550 0.693079
vt 3.491550 0.708079
vt 2.642106 0.693079
vt 2.642106 0.423079
vt 3.486550 0.423079
vt 3.491550 0.415579
vt 4.340994 0.693079
vt 4.350994 0.708079
vt 3.496550 0.693079
vt 3.496550 0.423079
vt 4.340994 0.423079
vt 4.350994 0.415579
vt -2.489561 0.408079
vt -1.635117 0.408079
vt -0.780672 0.408079
vt 0.073772 0.408079
vt 0.928217 0.408079
vt 1.782661 0.408079
vt 2.637105 0.408079
vt 3.491550 0.408079
vt 4.350994 0.408079
vt -2.699006 0.696079
vt -2.607699 0.693079
vt -2.616006 0.696079
vt -2.611031 0.695089
vt -2.699006 0.708079
vt -2.604006 0.423079
vt 0.400994 0.708079
vt 0.600994 0.708079
vt -2.499006 0.708079
vt -2.499006 0.696079
vt -2.590312 0.693079
vt -2.582006 0.696079
vt -2.586980 0.695089
vt 0.495994 0.423079
vt 0.505994 0.423079
vt 0.513020 0.695089
vt 0.517994 0.696079
vt 0.509688 0.693079
vt 0.600994 0.696079
vt -2.594006 0.423079
vt 0.400994 0.696079
vt 0.492301 0.693079
vt 0.483994 0.696079
vt 0.488969 0.695089
vt 3.500994 0.708079
vt 3.500994 0.696079
vt 3.595994 0.423079
vt 3.592301 0.693079
vt 3.583994 0.696079
vt 3.588969 0.695089
vt 3.700994 0.696079
vt 3.700994 0.708079
vt 3.605994 0.423079
vt 3.609688 0.693079
vt 3.617995 0.696079
vt 3.613019 0.695089
vt -0.590346 0.408079
vt -0.400346 0.408079
vt -0.690346 0.408079
vt -0.700346 0.708079
vt -0.700346 0.415579
vt -0.700346 0.408079
vt -3.349005 0.700579
vt -3.344006 0.700579
vt -2.489561 0.700579
vt -1.635117 0.700579
vt -0.780672 0.700579
vt 0.073772 0.700579
vt 0.928217 0.700579
vt 1.782661 0.700579
vt 2.637105 0.700579
vt 3.491550 0.700579
vt 4.350994 0.700579
vt 1.699654 0.708079
vt 1.699654 0.700579
vt 1.399654 0.408079
vt 1.589654 0.408079
vt 1.699654 0.408079
vt 1.689654 0.408079
vt -2.606813 1.104654
vt -2.606813 1.544654
vt -2.611031 1.104654
vt -2.611031 1.544654
vt -2.616006 1.104654
vt -2.616006 1.544654
vt -2.699006 1.104654
vt -2.499006 1.104654
vt -2.582006 1.104654
vt -2.582006 1.544654
vt -2.588506 1.104654
vt -2.588506 1.544654
vt -2.593264 1.104654
vt -2.593264 1.544654
vt 1.104654 0.526579
vt 1.544654 0.526579
vt -2.616006 1.399654
vt -2.611031 1.399654
vt -2.582006 1.399654
vt -2.586980 1.399654
vt -2.586980 1.104654
vt -2.591198 1.104654
vt 3.593187 1.104654
vt 3.593187 1.544654
vt 3.588969 1.104654
vt 3.588969 1.544654
vt 3.583994 1.104654
vt 3.583994 1.544654
vt 3.500994 1.104654
vt 3.700994 1.104654
vt 3.617995 1.104654
vt 3.617995 1.544654
vt 3.611495 1.104654
vt 3.611495 1.544654
vt 3.606736 1.104654
vt 3.606736 1.544654
vt 3.583994 1.399654
vt 3.588969 1.399654
vt 3.617995 1.399654
vt 3.613019 1.399654
vt 3.613019 1.104654
vt 3.608802 1.104654
vt -3.339005 -0.680346
vt -3.339005 -0.600346
vt -3.259006 -0.600346
vt -3.249006 -0.590346
vt -3.259006 -0.680346
vt -3.249006 -0.690346
vt -3.249006 -0.791921
vt -3.349005 -0.791921
vt -3.249006 0.308079
vt -3.149006 0.408079
vt -0.600346 -0.791921
vt -0.680346 -0.791921
vt -3.259006 -0.791921
vt -3.339005 -0.791921
vt -3.259006 0.408079
vt -3.339005 0.408079
vt -3.339005 1.599654
vt -3.339005 1.679654
vt -3.259006 1.679654
vt -3.249006 1.689654
vt -3.259006 1.599654
vt -3.249006 1.589654
vt 1.679654 -0.791921
vt 1.599654 -0.791921
vt 4.260994 -0.680346
vt 4.250995 -0.690346
vt 4.260994 -0.600346
vt 4.250995 -0.590346
vt 4.340994 -0.600346
vt 4.340994 -0.680346
vt 4.350994 -0.791921
vt 4.250995 -0.791921
vt 4.250995 0.308079
vt 4.150994 0.408079
vt 4.340994 -0.791921
vt 4.260994 -0.791921
vt 4.340994 0.408079
vt 4.260994 0.408079
vt 4.260994 1.599654
vt 4.250995 1.589654
vt 4.260994 1.679654
vt 4.250995 1.689654
vt 4.340994 1.679654
vt 4.340994 1.599654
vt 1.567654 0.693079
vt 1.554654 0.680079
vt 1.699654 0.693079
vt 1.567654 0.423079
vt 1.699654 0.423079
vt 1.562679 0.692089
vt 1.558462 0.689271
vt 1.555644 0.685054
vt 1.558462 0.426887
vt 1.562679 0.424069
vt 1.555644 0.431104
vt 1.554654 0.436079
vt 1.544654 0.436079
vt 1.399654 0.423079
vt 1.531654 0.423079
vt 1.399654 0.693079
vt 1.531654 0.693079
vt 1.536629 0.424069
vt 1.540847 0.426887
vt 1.543665 0.431104
vt -0.532346 0.693079
vt -0.400346 0.693079
vt -0.532346 0.423079
vt -0.400346 0.423079
vt -0.541538 0.426887
vt -0.537321 0.424069
vt -0.544356 0.431104
vt -0.545346 0.436079
vt -0.555346 0.436079
vt -0.700346 0.423079
vt -0.568346 0.423079
vt -0.555346 0.680079
vt -0.556335 0.685054
vt -0.559153 0.689271
vt -0.700346 0.693079
vt -0.568346 0.693079
vt -0.563371 0.692089
vt -0.563371 0.424069
vt -0.559153 0.426887
vt -0.556335 0.431104
vt 0.508802 0.692271
vt 0.493187 0.692271
vt 3.608802 0.692271
vt 3.593187 0.692271
vt -2.591198 0.692271
vt -2.606813 0.692271
vt -3.249006 0.408079
vt 4.250995 0.408079
vt -0.400346 0.508079
vt 1.399654 0.508079
vt -1.949506 -0.572846
vt -1.949506 -0.527846
vt -2.048506 -0.572846
vt -2.048506 -0.527846
vt -2.168506 -0.527846
vt -2.168506 -0.572846
vt -2.069505 -0.527846
vt -2.069505 -0.572846
vt -2.288506 -0.527846
vt -2.288506 -0.572846
vt -2.189506 -0.527846
vt -2.189506 -0.572846
vt -2.408506 -0.527846
vt -2.408506 -0.572846
vt -2.309505 -0.527846
vt -2.309505 -0.572846
vt -2.528506 -0.527846
vt -2.528506 -0.572846
vt -2.429506 -0.527846
vt -2.429506 -0.572846
vt -2.648506 -0.527846
vt -2.648506 -0.572846
vt -2.549505 -0.527846
vt -2.549505 -0.572846
vt -2.768506 -0.527846
vt -2.768506 -0.572846
vt -2.669506 -0.527846
vt -2.669506 -0.572846
vt -2.888505 -0.527846
vt -2.888505 -0.572846
vt -2.789505 -0.527846
vt -2.789505 -0.572846
vt -3.008506 -0.527846
vt -3.008506 -0.572846
vt -2.909506 -0.527846
vt -2.909506 -0.572846
vt -3.128506 -0.527846
vt -3.128506 -0.572846
vt -3.029505 -0.527846
vt -3.029505 -0.572846
vt -1.889006 -0.572846
vt -1.889006 -0.527846
vt -1.928506 -0.572846
vt -1.928506 -0.527846
vt -3.189006 -0.527846
vt -3.189006 -0.572846
vt -3.149506 -0.527846
vt -3.149506 -0.572846
vt -1.889006 -0.535346
vt -1.910256 -0.527846
vt -1.910256 -0.535346
vt -1.999006 -0.527846
vt -1.999006 -0.535346
vt -2.119005 -0.527846
vt -2.119005 -0.535346
vt -2.239006 -0.527846
vt -2.239006 -0.535346
vt -2.479006 -0.527846
vt -2.479006 -0.535346
vt -2.599005 -0.527846
vt -2.599005 -0.535346
vt -2.719006 -0.527846
vt -2.719006 -0.535346
vt -2.839005 -0.527846
vt -2.839005 -0.535346
vt -2.959006 -0.527846
vt -2.959006 -0.535346
vt -3.079006 -0.527846
vt -3.079006 -0.535346
vt -3.189006 -0.535346
vt -3.132510 -0.554096
vt -3.131505 -0.550346
vt -3.132510 -0.546596
vt -3.145501 -0.554096
vt -3.146506 -0.550346
vt -3.145501 -0.546596
vt -3.135256 -0.543851
vt -3.139006 -0.542846
vt -3.142756 -0.543851
vt -3.142756 -0.556841
vt -3.139006 -0.557846
vt -3.079006 -0.572846
vt -3.135256 -0.556841
vt -3.025501 -0.546596
vt -3.026506 -0.550346
vt -3.012510 -0.554096
vt -3.011506 -0.550346
vt -3.012510 -0.546596
vt -3.025501 -0.554096
vt -3.015256 -0.543851
vt -3.019006 -0.542846
vt -3.022756 -0.543851
vt -3.022756 -0.556841
vt -3.019006 -0.557846
vt -2.959006 -0.572846
vt -3.015256 -0.556841
vt -2.905501 -0.546596
vt -2.906506 -0.550346
vt -2.892510 -0.554096
vt -2.891506 -0.550346
vt -2.892510 -0.546596
vt -2.905501 -0.554096
vt -2.895256 -0.543851
vt -2.899006 -0.542846
vt -2.902755 -0.543851
vt -2.902755 -0.556841
vt -2.899006 -0.557846
vt -2.839005 -0.572846
vt -2.895256 -0.556841
vt -2.772510 -0.554096
vt -2.771506 -0.550346
vt -2.772510 -0.546596
vt -2.785501 -0.546596
vt -2.786505 -0.550346
vt -2.785501 -0.554096
vt -2.775256 -0.543851
vt -2.779006 -0.542846
vt -2.782756 -0.543851
vt -2.782756 -0.556841
vt -2.779006 -0.557846
vt -2.719006 -0.572846
vt -2.775256 -0.556841
vt -2.652510 -0.554096
vt -2.651505 -0.550346
vt -2.652510 -0.546596
vt -2.665501 -0.546596
vt -2.666506 -0.550346
vt -2.665501 -0.554096
vt -2.655256 -0.543851
vt -2.659006 -0.542846
vt -2.662755 -0.543851
vt -2.662755 -0.556841
vt -2.659006 -0.557846
vt -2.599005 -0.572846
vt -2.655256 -0.556841
vt -2.532510 -0.554096
vt -2.531506 -0.550346
vt -2.532510 -0.546596
vt -2.545501 -0.546596
vt -2.546506 -0.550346
vt -2.545501 -0.554096
vt -2.535256 -0.543851
vt -2.539006 -0.542846
vt -2.542756 -0.543851
vt -2.542756 -0.556841
vt -2.539006 -0.557846
vt -2.479006 -0.572846
vt -2.535256 -0.556841
vt -2.425501 -0.546596
vt -2.426506 -0.550346
vt -2.292510 -0.554096
vt -2.291506 -0.550346
vt -2.292510 -0.546596
vt -2.425501 -0.554096
vt -2.412510 -0.546596
vt -2.415256 -0.543851
vt -2.419006 -0.542846
vt -2.422755 -0.543851
vt -2.295256 -0.543851
vt -2.299006 -0.542846
vt -2.422755 -0.556841
vt -2.419006 -0.557846
vt -2.239006 -0.572846
vt -2.415256 -0.556841
vt -2.412510 -0.554096
vt -2.302756 -0.543851
vt -2.305501 -0.546596
vt -2.411505 -0.550346
vt -2.306505 -0.550346
vt -2.305501 -0.554096
vt -2.302756 -0.556841
vt -2.299006 -0.557846
vt -2.295256 -0.556841
vt -2.185501 -0.546596
vt -2.186506 -0.550346
vt -2.185501 -0.554096
vt -2.172510 -0.546596
vt -2.175256 -0.543851
vt -2.179006 -0.542846
vt -2.182755 -0.543851
vt -2.182755 -0.556841
vt -2.179006 -0.557846
vt -2.119005 -0.572846
vt -2.175256 -0.556841
vt -2.172510 -0.554096
vt -2.171505 -0.550346
vt -2.062756 -0.556841
vt -2.059005 -0.557846
vt -1.999006 -0.572846
vt -2.062756 -0.543851
vt -2.059005 -0.542846
vt -2.055256 -0.543851
vt -2.052510 -0.546596
vt -2.065501 -0.546596
vt -2.066505 -0.550346
vt -2.065501 -0.554096
vt -2.055256 -0.556841
vt -2.052510 -0.554096
vt -2.051506 -0.550346
vt -1.932510 -0.554096
vt -1.931505 -0.550346
vt -1.932510 -0.546596
vt -1.935256 -0.556841
vt -1.910256 -0.572846
vt -1.939006 -0.557846
vt -1.942755 -0.556841
vt -1.942755 -0.543851
vt -1.939006 -0.542846
vt -1.935256 -0.543851
vt -1.945501 -0.546596
vt -1.946506 -0.550346
vt -1.945501 -0.554096
vt 3.596994 0.692079
vt 3.596994 0.693079
vt 3.406065 0.693079
vt 3.094023 0.692079
vt 1.012368 -0.205683
vt 0.720374 -0.400346
vt 0.715132 -0.400346
vt 3.096763 1.187593
vt 3.415132 1.399654
vt 3.420374 1.399654
vt 3.407050 0.695140
vt 3.094361 0.695140
vt 3.410176 0.697736
vt 2.572838 0.695140
vt 2.572500 0.692079
vt 2.051315 0.695140
vt 2.050977 0.692079
vt 1.529792 0.695140
vt 1.529454 0.692079
vt 1.008268 0.695140
vt 1.007931 0.692079
vt 0.504994 0.693079
vt 0.504994 0.692079
vt 0.706065 0.693079
vt 0.707050 0.695140
vt 1.009230 0.697736
vt 1.530754 0.697736
vt 2.052277 0.697736
vt 2.573800 0.697736
vt 3.095323 0.697736
vt 3.095323 1.189752
vt 3.410176 1.399654
vt 2.575240 0.839911
vt 2.573800 0.842070
vt 2.053716 0.492228
vt 2.052277 0.494388
vt 1.532193 0.144546
vt 1.530754 0.146706
vt 1.010670 -0.203136
vt 1.009230 -0.200976
vt 0.710176 -0.400346
vt 0.710176 0.697736
vt 3.098461 1.185045
vt 2.576938 0.837363
vt 2.055415 0.489681
vt 1.533891 0.141999
vt 3.491133 1.399654
vt 0.791133 -0.400346
vt 0.791133 0.708079
vt 0.791133 0.700079
vt 3.491133 0.708079
vt 3.491133 0.700079
vt 0.610856 -0.400346
vt 3.310856 1.399654
vt 0.610856 0.700079
vt 0.610856 0.708079
vt 3.310856 0.700079
vt 3.310856 0.708079
vt 1.003528 -0.185737
vt 0.681615 -0.400346
vt 3.381615 1.399654
vt 3.089621 1.204992
vt 2.568097 0.857309
vt 2.046574 0.509627
vt 1.525051 0.161945
vt 3.395924 0.693079
vt 3.094058 0.692079
vt 3.394939 0.695140
vt 3.092758 0.697736
vt 3.391813 0.697736
vt 3.386857 1.399654
vt 1.007628 0.695140
vt 0.694939 0.695140
vt 0.691813 0.697736
vt 0.695924 0.693079
vt 1.007965 0.692079
vt 1.005226 -0.188284
vt 1.526749 0.159398
vt 2.048273 0.507080
vt 2.569796 0.854762
vt 3.091319 1.202444
vt 3.391813 1.399654
vt 3.092758 1.200285
vt 2.571235 0.852603
vt 2.049712 0.504920
vt 1.528189 0.157238
vt 1.006666 -0.190444
vt 0.686857 -0.400346
vt 3.093720 0.695140
vt 2.572197 0.695140
vt 2.571235 0.697736
vt 2.050674 0.695140
vt 2.049712 0.697736
vt 1.529151 0.695140
vt 1.528189 0.697736
vt 1.006666 0.697736
vt 0.691813 -0.400346
vt 2.572535 0.692079
vt 2.051012 0.692079
vt 1.529489 0.692079
vt 3.094270 0.521018
vt 3.596994 0.521018
vt 3.596994 0.524079
vt 3.596994 0.520079
vt 3.500994 0.518422
vt 3.098370 1.184985
vt 3.500994 1.453401
vt 3.500994 1.457080
vt 1.008762 -0.201289
vt 0.600994 -0.473134
vt 0.600994 -0.476253
vt 1.007462 0.524079
vt 0.504994 0.524079
vt 0.504994 0.521018
vt 0.600994 -0.479932
vt 1.011899 -0.205996
vt 1.010201 -0.203448
vt 1.533517 0.141749
vt 1.531819 0.144297
vt 2.055135 0.489494
vt 2.053437 0.492042
vt 2.576752 0.837240
vt 2.575054 0.839787
vt 3.096672 1.187532
vt 3.500994 1.460200
vt 3.095232 1.189691
vt 2.573615 0.841946
vt 2.051997 0.494201
vt 1.530379 0.146456
vt 3.095232 0.518422
vt 2.572653 0.521018
vt 2.573615 0.518422
vt 2.051035 0.521018
vt 2.051997 0.518422
vt 1.529417 0.521018
vt 1.530379 0.518422
vt 1.007800 0.521018
vt 1.008762 0.518422
vt 0.600994 0.520079
vt 0.600994 0.518422
vt 3.093932 0.524079
vt 2.572315 0.524079
vt 2.050697 0.524079
vt 1.529080 0.524079
vt 0.504994 0.520079
vt 1.003619 -0.185676
vt 0.600994 -0.454093
vt 0.600994 -0.457772
vt 3.093227 1.200597
vt 3.500994 1.472442
vt 3.500994 1.475561
vt 3.093227 0.518422
vt 3.094527 0.524079
vt 1.007719 0.521018
vt 3.094189 0.521018
vt 2.572572 0.521018
vt 2.572909 0.524079
vt 2.050954 0.521018
vt 2.051292 0.524079
vt 1.529336 0.521018
vt 1.529674 0.524079
vt 1.008056 0.524079
vt 2.571609 0.518422
vt 2.049992 0.518422
vt 1.528374 0.518422
vt 1.006757 0.518422
vt 0.600994 -0.460891
vt 1.006757 -0.190383
vt 1.005317 -0.188224
vt 1.528374 0.157362
vt 1.526935 0.159521
vt 2.049992 0.505107
vt 2.048552 0.507267
vt 2.571609 0.852852
vt 2.570170 0.855012
vt 3.091788 1.202757
vt 3.500994 1.479241
vt 3.090089 1.205304
vt 2.568472 0.857559
vt 2.046854 0.509814
vt 1.525236 0.162069
vt 3.596994 1.525728
vt 3.500994 1.461728
vt 3.596994 1.534914
vt 3.500994 1.470914
vt 0.504994 -0.526419
vt 0.600994 -0.462419
vt 0.504994 -0.535606
vt 0.600994 -0.471606
vt 3.500994 0.516079
vt 0.600994 0.516079
vt 0.600994 0.508079
vt 3.500994 1.526413
vt 3.500994 1.406228
vt 0.600994 -0.406920
vt 0.600994 -0.527105
vt 3.596994 1.533701
vt 3.395924 1.399654
vt 3.596994 1.526940
vt 3.406065 1.399654
vt 3.415132 0.699532
vt 3.420374 0.700079
vt 3.381615 0.700079
vt 3.386857 0.699532
vt 0.686857 0.699532
vt 0.681615 0.700079
vt 0.715132 0.699532
vt 0.720374 0.700079
vt 0.695924 -0.400346
vt 0.504994 -0.527632
vt 0.706065 -0.400346
vt 0.504994 -0.534393
vt 2.810494 -0.572846
vt 2.810494 -0.527846
vt 2.711494 -0.572846
vt 2.711494 -0.527846
vt 2.591494 -0.527846
vt 2.591494 -0.572846
vt 2.690495 -0.527846
vt 2.690495 -0.572846
vt 2.471494 -0.527846
vt 2.471494 -0.572846
vt 2.570494 -0.527846
vt 2.570494 -0.572846
vt 2.351494 -0.527846
vt 2.351494 -0.572846
vt 2.450494 -0.527846
vt 2.450494 -0.572846
vt 2.231494 -0.527846
vt 2.231494 -0.572846
vt 2.330494 -0.527846
vt 2.330494 -0.572846
vt 2.111495 -0.527846
vt 2.111495 -0.572846
vt 2.210495 -0.527846
vt 2.210495 -0.572846
vt 1.991494 -0.527846
vt 1.991494 -0.572846
vt 2.090494 -0.527846
vt 2.090494 -0.572846
vt 1.871494 -0.527846
vt 1.871494 -0.572846
vt 1.970494 -0.527846
vt 1.970494 -0.572846
vt 1.751494 -0.527846
vt 1.751494 -0.572846
vt 1.850495 -0.527846
vt 1.850495 -0.572846
vt 1.631494 -0.527846
vt 1.631494 -0.572846
vt 1.730494 -0.527846
vt 1.730494 -0.572846
vt 2.870994 -0.572846
vt 2.870994 -0.527846
vt 2.831494 -0.572846
vt 2.831494 -0.527846
vt 1.570994 0.376079
vt 1.570994 0.408079
vt 1.610494 0.408079
vt 2.831494 0.391079
vt 2.849745 0.376079
vt 2.810494 0.391079
vt 2.760994 0.376079
vt 2.810494 0.408079
vt 2.711494 0.408079
vt 2.831494 0.408079
vt 2.870994 0.408079
vt 2.870994 0.376079
vt 1.610494 0.391079
vt 1.631494 0.391079
vt 1.680994 0.376079
vt 1.631494 0.408079
vt 1.730494 0.408079
vt 1.730494 0.391079
vt 1.751494 0.391079
vt 1.800994 0.376079
vt 1.751494 0.408079
vt 1.850495 0.408079
vt 1.850495 0.391079
vt 1.920994 0.376079
vt 1.871494 0.391079
vt 1.871494 0.408079
vt 1.991494 0.391079
vt 2.040994 0.376079
vt 1.970494 0.391079
vt 1.970494 0.408079
vt 1.991494 0.408079
vt 2.090494 0.408079
vt 2.090494 0.391079
vt 2.160995 0.376079
vt 2.111495 0.391079
vt 2.111495 0.408079
vt 2.210495 0.408079
vt 2.210495 0.391079
vt 2.280994 0.376079
vt 2.231494 0.391079
vt 2.231494 0.408079
vt 2.330494 0.408079
vt 2.330494 0.391079
vt 2.351494 0.391079
vt 2.520994 0.376079
vt 2.351494 0.408079
vt 2.450494 0.408079
vt 2.450494 0.391079
vt 2.471494 0.391079
vt 2.471494 0.408079
vt 2.570494 0.408079
vt 2.570494 0.391079
vt 2.640995 0.376079
vt 2.591494 0.391079
vt 2.591494 0.408079
vt 2.690495 0.408079
vt 2.690495 0.391079
vt 2.711494 0.391079
vt 1.570994 -0.527846
vt 1.570994 -0.572846
vt 1.610494 -0.527846
vt 1.610494 -0.572846
vt 2.870994 -0.535346
vt 2.849745 -0.527846
vt 2.849745 -0.535346
vt 2.760994 -0.527846
vt 2.760994 -0.535346
vt 2.640995 -0.527846
vt 2.640995 -0.535346
vt 2.520994 -0.527846
vt 2.520994 -0.535346
vt 2.280994 -0.527846
vt 2.280994 -0.535346
vt 2.160995 -0.527846
vt 2.160995 -0.535346
vt 2.040994 -0.527846
vt 2.040994 -0.535346
vt 1.920994 -0.527846
vt 1.920994 -0.535346
vt 1.800994 -0.527846
vt 1.800994 -0.535346
vt 1.680994 -0.527846
vt 1.680994 -0.535346
vt 1.570994 -0.535346
vt 1.627490 -0.554096
vt 1.628495 -0.550346
vt 1.627490 -0.546596
vt 1.614499 -0.554096
vt 1.613494 -0.550346
vt 1.614499 -0.546596
vt 1.624744 -0.543851
vt 1.620994 -0.542846
vt 1.617244 -0.543851
vt 1.617244 -0.556841
vt 1.620994 -0.557846
vt 1.680994 -0.572846
vt 1.624744 -0.556841
vt 1.734499 -0.546596
vt 1.733494 -0.550346
vt 1.747490 -0.554096
vt 1.748495 -0.550346
vt 1.747490 -0.546596
vt 1.734499 -0.554096
vt 1.744744 -0.543851
vt 1.740994 -0.542846
vt 1.737244 -0.543851
vt 1.737244 -0.556841
vt 1.740994 -0.557846
vt 1.800994 -0.572846
vt 1.744744 -0.556841
vt 1.854499 -0.546596
vt 1.853494 -0.550346
vt 1.867490 -0.554096
vt 1.868494 -0.550346
vt 1.867490 -0.546596
vt 1.854499 -0.554096
vt 1.864744 -0.543851
vt 1.860994 -0.542846
vt 1.857244 -0.543851
vt 1.857244 -0.556841
vt 1.860994 -0.557846
vt 1.920994 -0.572846
vt 1.864744 -0.556841
vt 1.987490 -0.554096
vt 1.988494 -0.550346
vt 1.987490 -0.546596
vt 1.974499 -0.546596
vt 1.973494 -0.550346
vt 1.974499 -0.554096
vt 1.984744 -0.543851
vt 1.980994 -0.542846
vt 1.977244 -0.543851
vt 1.977244 -0.556841
vt 1.980994 -0.557846
vt 2.040994 -0.572846
vt 1.984744 -0.556841
vt 2.107490 -0.554096
vt 2.108494 -0.550346
vt 2.107490 -0.546596
vt 2.094499 -0.546596
vt 2.093494 -0.550346
vt 2.094499 -0.554096
vt 2.104744 -0.543851
vt 2.100995 -0.542846
vt 2.097244 -0.543851
vt 2.097244 -0.556841
vt 2.100995 -0.557846
vt 2.160995 -0.572846
vt 2.104744 -0.556841
vt 2.227489 -0.554096
vt 2.228494 -0.550346
vt 2.227489 -0.546596
vt 2.214499 -0.546596
vt 2.213494 -0.550346
vt 2.214499 -0.554096
vt 2.224744 -0.543851
vt 2.220994 -0.542846
vt 2.217244 -0.543851
vt 2.217244 -0.556841
vt 2.220994 -0.557846
vt 2.280994 -0.572846
vt 2.224744 -0.556841
vt 2.334499 -0.546596
vt 2.333494 -0.550346
vt 2.467490 -0.554096
vt 2.468494 -0.550346
vt 2.467490 -0.546596
vt 2.334499 -0.554096
vt 2.347490 -0.546596
vt 2.344744 -0.543851
vt 2.340994 -0.542846
vt 2.337245 -0.543851
vt 2.464745 -0.543851
vt 2.460994 -0.542846
vt 2.337245 -0.556841
vt 2.340994 -0.557846
vt 2.520994 -0.572846
vt 2.344744 -0.556841
vt 2.347490 -0.554096
vt 2.457244 -0.543851
vt 2.454499 -0.546596
vt 2.348495 -0.550346
vt 2.453495 -0.550346
vt 2.454499 -0.554096
vt 2.457244 -0.556841
vt 2.460994 -0.557846
vt 2.464745 -0.556841
vt 2.574499 -0.546596
vt 2.573494 -0.550346
vt 2.574499 -0.554096
vt 2.587490 -0.546596
vt 2.584744 -0.543851
vt 2.580994 -0.542846
vt 2.577245 -0.543851
vt 2.577245 -0.556841
vt 2.580994 -0.557846
vt 2.640995 -0.572846
vt 2.584744 -0.556841
vt 2.587490 -0.554096
vt 2.588495 -0.550346
vt 2.697244 -0.556841
vt 2.700994 -0.557846
vt 2.760994 -0.572846
vt 2.697244 -0.543851
vt 2.700994 -0.542846
vt 2.704744 -0.543851
vt 2.707490 -0.546596
vt 2.694499 -0.546596
vt 2.693495 -0.550346
vt 2.694499 -0.554096
vt 2.704744 -0.556841
vt 2.707490 -0.554096
vt 2.708494 -0.550346
vt 2.827490 -0.554096
vt 2.828495 -0.550346
vt 2.827490 -0.546596
vt 2.824744 -0.556841
vt 2.849745 -0.572846
vt 2.820994 -0.557846
vt 2.817245 -0.556841
vt 2.817245 -0.543851
vt 2.820994 -0.542846
vt 2.824744 -0.543851
vt 2.814499 -0.546596
vt 2.813494 -0.550346
vt 2.814499 -0.554096
vt 2.814499 0.376079
vt 2.814499 0.391079
vt 2.817245 0.376079
vt 2.817245 0.391079
vt 2.820994 0.376079
vt 2.820994 0.391079
vt 2.824744 0.376079
vt 2.824744 0.391079
vt 2.827490 0.376079
vt 2.827490 0.391079
vt 2.694499 0.376079
vt 2.694499 0.391079
vt 2.697244 0.376079
vt 2.697244 0.391079
vt 2.700994 0.376079
vt 2.700994 0.391079
vt 2.704744 0.376079
vt 2.704744 0.391079
vt 2.707490 0.376079
vt 2.707490 0.391079
vt 2.574499 0.376079
vt 2.574499 0.391079
vt 2.577245 0.376079
vt 2.577245 0.391079
vt 2.580994 0.376079
vt 2.580994 0.391079
vt 2.584744 0.376079
vt 2.584744 0.391079
vt 2.587490 0.376079
vt 2.587490 0.391079
vt 2.454499 0.376079
vt 2.454499 0.391079
vt 2.457244 0.376079
vt 2.457244 0.391079
vt 2.460994 0.376079
vt 2.460994 0.391079
vt 2.464745 0.376079
vt 2.464745 0.391079
vt 2.467490 0.376079
vt 2.467490 0.391079
vt 2.334499 0.376079
vt 2.334499 0.391079
vt 2.337245 0.376079
vt 2.337245 0.391079
vt 2.340994 0.376079
vt 2.340994 0.391079
vt 2.344744 0.376079
vt 2.344744 0.391079
vt 2.347490 0.376079
vt 2.347490 0.391079
vt 2.214499 0.376079
vt 2.214499 0.391079
vt 2.217244 0.376079
vt 2.217244 0.391079
vt 2.220994 0.376079
vt 2.220994 0.391079
vt 2.224744 0.376079
vt 2.224744 0.391079
vt 2.227489 0.376079
vt 2.227489 0.391079
vt 2.094499 0.376079
vt 2.094499 0.391079
vt 2.097244 0.376079
vt 2.097244 0.391079
vt 2.100995 0.376079
vt 2.100995 0.391079
vt 2.104744 0.376079
vt 2.104744 0.391079
vt 2.107490 0.376079
vt 2.107490 0.391079
vt 1.974499 0.376079
vt 1.974499 0.391079
vt 1.977244 0.376079
vt 1.977244 0.391079
vt 1.980994 0.376079
vt 1.980994 0.391079
vt 1.984744 0.376079
vt 1.984744 0.391079
vt 1.987490 0.376079
vt 1.987490 0.391079
vt 1.854499 0.376079
vt 1.854499 0.391079
vt 1.857244 0.376079
vt 1.857244 0.391079
vt 1.860994 0.376079
vt 1.860994 0.391079
vt 1.864744 0.376079
vt 1.864744 0.391079
vt 1.867490 0.376079
vt 1.867490 0.391079
vt 1.734499 0.376079
vt 1.734499 0.391079
vt 1.737244 0.376079
vt 1.737244 0.391079
vt 1.740994 0.376079
vt 1.740994 0.391079
vt 1.744744 0.376079
vt 1.744744 0.391079
vt 1.747490 0.376079
vt 1.747490 0.391079
vt 1.614499 0.376079
vt 1.614499 0.391079
vt 1.617244 0.376079
vt 1.617244 0.391079
vt 1.620994 0.376079
vt 1.620994 0.391079
vt 1.624744 0.376079
vt 1.624744 0.391079
vt 1.627490 0.376079
vt 1.627490 0.391079
vt 3.478484 1.430582
vt 3.330701 1.692615
vt 3.497111 1.443000
vt 3.349861 1.705389
vt 3.516271 1.455773
vt 3.368901 1.718082
vt 3.535311 1.468467
vt 3.387174 1.730264
vt 3.553584 1.480649
vt 3.404056 1.741518
vt 3.570466 1.491903
vt 3.418973 1.751463
vt 3.585383 1.501848
vt 3.431417 1.759759
vt 3.597827 1.510144
vt 1.510144 0.836161
vt 1.759759 0.836161
vt 1.766124 0.856172
vt 1.516509 0.856172
vt 1.770340 0.877951
vt 1.520725 0.877951
vt 1.772265 0.900755
vt 1.522650 0.900755
vt 1.771833 0.923809
vt 1.522218 0.923809
vt 1.769059 0.946328
vt 1.519444 0.946328
vt 1.764036 0.967543
vt 1.514421 0.967543
vt 1.756937 0.986734
vt 1.507322 0.986734
vt 3.593594 1.507322
vt 3.427183 1.756937
vt 3.413782 1.748002
vt 3.580192 1.498387
vt 3.398083 1.737537
vt 3.564493 1.487922
vt 3.380623 1.725897
vt 3.547034 1.476282
vt 3.361996 1.713479
vt 3.528406 1.463863
vt 3.342836 1.700705
vt 3.509246 1.451090
vt 3.323796 1.688012
vt 3.490206 1.438397
vt 3.305523 1.675830
vt 3.471934 1.426215
vt 3.288641 1.664575
vt 3.455051 1.414960
vt 3.273724 1.654631
vt 3.440135 1.405016
vt 3.261281 1.646335
vt 3.427691 1.396720
vt 1.396720 0.979997
vt 1.646335 0.979997
vt 1.639970 0.959986
vt 1.390355 0.959986
vt 1.635754 0.938207
vt 1.386138 0.938207
vt 1.633829 0.915403
vt 1.384213 0.915403
vt 1.634261 0.892349
vt 1.384645 0.892349
vt 1.637035 0.869830
vt 1.387420 0.869830
vt 1.642058 0.848615
vt 1.392442 0.848615
vt 1.649157 0.829424
vt 1.399542 0.829424
vt 3.431924 1.399542
vt 3.265514 1.649157
vt 3.278916 1.658092
vt 3.445326 1.408477
vt 3.294614 1.668557
vt 3.461024 1.418942
vt 3.312074 1.680197
vt 3.380623 1.026097
vt 3.398083 1.016518
vt 3.346349 0.908079
vt 3.323796 1.030105
vt 3.342836 1.033008
vt 3.361996 1.031656
vt 3.273724 0.997558
vt 3.288641 1.012073
vt 3.305523 1.023047
vt 3.245409 0.938207
vt 3.251734 0.959986
vt 3.261281 0.979997
vt 3.247331 0.869830
vt 3.243169 0.892349
vt 3.242521 0.915403
vt 3.278916 0.812912
vt 3.265514 0.829424
vt 3.254865 0.848615
vt 3.330701 0.784502
vt 3.312074 0.790062
vt 3.294614 0.799640
vt 3.387174 0.793111
vt 3.368901 0.786053
vt 3.349861 0.783150
vt 3.431417 0.836161
vt 3.418973 0.818600
vt 3.404056 0.804085
vt 3.450176 0.900755
vt 3.447289 0.877951
vt 3.440964 0.856172
vt 3.437833 0.967543
vt 3.445366 0.946328
vt 3.449528 0.923809
vt 3.413782 1.003246
vt 3.427183 0.986734
vt 3.547034 1.026097
vt 3.528406 1.031656
vt 3.512759 0.908079
vt 3.593594 0.986734
vt 3.580192 1.003246
vt 3.564493 1.016518
vt 3.615938 0.923809
vt 3.611776 0.946328
vt 3.604243 0.967543
vt 3.607374 0.856172
vt 3.613699 0.877951
vt 3.616586 0.900755
vt 3.570466 0.804085
vt 3.585383 0.818600
vt 3.597827 0.836161
vt 3.516271 0.783150
vt 3.535311 0.786053
vt 3.553584 0.793111
vt 3.461024 0.799640
vt 3.478484 0.790062
vt 3.497111 0.784502
vt 3.421275 0.848615
vt 3.431924 0.829424
vt 3.445326 0.812912
vt 3.408931 0.915403
vt 3.409579 0.892349
vt 3.413741 0.869830
vt 3.427691 0.979997
vt 3.418144 0.959986
vt 3.411819 0.938207
vt 3.471934 1.023047
vt 3.455051 1.012073
vt 3.440135 0.997558
vt 3.509246 1.033008
vt 3.490206 1.030105
vt 1.370227 0.908079
vt 1.370227 0.708079
vt 1.353586 0.908079
vt 1.353586 0.708079
vt 1.354721 0.932768
vt 1.371361 0.932768
vt 1.358094 0.956784
vt 1.374735 0.956784
vt 1.363614 0.979471
vt 1.380255 0.979471
vt 1.371130 1.000211
vt 1.387771 1.000211
vt 3.414268 1.387771
vt 3.425362 1.371130
vt 3.439323 1.380438
vt 3.428229 1.397079
vt 3.455590 1.391282
vt 3.444495 1.407923
vt 3.473718 1.403368
vt 3.462624 1.420009
vt 3.493214 1.416365
vt 3.482120 1.433006
vt 3.513546 1.429920
vt 3.502452 1.446561
vt 3.534159 1.443662
vt 3.523065 1.460303
vt 3.554491 1.457216
vt 3.543397 1.473857
vt 3.573987 1.470214
vt 3.562893 1.486855
vt 3.592116 1.482300
vt 3.581022 1.498941
vt 3.608383 1.493144
vt 3.597289 1.509785
vt 3.622344 1.502451
vt 3.611249 1.519092
vt 1.519092 1.000211
vt 1.502451 1.000211
vt 1.509967 0.979471
vt 1.526608 0.979471
vt 1.515488 0.956784
vt 1.532129 0.956784
vt 1.518861 0.932768
vt 1.535502 0.932768
vt 1.519996 0.908079
vt 1.536637 0.908079
vt 1.536637 0.708079
vt 1.519996 0.708079
vt 3.387951 1.370227
vt 3.637566 1.536637
vt 3.399045 1.353586
vt 3.648660 1.519996
vt 3.637566 0.908079
vt 3.637566 0.708079
vt 3.387951 0.708079
vt 3.387951 0.908079
vt 3.389653 0.932768
vt 3.394714 0.956784
vt 3.402994 0.979471
vt 3.414268 1.000211
vt 3.428229 1.018438
vt 3.444495 1.033654
vt 3.462624 1.045445
vt 3.482120 1.053489
vt 3.502452 1.057567
vt 3.523065 1.057567
vt 3.635864 0.932768
vt 3.597289 1.018438
vt 3.611249 1.000211
vt 3.581022 1.033654
vt 3.543397 1.053489
vt 3.562893 1.045445
vt 3.622524 0.979471
vt 3.630804 0.956784
vt 3.399045 0.708079
vt 3.648660 0.708079
vt 3.399045 0.908079
vt 3.648660 0.908079
vt 3.414088 0.979471
vt 3.646958 0.932768
vt 3.405808 0.956784
vt 3.400747 0.932768
vt 3.641898 0.956784
vt 3.633618 0.979471
vt 3.622344 1.000211
vt 3.608383 1.018438
vt 3.592116 1.033654
vt 3.573987 1.045445
vt 3.513546 1.057567
vt 3.493214 1.053489
vt 3.473718 1.045445
vt 3.455590 1.033654
vt 3.439323 1.018438
vt 3.425362 1.000211
vt 3.554491 1.053489
vt 3.534159 1.057567
vt 1.636483 0.908079
vt 1.636483 0.708079
vt 1.619842 0.908079
vt 1.619842 0.708079
vt 1.620977 0.932768
vt 1.637618 0.932768
vt 1.624350 0.956784
vt 1.640991 0.956784
vt 1.629870 0.979471
vt 1.646511 0.979471
vt 1.637386 1.000211
vt 1.654027 1.000211
vt 3.236764 1.654027
vt 3.247858 1.637386
vt 3.261819 1.646694
vt 3.250725 1.663335
vt 3.278085 1.657538
vt 3.266991 1.674179
vt 3.296214 1.669624
vt 3.285120 1.686265
vt 3.315710 1.682621
vt 3.304616 1.699262
vt 3.336042 1.696176
vt 3.324948 1.712817
vt 3.356655 1.709918
vt 3.345561 1.726559
vt 3.376987 1.723472
vt 3.365893 1.740113
vt 3.396483 1.736470
vt 3.385389 1.753111
vt 3.414612 1.748556
vt 3.403518 1.765197
vt 3.430879 1.759400
vt 3.419785 1.776041
vt 3.444839 1.768707
vt 3.433745 1.785348
vt 1.785348 1.000211
vt 1.768707 1.000211
vt 1.776224 0.979471
vt 1.792865 0.979471
vt 1.781744 0.956784
vt 1.798385 0.956784
vt 1.785117 0.932768
vt 1.801758 0.932768
vt 1.786252 0.908079
vt 1.802893 0.908079
vt 1.802893 0.708079
vt 1.786252 0.708079
vt 3.210447 1.636483
vt 3.460062 1.802893
vt 3.221541 1.619842
vt 3.471156 1.786252
vt 3.460062 0.908079
vt 3.460062 0.708079
vt 3.210447 0.708079
vt 3.210447 0.908079
vt 3.212149 0.932768
vt 3.217210 0.956784
vt 3.225490 0.979471
vt 3.236764 1.000211
vt 3.250725 1.018438
vt 3.266991 1.033654
vt 3.285120 1.045445
vt 3.304616 1.053489
vt 3.324948 1.057567
vt 3.345561 1.057567
vt 3.458360 0.932768
vt 3.419785 1.018438
vt 3.433745 1.000211
vt 3.403518 1.033654
vt 3.365893 1.053489
vt 3.385389 1.045445
vt 3.445020 0.979471
vt 3.453300 0.956784
vt 3.221541 0.708079
vt 3.471156 0.708079
vt 3.221541 0.908079
vt 3.471156 0.908079
vt 3.236584 0.979471
vt 3.469454 0.932768
vt 3.228304 0.956784
vt 3.223243 0.932768
vt 3.464394 0.956784
vt 3.456114 0.979471
vt 3.444839 1.000211
vt 3.430879 1.018438
vt 3.414612 1.033654
vt 3.396483 1.045445
vt 3.336042 1.057567
vt 3.315710 1.053489
vt 3.296214 1.045445
vt 3.278085 1.033654
vt 3.261819 1.018438
vt 3.247858 1.000211
vt 3.376987 1.053489
vt 3.356655 1.057567
vt 3.312074 -0.680889
vt 3.497111 -0.443692
vt 3.330701 -0.693307
vt 3.516271 -0.456465
vt 3.349861 -0.706080
vt 3.535311 -0.469159
vt 3.368901 -0.718774
vt 3.553584 -0.481340
vt 3.387174 -0.730955
vt 3.570466 -0.492595
vt 3.404056 -0.742210
vt 3.585383 -0.502540
vt 3.418973 -0.752155
vt 3.597827 -0.510836
vt 3.431417 -0.760451
vt -0.760451 0.836161
vt -0.510836 0.836161
vt -0.517200 0.856172
vt -0.766815 0.856172
vt -0.521417 0.877951
vt -0.771032 0.877951
vt -0.523342 0.900755
vt -0.772957 0.900755
vt -0.522910 0.923809
vt -0.772525 0.923809
vt -0.520135 0.946328
vt -0.769750 0.946328
vt -0.515113 0.967543
vt -0.764728 0.967543
vt -0.508013 0.986734
vt -0.757628 0.986734
vt 3.427183 -0.757628
vt 3.593594 -0.508013
vt 3.580192 -0.499079
vt 3.413782 -0.748694
vt 3.564493 -0.488613
vt 3.398083 -0.738228
vt 3.547034 -0.476973
vt 3.380623 -0.726588
vt 3.528406 -0.464555
vt 3.361996 -0.714170
vt 3.509246 -0.451782
vt 3.342836 -0.701397
vt 3.490206 -0.439088
vt 3.323796 -0.688703
vt 3.471934 -0.426907
vt 3.305523 -0.676522
vt 3.455051 -0.415652
vt 3.288641 -0.665267
vt 3.440135 -0.405707
vt 3.273724 -0.655322
vt 3.427691 -0.397411
vt 3.261281 -0.647026
vt -0.647026 0.979997
vt -0.397411 0.979997
vt -0.391047 0.959986
vt -0.640662 0.959986
vt -0.386830 0.938207
vt -0.636445 0.938207
vt -0.384905 0.915403
vt -0.634520 0.915403
vt -0.385337 0.892349
vt -0.634952 0.892349
vt -0.388112 0.869830
vt -0.637727 0.869830
vt -0.393134 0.848615
vt -0.642749 0.848615
vt -0.400234 0.829424
vt -0.649849 0.829424
vt 3.265514 -0.649849
vt 3.431924 -0.400234
vt 3.445326 -0.409168
vt 3.278916 -0.658783
vt 3.461024 -0.419634
vt 3.294614 -0.669249
vt 3.478484 -0.431274
vt 3.288641 1.012073
vt -0.620533 0.908079
vt -0.620533 0.708079
vt -0.637174 0.908079
vt -0.637174 0.708079
vt -0.638309 0.932768
vt -0.621668 0.932768
vt -0.641683 0.956784
vt -0.625042 0.956784
vt -0.647203 0.979471
vt -0.630562 0.979471
vt -0.654719 1.000211
vt -0.638078 1.000211
vt 3.247858 -0.638078
vt 3.236764 -0.654719
vt 3.250725 -0.664026
vt 3.261819 -0.647385
vt 3.266991 -0.674871
vt 3.278085 -0.658230
vt 3.285120 -0.686956
vt 3.296214 -0.670316
vt 3.304616 -0.699954
vt 3.315710 -0.683313
vt 3.324948 -0.713508
vt 3.336042 -0.696867
vt 3.345561 -0.727251
vt 3.356655 -0.710610
vt 3.365893 -0.740805
vt 3.376987 -0.724164
vt 3.385389 -0.753803
vt 3.396483 -0.737162
vt 3.403518 -0.765888
vt 3.414612 -0.749247
vt 3.419785 -0.776733
vt 3.430879 -0.760092
vt 3.433745 -0.786040
vt 3.444839 -0.769399
vt -0.769399 1.000211
vt -0.786040 1.000211
vt -0.793556 0.979471
vt -0.776915 0.979471
vt -0.799076 0.956784
vt -0.782435 0.956784
vt -0.802450 0.932768
vt -0.785809 0.932768
vt -0.803585 0.908079
vt -0.786944 0.908079
vt -0.786944 0.708079
vt -0.803585 0.708079
vt 3.221541 -0.620533
vt 3.471156 -0.786944
vt 3.210447 -0.637174
vt 3.460062 -0.803585
vt 4.130494 1.527154
vt 4.130494 1.572154
vt 4.031494 1.527154
vt 4.031494 1.572154
vt 3.911494 1.572154
vt 3.911494 1.527154
vt 4.010494 1.572154
vt 4.010494 1.527154
vt 3.791494 1.572154
vt 3.791494 1.527154
vt 3.890494 1.572154
vt 3.890494 1.527154
vt 3.671494 1.572154
vt 3.671494 1.527154
vt 3.770494 1.572154
vt 3.770494 1.527154
vt 3.551494 1.572154
vt 3.551494 1.527154
vt 3.650495 1.572154
vt 3.650495 1.527154
vt 3.431494 1.572154
vt 3.431494 1.527154
vt 3.530494 1.572154
vt 3.530494 1.527154
vt 3.311495 1.572154
vt 3.311495 1.527154
vt 3.410495 1.572154
vt 3.410495 1.527154
vt 3.191494 1.572154
vt 3.191494 1.527154
vt 3.290494 1.572154
vt 3.290494 1.527154
vt 3.071494 1.572154
vt 3.071494 1.527154
vt 3.170495 1.572154
vt 3.170495 1.527154
vt 2.951494 1.572154
vt 2.951494 1.527154
vt 3.050494 1.572154
vt 3.050494 1.527154
vt 4.190994 1.527154
vt 4.190994 1.572154
vt 4.151495 1.527154
vt 4.151495 1.572154
vt 2.890995 1.572154
vt 2.890995 1.527154
vt 2.930495 1.572154
vt 2.930495 1.527154
vt 4.190994 1.564654
vt 4.169744 1.572154
vt 4.169744 1.564654
vt 4.080995 1.572154
vt 4.080995 1.564654
vt 3.960994 1.572154
vt 3.960994 1.564654
vt 3.840994 1.572154
vt 3.840994 1.564654
vt 3.600995 1.572154
vt 3.600995 1.564654
vt 3.480994 1.572154
vt 3.480994 1.564654
vt 3.360995 1.572154
vt 3.360995 1.564654
vt 3.240994 1.572154
vt 3.240994 1.564654
vt 3.120994 1.572154
vt 3.120994 1.564654
vt 3.000994 1.572154
vt 3.000994 1.564654
vt 2.890995 1.564654
vt 2.947490 1.545904
vt 2.948494 1.549654
vt 2.947490 1.553404
vt 2.934499 1.545904
vt 2.933494 1.549654
vt 2.934499 1.553404
vt 2.944744 1.556149
vt 2.940995 1.557154
vt 2.937244 1.556149
vt 2.937244 1.543159
vt 2.940995 1.542154
vt 3.000994 1.527154
vt 2.944744 1.543159
vt 3.054499 1.553404
vt 3.053494 1.549654
vt 3.067490 1.545904
vt 3.068495 1.549654
vt 3.067490 1.553404
vt 3.054499 1.545904
vt 3.064744 1.556149
vt 3.060994 1.557154
vt 3.057245 1.556149
vt 3.057245 1.543159
vt 3.060994 1.542154
vt 3.120994 1.527154
vt 3.064744 1.543159
vt 3.174499 1.553404
vt 3.173494 1.549654
vt 3.187490 1.545904
vt 3.188494 1.549654
vt 3.187490 1.553404
vt 3.174499 1.545904
vt 3.184744 1.556149
vt 3.180995 1.557154
vt 3.177244 1.556149
vt 3.177244 1.543159
vt 3.180995 1.542154
vt 3.240994 1.527154
vt 3.184744 1.543159
vt 3.307490 1.545904
vt 3.308495 1.549654
vt 3.307490 1.553404
vt 3.294499 1.553404
vt 3.293494 1.549654
vt 3.294499 1.545904
vt 3.304744 1.556149
vt 3.300994 1.557154
vt 3.297245 1.556149
vt 3.297245 1.543159
vt 3.300994 1.542154
vt 3.360995 1.527154
vt 3.304744 1.543159
vt 3.427490 1.545904
vt 3.428494 1.549654
vt 3.427490 1.553404
vt 3.414499 1.553404
vt 3.413495 1.549654
vt 3.414499 1.545904
vt 3.424744 1.556149
vt 3.420995 1.557154
vt 3.417244 1.556149
vt 3.417244 1.543159
vt 3.420995 1.542154
vt 3.480994 1.527154
vt 3.424744 1.543159
vt 3.547490 1.545904
vt 3.548495 1.549654
vt 3.547490 1.553404
vt 3.534499 1.553404
vt 3.533494 1.549654
vt 3.534499 1.545904
vt 3.544744 1.556149
vt 3.540994 1.557154
vt 3.537245 1.556149
vt 3.537245 1.543159
vt 3.540994 1.542154
vt 3.600995 1.527154
vt 3.544744 1.543159
vt 3.654499 1.553404
vt 3.653494 1.549654
vt 3.787490 1.545904
vt 3.788494 1.549654
vt 3.787490 1.553404
vt 3.654499 1.545904
vt 3.667490 1.553404
vt 3.664744 1.556149
vt 3.660995 1.557154
vt 3.657244 1.556149
vt 3.784745 1.556149
vt 3.780994 1.557154
vt 3.657244 1.543159
vt 3.660995 1.542154
vt 3.840994 1.527154
vt 3.664744 1.543159
vt 3.667490 1.545904
vt 3.777245 1.556149
vt 3.774499 1.553404
vt 3.668494 1.549654
vt 3.773494 1.549654
vt 3.774499 1.545904
vt 3.777245 1.543159
vt 3.780994 1.542154
vt 3.784745 1.543159
vt 3.894499 1.553404
vt 3.893494 1.549654
vt 3.894499 1.545904
vt 3.907490 1.553404
vt 3.904744 1.556149
vt 3.900995 1.557154
vt 3.897244 1.556149
vt 3.897244 1.543159
vt 3.900995 1.542154
vt 3.960994 1.527154
vt 3.904744 1.543159
vt 3.907490 1.545904
vt 3.908494 1.549654
vt 4.017244 1.543159
vt 4.020994 1.542154
vt 4.080995 1.527154
vt 4.017244 1.556149
vt 4.020994 1.557154
vt 4.024745 1.556149
vt 4.027490 1.553404
vt 4.014499 1.553404
vt 4.013494 1.549654
vt 4.014499 1.545904
vt 4.024745 1.543159
vt 4.027490 1.545904
vt 4.028494 1.549654
vt 4.147490 1.545904
vt 4.148495 1.549654
vt 4.147490 1.553404
vt 4.144744 1.543159
vt 4.169744 1.527154
vt 4.140995 1.542154
vt 4.137244 1.543159
vt 4.137244 1.556149
vt 4.140995 1.557154
vt 4.144744 1.556149
vt 4.134500 1.553404
vt 4.133494 1.549654
vt 4.134500 1.545904
vt -0.370918 0.908079
vt -0.370918 0.708079
vt -0.354277 0.908079
vt -0.354277 0.708079
vt -0.355412 0.932768
vt -0.372053 0.932768
vt -0.358786 0.956784
vt -0.375427 0.956784
vt -0.364306 0.979471
vt -0.380947 0.979471
vt -0.371822 1.000211
vt -0.388463 1.000211
vt -2.412279 -0.388463
vt -2.423373 -0.371822
vt -2.437334 -0.381129
vt -2.426240 -0.397770
vt -2.453601 -0.391974
vt -2.442507 -0.408615
vt -2.471729 -0.404059
vt -2.460635 -0.420700
vt -2.491225 -0.417057
vt -2.480131 -0.433698
vt -2.511557 -0.430611
vt -2.500463 -0.447252
vt -2.532170 -0.444353
vt -2.521076 -0.460994
vt -2.552502 -0.457908
vt -2.541408 -0.474549
vt -2.571999 -0.470905
vt -2.560905 -0.487547
vt -2.590127 -0.482991
vt -2.579033 -0.499632
vt -2.606394 -0.493836
vt -2.595300 -0.510477
vt -2.620355 -0.503143
vt -2.609261 -0.519784
vt -0.519784 1.000211
vt -0.503143 1.000211
vt -0.510659 0.979471
vt -0.527300 0.979471
vt -0.516179 0.956784
vt -0.532820 0.956784
vt -0.519553 0.932768
vt -0.536194 0.932768
vt -0.520687 0.908079
vt -0.537328 0.908079
vt -0.537328 0.708079
vt -0.520687 0.708079
vt -2.385962 -0.370918
vt -2.635577 -0.537328
vt -2.397056 -0.354277
vt -2.646671 -0.520687
vt -2.635577 0.908079
vt -2.635577 0.708079
vt -2.385962 0.708079
vt -2.385962 0.908079
vt -2.387665 0.932768
vt -2.392725 0.956784
vt -2.401005 0.979471
vt -2.412279 1.000211
vt -2.426240 1.018438
vt -2.442507 1.033654
vt -2.460635 1.045445
vt -2.480131 1.053489
vt -2.500463 1.057567
vt -2.521076 1.057567
vt -2.633875 0.932768
vt -2.595300 1.018438
vt -2.609261 1.000211
vt -2.579033 1.033654
vt -2.541408 1.053489
vt -2.560905 1.045445
vt -2.620535 0.979471
vt -2.628815 0.956784
vt -2.397056 0.708079
vt -2.646671 0.708079
vt -2.397056 0.908079
vt -2.646671 0.908079
vt -2.412099 0.979471
vt -2.644969 0.932768
vt -2.403819 0.956784
vt -2.398758 0.932768
vt -2.639909 0.956784
vt -2.631629 0.979471
vt -2.620355 1.000211
vt -2.606394 1.018438
vt -2.590127 1.033654
vt -2.571999 1.045445
vt -2.511557 1.057567
vt -2.491225 1.053489
vt -2.471729 1.045445
vt -2.453601 1.033654
vt -2.437334 1.018438
vt -2.423373 1.000211
vt -2.552502 1.053489
vt -2.532170 1.057567
vt -2.476495 -0.431274
vt -2.328712 -0.693307
vt -2.495122 -0.443692
vt -2.347872 -0.706080
vt -2.514282 -0.456465
vt -2.366913 -0.718774
vt -2.533323 -0.469159
vt -2.385185 -0.730955
vt -2.551595 -0.481340
vt -2.402067 -0.742210
vt -2.568477 -0.492595
vt -2.416984 -0.752155
vt -2.583394 -0.502540
vt -2.429428 -0.760451
vt -2.595838 -0.510836
vt -0.771032 0.877951
vt -2.591605 -0.508013
vt -2.425195 -0.757628
vt -2.411793 -0.748694
vt -2.578203 -0.499079
vt -2.396095 -0.738228
vt -2.562505 -0.488613
vt -2.378634 -0.726588
vt -2.545045 -0.476973
vt -2.360007 -0.714170
vt -2.526417 -0.464555
vt -2.340847 -0.701397
vt -2.507257 -0.451782
vt -2.321807 -0.688703
vt -2.488217 -0.439088
vt -2.303535 -0.676522
vt -2.469945 -0.426907
vt -2.286652 -0.665267
vt -2.453063 -0.415652
vt -2.271735 -0.655322
vt -2.438146 -0.405707
vt -2.259292 -0.647026
vt -2.425702 -0.397411
vt -0.397411 0.979997
vt -0.634520 0.915403
vt -0.384905 0.915403
vt -0.388112 0.869830
vt -0.400234 0.829424
vt -2.429935 -0.400234
vt -2.263525 -0.649849
vt -2.276927 -0.658783
vt -2.443337 -0.409168
vt -2.292625 -0.669249
vt -2.459035 -0.419634
vt -2.310085 -0.680889
vt -2.378634 1.026097
vt -2.396095 1.016518
vt -2.344360 0.908079
vt -2.321807 1.030105
vt -2.340847 1.033008
vt -2.360007 1.031656
vt -2.271735 0.997558
vt -2.286652 1.012073
vt -2.303535 1.023047
vt -2.243420 0.938207
vt -2.249745 0.959986
vt -2.259292 0.979997
vt -2.245342 0.869830
vt -2.241180 0.892349
vt -2.240532 0.915403
vt -2.276927 0.812912
vt -2.263525 0.829424
vt -2.252876 0.848615
vt -2.328712 0.784502
vt -2.310085 0.790062
vt -2.292625 0.799640
vt -2.385185 0.793111
vt -2.366913 0.786053
vt -2.347872 0.783150
vt -2.429428 0.836161
vt -2.416984 0.818600
vt -2.402067 0.804085
vt -2.448187 0.900755
vt -2.445300 0.877951
vt -2.438975 0.856172
vt -2.435844 0.967543
vt -2.443377 0.946328
vt -2.447539 0.923809
vt -2.411793 1.003246
vt -2.425195 0.986734
vt -2.545045 1.026097
vt -2.526417 1.031656
vt -2.510770 0.908079
vt -2.591605 0.986734
vt -2.578203 1.003246
vt -2.562505 1.016518
vt -2.613949 0.923809
vt -2.609787 0.946328
vt -2.602254 0.967543
vt -2.605385 0.856172
vt -2.611710 0.877951
vt -2.614598 0.900755
vt -2.568477 0.804085
vt -2.583394 0.818600
vt -2.595838 0.836161
vt -2.514282 0.783150
vt -2.533323 0.786053
vt -2.551595 0.793111
vt -2.459035 0.799640
vt -2.476495 0.790062
vt -2.495122 0.784502
vt -2.419286 0.848615
vt -2.429935 0.829424
vt -2.443337 0.812912
vt -2.406942 0.915403
vt -2.407590 0.892349
vt -2.411752 0.869830
vt -2.425702 0.979997
vt -2.416155 0.959986
vt -2.409830 0.938207
vt -2.469945 1.023047
vt -2.453063 1.012073
vt -2.438146 0.997558
vt -2.507257 1.033008
vt -2.488217 1.030105
vt -2.234775 -0.654719
vt -2.245869 -0.638078
vt -2.259830 -0.647385
vt -2.248736 -0.664026
vt -2.276097 -0.658230
vt -2.265002 -0.674871
vt -2.294225 -0.670316
vt -2.283131 -0.686956
vt -2.313721 -0.683313
vt -2.302627 -0.699954
vt -2.334053 -0.696867
vt -2.322959 -0.713508
vt -2.354666 -0.710610
vt -2.343572 -0.727251
vt -2.374998 -0.724164
vt -2.363904 -0.740805
vt -2.394495 -0.737162
vt -2.383400 -0.753803
vt -2.412623 -0.749247
vt -2.401529 -0.765888
vt -2.428890 -0.760092
vt -2.417796 -0.776733
vt -2.442851 -0.769399
vt -2.431756 -0.786040
vt -2.208458 -0.637174
vt -2.458073 -0.803585
vt -2.219552 -0.620533
vt -2.469167 -0.786944
vt -2.458073 0.908079
vt -2.458073 0.708079
vt -2.208458 0.708079
vt -2.208458 0.908079
vt -2.210160 0.932768
vt -2.215221 0.956784
vt -2.223501 0.979471
vt -2.234775 1.000211
vt -2.248736 1.018438
vt -2.265002 1.033654
vt -2.283131 1.045445
vt -2.302627 1.053489
vt -2.322959 1.057567
vt -2.343572 1.057567
vt -2.456371 0.932768
vt -2.417796 1.018438
vt -2.431756 1.000211
vt -2.401529 1.033654
vt -2.363904 1.053489
vt -2.383400 1.045445
vt -2.443031 0.979471
vt -2.451311 0.956784
vt -2.219552 0.708079
vt -2.469167 0.708079
vt -2.219552 0.908079
vt -2.469167 0.908079
vt -2.234595 0.979471
vt -2.467465 0.932768
vt -2.226315 0.956784
vt -2.221254 0.932768
vt -2.462405 0.956784
vt -2.454125 0.979471
vt -2.442851 1.000211
vt -2.428890 1.018438
vt -2.412623 1.033654
vt -2.394495 1.045445
vt -2.334053 1.057567
vt -2.313721 1.053489
vt -2.294225 1.045445
vt -2.276097 1.033654
vt -2.259830 1.018438
vt -2.245869 1.000211
vt -2.374998 1.053489
vt -2.354666 1.057567
vt 3.425362 -0.371822
vt 3.414268 -0.388463
vt 3.428229 -0.397770
vt 3.439323 -0.381129
vt 3.444495 -0.408615
vt 3.455590 -0.391974
vt 3.462624 -0.420700
vt 3.473718 -0.404059
vt 3.482120 -0.433698
vt 3.493214 -0.417057
vt 3.502452 -0.447252
vt 3.513546 -0.430611
vt 3.523065 -0.460994
vt 3.534159 -0.444353
vt 3.543397 -0.474549
vt 3.554491 -0.457908
vt 3.562893 -0.487547
vt 3.573987 -0.470905
vt 3.581022 -0.499632
vt 3.592116 -0.482991
vt 3.597289 -0.510477
vt 3.608383 -0.493836
vt 3.611249 -0.519784
vt 3.622344 -0.503143
vt 3.399045 -0.354277
vt 3.648660 -0.520687
vt 3.387951 -0.370918
vt 3.637566 -0.537328
vt 2.810494 1.527154
vt 2.810494 1.572154
vt 2.711494 1.527154
vt 2.711494 1.572154
vt 2.591494 1.572154
vt 2.591494 1.527154
vt 2.690495 1.572154
vt 2.690495 1.527154
vt 2.471494 1.572154
vt 2.471494 1.527154
vt 2.570494 1.572154
vt 2.570494 1.527154
vt 2.351494 1.572154
vt 2.351494 1.527154
vt 2.450494 1.572154
vt 2.450494 1.527154
vt 2.231494 1.572154
vt 2.231494 1.527154
vt 2.330494 1.572154
vt 2.330494 1.527154
vt 2.111495 1.572154
vt 2.111495 1.527154
vt 2.210495 1.572154
vt 2.210495 1.527154
vt 1.991494 1.572154
vt 1.991494 1.527154
vt 2.090494 1.572154
vt 2.090494 1.527154
vt 1.871494 1.572154
vt 1.871494 1.527154
vt 1.970494 1.572154
vt 1.970494 1.527154
vt 1.751494 1.572154
vt 1.751494 1.527154
vt 1.850495 1.572154
vt 1.850495 1.527154
vt 1.631494 1.572154
vt 1.631494 1.527154
vt 1.730494 1.572154
vt 1.730494 1.527154
vt 2.870994 1.527154
vt 2.870994 1.572154
vt 2.831494 1.527154
vt 2.831494 1.572154
vt 1.570994 1.572154
vt 1.570994 1.527154
vt 1.610494 1.572154
vt 1.610494 1.527154
vt 2.870994 1.564654
vt 2.849745 1.572154
vt 2.849745 1.564654
vt 2.760994 1.572154
vt 2.760994 1.564654
vt 2.640995 1.572154
vt 2.640995 1.564654
vt 2.520994 1.572154
vt 2.520994 1.564654
vt 2.280994 1.572154
vt 2.280994 1.564654
vt 2.160995 1.572154
vt 2.160995 1.564654
vt 2.040994 1.572154
vt 2.040994 1.564654
vt 1.920994 1.572154
vt 1.920994 1.564654
vt 1.800994 1.572154
vt 1.800994 1.564654
vt 1.680994 1.572154
vt 1.680994 1.564654
vt 1.570994 1.564654
vt 1.627490 1.545904
vt 1.628495 1.549654
vt 1.627490 1.553404
vt 1.614499 1.545904
vt 1.613494 1.549654
vt 1.614499 1.553404
vt 1.624744 1.556149
vt 1.620994 1.557154
vt 1.617244 1.556149
vt 1.617244 1.543159
vt 1.620994 1.542154
vt 1.680994 1.527154
vt 1.624744 1.543159
vt 1.734499 1.553404
vt 1.733494 1.549654
vt 1.747490 1.545904
vt 1.748495 1.549654
vt 1.747490 1.553404
vt 1.734499 1.545904
vt 1.744744 1.556149
vt 1.740994 1.557154
vt 1.737244 1.556149
vt 1.737244 1.543159
vt 1.740994 1.542154
vt 1.800994 1.527154
vt 1.744744 1.543159
vt 1.854499 1.553404
vt 1.853494 1.549654
vt 1.867490 1.545904
vt 1.868494 1.549654
vt 1.867490 1.553404
vt 1.854499 1.545904
vt 1.864744 1.556149
vt 1.860994 1.557154
vt 1.857244 1.556149
vt 1.857244 1.543159
vt 1.860994 1.542154
vt 1.920994 1.527154
vt 1.864744 1.543159
vt 1.987490 1.545904
vt 1.988494 1.549654
vt 1.987490 1.553404
vt 1.974499 1.553404
vt 1.973494 1.549654
vt 1.974499 1.545904
vt 1.984744 1.556149
vt 1.980994 1.557154
vt 1.977244 1.556149
vt 1.977244 1.543159
vt 1.980994 1.542154
vt 2.040994 1.527154
vt 1.984744 1.543159
vt 2.107490 1.545904
vt 2.108494 1.549654
vt 2.107490 1.553404
vt 2.094499 1.553404
vt 2.093494 1.549654
vt 2.094499 1.545904
vt 2.104744 1.556149
vt 2.100995 1.557154
vt 2.097244 1.556149
vt 2.097244 1.543159
vt 2.100995 1.542154
vt 2.160995 1.527154
vt 2.104744 1.543159
vt 2.227489 1.545904
vt 2.228494 1.549654
vt 2.227489 1.553404
vt 2.214499 1.553404
vt 2.213494 1.549654
vt 2.214499 1.545904
vt 2.224744 1.556149
vt 2.220994 1.557154
vt 2.217244 1.556149
vt 2.217244 1.543159
vt 2.220994 1.542154
vt 2.280994 1.527154
vt 2.224744 1.543159
vt 2.334499 1.553404
vt 2.333494 1.549654
vt 2.467490 1.545904
vt 2.468494 1.549654
vt 2.467490 1.553404
vt 2.334499 1.545904
vt 2.347490 1.553404
vt 2.344744 1.556149
vt 2.340994 1.557154
vt 2.337245 1.556149
vt 2.464745 1.556149
vt 2.460994 1.557154
vt 2.337245 1.543159
vt 2.340994 1.542154
vt 2.520994 1.527154
vt 2.344744 1.543159
vt 2.347490 1.545904
vt 2.457244 1.556149
vt 2.454499 1.553404
vt 2.348495 1.549654
vt 2.453495 1.549654
vt 2.454499 1.545904
vt 2.457244 1.543159
vt 2.460994 1.542154
vt 2.464745 1.543159
vt 2.574499 1.553404
vt 2.573494 1.549654
vt 2.574499 1.545904
vt 2.587490 1.553404
vt 2.584744 1.556149
vt 2.580994 1.557154
vt 2.577245 1.556149
vt 2.577245 1.543159
vt 2.580994 1.542154
vt 2.640995 1.527154
vt 2.584744 1.543159
vt 2.587490 1.545904
vt 2.588495 1.549654
vt 2.697244 1.543159
vt 2.700994 1.542154
vt 2.760994 1.527154
vt 2.697244 1.556149
vt 2.700994 1.557154
vt 2.704744 1.556149
vt 2.707490 1.553404
vt 2.694499 1.553404
vt 2.693495 1.549654
vt 2.694499 1.545904
vt 2.704744 1.543159
vt 2.707490 1.545904
vt 2.708494 1.549654
vt 2.827490 1.545904
vt 2.828495 1.549654
vt 2.827490 1.553404
vt 2.824744 1.543159
vt 2.849745 1.527154
vt 2.820994 1.542154
vt 2.817245 1.543159
vt 2.817245 1.556149
vt 2.820994 1.557154
vt 2.824744 1.556149
vt 2.814499 1.553404
vt 2.813494 1.549654
vt 2.814499 1.545904
vt -2.245869 1.637386
vt -2.234775 1.654027
vt -2.248736 1.663335
vt -2.259830 1.646694
vt -2.265002 1.674179
vt -2.276097 1.657538
vt -2.283131 1.686265
vt -2.294225 1.669624
vt -2.302627 1.699262
vt -2.313721 1.682621
vt -2.322959 1.712817
vt -2.334053 1.696176
vt -2.343572 1.726559
vt -2.354666 1.709918
vt -2.363904 1.740113
vt -2.374998 1.723472
vt -2.383400 1.753111
vt -2.394495 1.736470
vt -2.401529 1.765197
vt -2.412623 1.748556
vt -2.417796 1.776041
vt -2.428890 1.759400
vt -2.431756 1.785348
vt -2.442851 1.768707
vt -2.219552 1.619842
vt -2.469167 1.786252
vt -2.208458 1.636483
vt -2.458073 1.802893
vt -2.310085 1.680197
vt -2.495122 1.443000
vt -2.328712 1.692615
vt -2.514282 1.455773
vt -2.347872 1.705389
vt -2.533323 1.468467
vt -2.366913 1.718082
vt -2.551595 1.480649
vt -2.385185 1.730264
vt -2.568477 1.491903
vt -2.402067 1.741518
vt -2.583394 1.501848
vt -2.416984 1.751463
vt -2.595838 1.510144
vt -2.429428 1.759759
vt 1.770340 0.877951
vt -2.425195 1.756937
vt -2.591605 1.507322
vt -2.578203 1.498387
vt -2.411793 1.748002
vt -2.562505 1.487922
vt -2.396095 1.737537
vt -2.545045 1.476282
vt -2.378634 1.725897
vt -2.526417 1.463863
vt -2.360007 1.713479
vt -2.507257 1.451090
vt -2.340847 1.700705
vt -2.488217 1.438397
vt -2.321807 1.688012
vt -2.469945 1.426215
vt -2.303535 1.675830
vt -2.453063 1.414960
vt -2.286653 1.664575
vt -2.438146 1.405015
vt -2.271735 1.654631
vt -2.425702 1.396720
vt -2.259292 1.646335
vt 1.384213 0.915403
vt 1.633828 0.915403
vt 1.387420 0.869830
vt 1.399542 0.829424
vt -2.263525 1.649157
vt -2.429935 1.399542
vt -2.443337 1.408477
vt -2.276927 1.658092
vt -2.459035 1.418942
vt -2.292625 1.668557
vt -2.476495 1.430582
vt -2.286653 1.012073
vt -2.423373 1.371130
vt -2.412279 1.387771
vt -2.426240 1.397079
vt -2.437334 1.380438
vt -2.442507 1.407923
vt -2.453601 1.391282
vt -2.460635 1.420009
vt -2.471729 1.403368
vt -2.480131 1.433006
vt -2.491225 1.416365
vt -2.500463 1.446561
vt -2.511557 1.429920
vt -2.521076 1.460303
vt -2.532170 1.443662
vt -2.541408 1.473857
vt -2.552502 1.457216
vt -2.560905 1.486855
vt -2.571999 1.470214
vt -2.579033 1.498941
vt -2.590127 1.482300
vt -2.595300 1.509785
vt -2.606394 1.493144
vt -2.609261 1.519092
vt -2.620355 1.502451
vt -2.397056 1.353586
vt -2.646671 1.519996
vt -2.385962 1.370227
vt -2.635577 1.536637
s 0
f 1/1/1 2/2/1 3/3/1
f 3/3/1 2/2/1 4/4/1
f 5/5/1 6/6/1 7/7/1
f 7/7/1 6/6/1 8/8/1
f 9/9/1 10/10/1 11/11/1
f 11/11/1 10/10/1 12/12/1
f 13/13/1 14/14/1 15/15/1
f 15/15/1 14/14/1 16/16/1
f 17/17/1 18/18/1 19/19/1
f 19/19/1 18/18/1 20/20/1
f 21/21/1 22/22/1 23/23/1
f 23/23/1 22/22/1 24/24/1
f 25/25/1 26/26/1 27/27/1
f 27/27/1 26/26/1 28/28/1
f 29/29/1 30/30/1 31/31/1
f 31/31/1 30/30/1 32/32/1
f 33/33/1 34/34/1 35/35/1
f 35/35/1 34/34/1 36/36/1
f 37/37/1 38/38/1 39/39/1
f 39/39/1 38/38/1 40/40/1
f 41/41/1 42/42/1 43/43/1
f 43/43/1 42/42/1 44/44/1
f 45/45/2 42/46/2 46/47/2
f 46/47/2 42/46/2 41/48/2
f 46/47/2 41/48/2 47/49/2
f 48/50/3 49/51/3 50/52/3
f 51/53/3 52/54/3 53/55/3
f 53/55/3 52/54/3 54/56/3
f 53/55/3 54/56/3 2/57/3
f 2/57/3 54/56/3 4/58/3
f 51/53/3 44/59/3 52/54/3
f 52/54/3 44/59/3 42/60/3
f 52/54/3 42/60/3 45/61/3
f 50/52/3 55/62/3 48/50/3
f 48/50/3 55/62/3 56/63/3
f 48/50/3 56/63/3 57/64/3
f 57/64/3 56/63/3 37/65/3
f 57/64/3 37/65/3 39/66/3
f 39/66/3 58/67/3 57/64/3
f 57/64/3 58/67/3 59/68/3
f 57/64/3 59/68/3 60/69/3
f 33/70/3 35/71/3 61/72/3
f 59/68/3 33/70/3 60/69/3
f 60/69/3 33/70/3 61/72/3
f 60/69/3 61/72/3 62/73/3
f 62/73/3 61/72/3 63/74/3
f 62/73/3 63/74/3 29/75/3
f 64/76/3 65/77/3 66/78/3
f 66/78/3 65/77/3 62/73/3
f 66/78/3 62/73/3 31/79/3
f 31/79/3 62/73/3 29/75/3
f 25/80/3 27/81/3 67/82/3
f 64/76/3 25/80/3 65/77/3
f 65/77/3 25/80/3 67/82/3
f 65/77/3 67/82/3 68/83/3
f 68/83/3 67/82/3 69/84/3
f 68/83/3 69/84/3 21/85/3
f 21/85/3 23/86/3 68/83/3
f 68/83/3 23/86/3 70/87/3
f 68/83/3 70/87/3 71/88/3
f 71/88/3 70/87/3 72/89/3
f 71/88/3 72/89/3 17/90/3
f 17/90/3 19/91/3 73/92/3
f 17/90/3 73/92/3 71/88/3
f 71/88/3 73/92/3 74/93/3
f 71/88/3 74/93/3 75/94/3
f 13/95/3 15/96/3 74/93/3
f 74/93/3 15/96/3 76/97/3
f 74/93/3 76/97/3 75/94/3
f 75/94/3 76/97/3 77/98/3
f 75/94/3 77/98/3 9/99/3
f 9/99/3 11/100/3 75/94/3
f 75/94/3 11/100/3 78/101/3
f 75/94/3 78/101/3 79/102/3
f 79/102/3 78/101/3 80/103/3
f 79/102/3 80/103/3 5/104/3
f 5/104/3 7/105/3 79/102/3
f 79/102/3 7/105/3 81/106/3
f 79/102/3 81/106/3 54/56/3
f 54/56/3 81/106/3 82/107/3
f 54/56/3 82/107/3 4/58/3
f 83/49/4 84/48/4 85/47/4
f 85/47/4 84/48/4 49/46/4
f 85/47/4 49/46/4 48/45/4
f 86/54/5 47/61/5 41/60/5
f 41/60/5 43/59/5 87/53/5
f 88/102/5 89/56/5 90/107/5
f 90/107/5 89/56/5 3/58/5
f 41/60/5 87/53/5 86/54/5
f 86/54/5 87/53/5 91/55/5
f 86/54/5 91/55/5 89/56/5
f 89/56/5 91/55/5 1/57/5
f 89/56/5 1/57/5 3/58/5
f 90/107/5 92/106/5 88/102/5
f 88/102/5 92/106/5 8/105/5
f 88/102/5 8/105/5 6/104/5
f 6/104/5 93/103/5 88/102/5
f 88/102/5 93/103/5 94/101/5
f 88/102/5 94/101/5 95/94/5
f 95/94/5 94/101/5 12/100/5
f 95/94/5 12/100/5 10/99/5
f 16/96/5 14/95/5 96/97/5
f 96/97/5 14/95/5 97/93/5
f 10/99/5 98/98/5 95/94/5
f 95/94/5 98/98/5 96/97/5
f 95/94/5 96/97/5 99/88/5
f 99/88/5 96/97/5 97/93/5
f 97/93/5 100/92/5 99/88/5
f 99/88/5 100/92/5 20/91/5
f 99/88/5 20/91/5 18/90/5
f 18/90/5 101/89/5 99/88/5
f 99/88/5 101/89/5 102/87/5
f 99/88/5 102/87/5 103/83/5
f 103/83/5 102/87/5 24/86/5
f 103/83/5 24/86/5 22/85/5
f 22/85/5 104/84/5 103/83/5
f 103/83/5 104/84/5 105/82/5
f 103/83/5 105/82/5 106/77/5
f 106/77/5 105/82/5 28/81/5
f 106/77/5 28/81/5 26/80/5
f 26/80/5 107/76/5 106/77/5
f 106/77/5 107/76/5 108/78/5
f 106/77/5 108/78/5 109/73/5
f 109/73/5 108/78/5 32/79/5
f 109/73/5 32/79/5 30/75/5
f 30/75/5 110/74/5 109/73/5
f 109/73/5 110/74/5 111/72/5
f 109/73/5 111/72/5 112/69/5
f 36/71/5 34/70/5 113/68/5
f 114/67/5 115/64/5 113/68/5
f 113/68/5 115/64/5 112/69/5
f 113/68/5 112/69/5 36/71/5
f 36/71/5 112/69/5 111/72/5
f 40/66/5 38/65/5 116/63/5
f 117/52/5 84/51/5 118/62/5
f 118/62/5 84/51/5 83/50/5
f 118/62/5 83/50/5 116/63/5
f 116/63/5 83/50/5 115/64/5
f 116/63/5 115/64/5 40/66/5
f 40/66/5 115/64/5 114/67/5
f 49/108/1 84/109/1 50/110/1
f 50/110/1 84/109/1 117/111/1
f 45/42/6 46/112/6 52/113/6
f 52/113/6 46/112/6 119/114/6
f 52/113/6 119/114/6 54/115/6
f 54/115/6 119/114/6 120/116/6
f 54/115/6 120/116/6 79/117/6
f 79/117/6 120/116/6 121/118/6
f 79/117/6 121/118/6 75/119/6
f 75/119/6 121/118/6 122/120/6
f 75/119/6 122/120/6 71/121/6
f 71/121/6 122/120/6 123/122/6
f 71/121/6 123/122/6 68/123/6
f 68/123/6 123/122/6 124/124/6
f 68/123/6 124/124/6 65/125/6
f 65/125/6 124/124/6 125/126/6
f 65/125/6 125/126/6 62/127/6
f 62/127/6 125/126/6 126/128/6
f 62/127/6 126/128/6 60/129/6
f 60/129/6 126/128/6 127/130/6
f 60/129/6 127/130/6 57/131/6
f 57/131/6 127/130/6 128/132/6
f 57/131/6 128/132/6 48/108/6
f 48/108/6 128/132/6 85/133/6
f 129/134/6 130/135/6 128/132/6
f 128/132/6 130/135/6 131/136/6
f 132/137/6 83/109/6 133/138/6
f 133/138/6 83/109/6 85/133/6
f 133/138/6 85/133/6 134/139/6
f 131/136/6 135/140/6 128/132/6
f 128/132/6 135/140/6 136/141/6
f 128/132/6 136/141/6 85/133/6
f 85/133/6 136/141/6 137/142/6
f 85/133/6 137/142/6 134/139/6
f 132/137/6 138/143/6 83/109/6
f 83/109/6 138/143/6 139/144/6
f 83/109/6 139/144/6 115/145/6
f 115/145/6 139/144/6 140/146/6
f 115/145/6 140/146/6 129/134/6
f 141/147/6 142/148/6 128/132/6
f 143/149/6 144/150/6 127/130/6
f 127/130/6 144/150/6 145/151/6
f 129/134/6 128/132/6 115/145/6
f 115/145/6 128/132/6 142/148/6
f 115/145/6 142/148/6 146/152/6
f 145/151/6 147/153/6 127/130/6
f 127/130/6 147/153/6 148/154/6
f 127/130/6 148/154/6 128/132/6
f 128/132/6 148/154/6 149/155/6
f 128/132/6 149/155/6 141/147/6
f 146/152/6 150/156/6 115/145/6
f 115/145/6 150/156/6 151/157/6
f 115/145/6 151/157/6 112/158/6
f 112/158/6 151/157/6 152/159/6
f 112/158/6 152/159/6 143/149/6
f 153/160/6 154/161/6 127/130/6
f 155/162/6 156/163/6 126/128/6
f 126/128/6 156/163/6 157/164/6
f 143/149/6 127/130/6 112/158/6
f 112/158/6 127/130/6 154/161/6
f 112/158/6 154/161/6 158/165/6
f 157/164/6 159/166/6 126/128/6
f 126/128/6 159/166/6 160/167/6
f 126/128/6 160/167/6 127/130/6
f 127/130/6 160/167/6 161/168/6
f 127/130/6 161/168/6 153/160/6
f 158/165/6 162/169/6 112/158/6
f 112/158/6 162/169/6 163/170/6
f 112/158/6 163/170/6 109/171/6
f 109/171/6 163/170/6 164/172/6
f 109/171/6 164/172/6 155/162/6
f 165/173/6 166/174/6 125/126/6
f 125/126/6 166/174/6 167/175/6
f 126/128/6 168/176/6 169/177/6
f 155/162/6 126/128/6 109/171/6
f 109/171/6 126/128/6 169/177/6
f 109/171/6 169/177/6 170/178/6
f 167/175/6 171/179/6 125/126/6
f 125/126/6 171/179/6 172/180/6
f 125/126/6 172/180/6 126/128/6
f 126/128/6 172/180/6 173/181/6
f 126/128/6 173/181/6 168/176/6
f 170/178/6 174/182/6 109/171/6
f 109/171/6 174/182/6 175/183/6
f 109/171/6 175/183/6 106/184/6
f 106/184/6 175/183/6 176/185/6
f 106/184/6 176/185/6 165/173/6
f 177/186/6 178/187/6 124/124/6
f 124/124/6 178/187/6 179/188/6
f 125/126/6 180/189/6 181/190/6
f 165/173/6 125/126/6 106/184/6
f 106/184/6 125/126/6 181/190/6
f 106/184/6 181/190/6 182/191/6
f 179/188/6 183/192/6 124/124/6
f 124/124/6 183/192/6 184/193/6
f 124/124/6 184/193/6 125/126/6
f 125/126/6 184/193/6 185/194/6
f 125/126/6 185/194/6 180/189/6
f 182/191/6 186/195/6 106/184/6
f 106/184/6 186/195/6 187/196/6
f 106/184/6 187/196/6 103/197/6
f 103/197/6 187/196/6 188/198/6
f 103/197/6 188/198/6 177/186/6
f 189/199/6 190/200/6 123/122/6
f 123/122/6 190/200/6 191/201/6
f 124/124/6 192/202/6 193/203/6
f 177/186/6 124/124/6 103/197/6
f 103/197/6 124/124/6 193/203/6
f 103/197/6 193/203/6 194/204/6
f 191/201/6 195/205/6 123/122/6
f 123/122/6 195/205/6 196/206/6
f 123/122/6 196/206/6 124/124/6
f 124/124/6 196/206/6 197/207/6
f 124/124/6 197/207/6 192/202/6
f 194/204/6 198/208/6 103/197/6
f 103/197/6 198/208/6 199/209/6
f 103/197/6 199/209/6 99/210/6
f 99/210/6 199/209/6 200/211/6
f 99/210/6 200/211/6 189/199/6
f 123/122/6 201/212/6 202/213/6
f 203/214/6 204/215/6 122/120/6
f 122/120/6 204/215/6 205/216/6
f 189/199/6 123/122/6 99/210/6
f 99/210/6 123/122/6 202/213/6
f 99/210/6 202/213/6 206/217/6
f 207/218/6 208/219/6 122/120/6
f 122/120/6 208/219/6 209/220/6
f 122/120/6 209/220/6 123/122/6
f 123/122/6 209/220/6 210/221/6
f 123/122/6 210/221/6 201/212/6
f 205/216/6 211/222/6 122/120/6
f 122/120/6 211/222/6 212/223/6
f 122/120/6 212/223/6 207/218/6
f 206/217/6 213/224/6 99/210/6
f 99/210/6 213/224/6 214/225/6
f 99/210/6 214/225/6 95/226/6
f 95/226/6 214/225/6 215/227/6
f 95/226/6 215/227/6 216/228/6
f 212/223/6 217/229/6 207/218/6
f 207/218/6 217/229/6 218/230/6
f 207/218/6 218/230/6 219/231/6
f 219/231/6 218/230/6 220/232/6
f 219/231/6 220/232/6 216/228/6
f 216/228/6 220/232/6 221/233/6
f 221/233/6 222/234/6 216/228/6
f 216/228/6 222/234/6 223/235/6
f 216/228/6 223/235/6 95/226/6
f 95/226/6 223/235/6 224/236/6
f 95/226/6 224/236/6 203/214/6
f 225/237/6 226/238/6 122/120/6
f 203/214/6 122/120/6 95/226/6
f 95/226/6 122/120/6 226/238/6
f 95/226/6 226/238/6 227/239/6
f 228/240/6 229/241/6 121/118/6
f 121/118/6 229/241/6 230/242/6
f 121/118/6 230/242/6 122/120/6
f 122/120/6 230/242/6 231/243/6
f 122/120/6 231/243/6 225/237/6
f 227/239/6 232/244/6 95/226/6
f 95/226/6 232/244/6 233/245/6
f 95/226/6 233/245/6 88/246/6
f 233/245/6 234/247/6 88/246/6
f 88/246/6 234/247/6 235/248/6
f 88/246/6 235/248/6 121/118/6
f 121/118/6 235/248/6 236/249/6
f 121/118/6 236/249/6 228/240/6
f 237/250/6 238/251/6 88/246/6
f 88/246/6 238/251/6 89/252/6
f 239/253/6 121/118/6 240/254/6
f 240/254/6 121/118/6 120/116/6
f 240/254/6 120/116/6 241/255/6
f 241/255/6 120/116/6 242/256/6
f 239/253/6 243/257/6 121/118/6
f 121/118/6 243/257/6 244/258/6
f 121/118/6 244/258/6 88/246/6
f 88/246/6 244/258/6 245/259/6
f 88/246/6 245/259/6 237/250/6
f 238/251/6 246/260/6 89/252/6
f 89/252/6 246/260/6 247/261/6
f 89/252/6 247/261/6 120/116/6
f 120/116/6 247/261/6 248/262/6
f 120/116/6 248/262/6 242/256/6
f 249/263/6 250/264/6 119/114/6
f 119/114/6 250/264/6 251/265/6
f 252/266/6 86/267/6 253/268/6
f 253/268/6 86/267/6 89/252/6
f 253/268/6 89/252/6 254/269/6
f 255/270/6 120/116/6 256/271/6
f 256/271/6 120/116/6 119/114/6
f 256/271/6 119/114/6 257/272/6
f 257/272/6 119/114/6 251/265/6
f 255/270/6 258/273/6 120/116/6
f 120/116/6 258/273/6 259/274/6
f 120/116/6 259/274/6 89/252/6
f 89/252/6 259/274/6 260/275/6
f 89/252/6 260/275/6 254/269/6
f 46/112/6 47/41/6 119/114/6
f 119/114/6 47/41/6 86/267/6
f 119/114/6 86/267/6 249/263/6
f 249/263/6 86/267/6 252/266/6
f 261/269/1 91/1/1 262/268/1
f 262/268/1 91/1/1 87/43/1
f 262/268/1 87/43/1 263/266/1
f 261/269/1 264/275/1 91/1/1
f 91/1/1 264/275/1 265/274/1
f 91/1/1 265/274/1 53/2/1
f 265/274/1 266/273/1 53/2/1
f 53/2/1 266/273/1 267/270/1
f 53/2/1 267/270/1 51/44/1
f 51/44/1 267/270/1 268/271/1
f 51/44/1 268/271/1 269/272/1
f 269/272/1 270/265/1 51/44/1
f 51/44/1 270/265/1 271/264/1
f 51/44/1 271/264/1 87/43/1
f 87/43/1 271/264/1 272/263/1
f 87/43/1 272/263/1 263/266/1
f 43/48/4 44/46/4 87/276/4
f 87/276/4 44/46/4 51/277/4
f 91/276/2 53/277/2 1/48/2
f 1/48/2 53/277/2 2/46/2
f 259/278/7 265/279/7 260/280/7
f 260/280/8 265/279/8 264/281/8
f 260/282/9 264/283/9 254/284/9
f 254/284/9 264/283/9 261/285/9
f 254/284/10 261/285/10 253/286/10
f 253/286/10 261/285/10 262/287/10
f 253/286/11 262/287/11 252/288/11
f 252/288/11 262/287/11 263/289/11
f 252/288/12 263/289/12 249/290/12
f 249/290/12 263/289/12 272/291/12
f 249/280/13 272/281/13 250/278/13
f 250/278/14 272/281/14 271/279/14
f 250/278/15 271/279/15 251/292/15
f 251/292/16 271/279/16 270/293/16
f 251/290/17 270/291/17 257/288/17
f 257/288/17 270/291/17 269/289/17
f 257/288/18 269/289/18 256/286/18
f 256/286/18 269/289/18 268/287/18
f 256/286/19 268/287/19 255/284/19
f 255/284/19 268/287/19 267/285/19
f 255/284/20 267/285/20 258/282/20
f 258/282/20 267/285/20 266/283/20
f 258/292/21 266/293/21 259/278/21
f 259/278/22 266/293/22 265/279/22
f 273/139/1 55/110/1 274/138/1
f 274/138/1 55/110/1 118/111/1
f 274/138/1 118/111/1 275/137/1
f 276/140/1 56/37/1 277/141/1
f 277/141/1 56/37/1 55/110/1
f 277/141/1 55/110/1 278/142/1
f 278/142/1 55/110/1 273/139/1
f 279/134/1 116/38/1 280/135/1
f 280/135/1 116/38/1 56/37/1
f 280/135/1 56/37/1 281/136/1
f 281/136/1 56/37/1 276/140/1
f 279/134/1 282/146/1 116/38/1
f 116/38/1 282/146/1 283/144/1
f 116/38/1 283/144/1 118/111/1
f 118/111/1 283/144/1 284/143/1
f 118/111/1 284/143/1 275/137/1
f 38/48/4 37/46/4 116/276/4
f 116/276/4 37/46/4 56/277/4
f 118/276/2 55/277/2 117/48/2
f 117/48/2 55/277/2 50/46/2
f 285/147/1 58/39/1 286/148/1
f 286/148/1 58/39/1 114/40/1
f 286/148/1 114/40/1 287/152/1
f 288/153/1 59/33/1 289/154/1
f 289/154/1 59/33/1 58/39/1
f 289/154/1 58/39/1 290/155/1
f 290/155/1 58/39/1 285/147/1
f 291/149/1 113/34/1 292/150/1
f 292/150/1 113/34/1 59/33/1
f 292/150/1 59/33/1 293/151/1
f 293/151/1 59/33/1 288/153/1
f 291/149/1 294/159/1 113/34/1
f 113/34/1 294/159/1 295/157/1
f 113/34/1 295/157/1 114/40/1
f 114/40/1 295/157/1 296/156/1
f 114/40/1 296/156/1 287/152/1
f 34/48/4 33/46/4 113/276/4
f 113/276/4 33/46/4 59/277/4
f 114/276/2 58/277/2 40/48/2
f 40/48/2 58/277/2 39/46/2
f 297/160/1 61/35/1 298/161/1
f 298/161/1 61/35/1 111/36/1
f 298/161/1 111/36/1 299/165/1
f 299/165/1 111/36/1 300/169/1
f 301/166/1 63/29/1 302/167/1
f 302/167/1 63/29/1 61/35/1
f 302/167/1 61/35/1 303/168/1
f 303/168/1 61/35/1 297/160/1
f 301/166/1 304/164/1 63/29/1
f 63/29/1 304/164/1 305/163/1
f 63/29/1 305/163/1 110/30/1
f 305/163/1 306/162/1 110/30/1
f 110/30/1 306/162/1 307/172/1
f 110/30/1 307/172/1 111/36/1
f 111/36/1 307/172/1 308/170/1
f 111/36/1 308/170/1 300/169/1
f 30/48/4 29/46/4 110/276/4
f 110/276/4 29/46/4 63/277/4
f 111/276/2 61/277/2 36/48/2
f 36/48/2 61/277/2 35/46/2
f 309/176/1 66/31/1 310/177/1
f 310/177/1 66/31/1 108/32/1
f 310/177/1 108/32/1 311/178/1
f 311/178/1 108/32/1 312/182/1
f 107/26/1 64/25/1 313/174/1
f 313/174/1 64/25/1 314/175/1
f 313/174/1 315/173/1 107/26/1
f 107/26/1 315/173/1 316/185/1
f 107/26/1 316/185/1 108/32/1
f 108/32/1 316/185/1 317/183/1
f 108/32/1 317/183/1 312/182/1
f 309/176/1 318/181/1 66/31/1
f 66/31/1 318/181/1 319/180/1
f 66/31/1 319/180/1 64/25/1
f 64/25/1 319/180/1 320/179/1
f 64/25/1 320/179/1 314/175/1
f 26/48/4 25/46/4 107/276/4
f 107/276/4 25/46/4 64/277/4
f 108/276/2 66/277/2 32/48/2
f 32/48/2 66/277/2 31/46/2
f 321/189/1 67/27/1 322/190/1
f 322/190/1 67/27/1 105/28/1
f 322/190/1 105/28/1 323/191/1
f 323/191/1 105/28/1 324/195/1
f 104/22/1 69/21/1 325/187/1
f 325/187/1 69/21/1 326/188/1
f 325/187/1 327/186/1 104/22/1
f 104/22/1 327/186/1 328/198/1
f 104/22/1 328/198/1 105/28/1
f 105/28/1 328/198/1 329/196/1
f 105/28/1 329/196/1 324/195/1
f 321/189/1 330/194/1 67/27/1
f 67/27/1 330/194/1 331/193/1
f 67/27/1 331/193/1 69/21/1
f 69/21/1 331/193/1 332/192/1
f 69/21/1 332/192/1 326/188/1
f 22/48/4 21/46/4 104/276/4
f 104/276/4 21/46/4 69/277/4
f 105/276/2 67/277/2 28/48/2
f 28/48/2 67/277/2 27/46/2
f 333/202/1 70/23/1 334/203/1
f 334/203/1 70/23/1 102/24/1
f 334/203/1 102/24/1 335/204/1
f 335/204/1 102/24/1 336/208/1
f 101/18/1 72/17/1 337/200/1
f 337/200/1 72/17/1 338/201/1
f 337/200/1 339/199/1 101/18/1
f 101/18/1 339/199/1 340/211/1
f 101/18/1 340/211/1 102/24/1
f 102/24/1 340/211/1 341/209/1
f 102/24/1 341/209/1 336/208/1
f 333/202/1 342/207/1 70/23/1
f 70/23/1 342/207/1 343/206/1
f 70/23/1 343/206/1 72/17/1
f 72/17/1 343/206/1 344/205/1
f 72/17/1 344/205/1 338/201/1
f 18/48/4 17/46/4 101/276/4
f 101/276/4 17/46/4 72/277/4
f 102/276/2 70/277/2 24/48/2
f 24/48/2 70/277/2 23/46/2
f 345/212/1 73/19/1 346/213/1
f 346/213/1 73/19/1 100/20/1
f 346/213/1 100/20/1 347/217/1
f 347/217/1 100/20/1 348/224/1
f 97/14/1 74/13/1 349/231/1
f 349/231/1 74/13/1 350/218/1
f 349/231/1 351/228/1 97/14/1
f 97/14/1 351/228/1 352/227/1
f 97/14/1 352/227/1 100/20/1
f 100/20/1 352/227/1 353/225/1
f 100/20/1 353/225/1 348/224/1
f 345/212/1 354/221/1 73/19/1
f 73/19/1 354/221/1 355/220/1
f 73/19/1 355/220/1 74/13/1
f 74/13/1 355/220/1 356/219/1
f 74/13/1 356/219/1 350/218/1
f 14/48/4 13/46/4 97/276/4
f 97/276/4 13/46/4 74/277/4
f 100/276/2 73/277/2 20/48/2
f 20/48/2 73/277/2 19/46/2
f 357/233/1 358/232/1 96/16/1
f 359/222/1 360/216/1 77/9/1
f 77/9/1 360/216/1 361/215/1
f 77/9/1 361/215/1 98/10/1
f 98/10/1 361/215/1 362/214/1
f 96/16/1 358/232/1 76/15/1
f 358/232/1 363/230/1 76/15/1
f 76/15/1 363/230/1 364/229/1
f 76/15/1 364/229/1 77/9/1
f 77/9/1 364/229/1 365/223/1
f 77/9/1 365/223/1 359/222/1
f 362/214/1 366/236/1 98/10/1
f 98/10/1 366/236/1 367/235/1
f 98/10/1 367/235/1 96/16/1
f 96/16/1 367/235/1 368/234/1
f 96/16/1 368/234/1 357/233/1
f 10/48/4 9/46/4 98/276/4
f 98/276/4 9/46/4 77/277/4
f 96/276/2 76/277/2 16/48/2
f 16/48/2 76/277/2 15/46/2
f 369/239/1 370/238/1 94/12/1
f 371/241/1 372/240/1 80/5/1
f 80/5/1 372/240/1 373/249/1
f 80/5/1 373/249/1 93/6/1
f 93/6/1 373/249/1 374/248/1
f 94/12/1 370/238/1 78/11/1
f 370/238/1 375/237/1 78/11/1
f 78/11/1 375/237/1 376/243/1
f 78/11/1 376/243/1 80/5/1
f 80/5/1 376/243/1 377/242/1
f 80/5/1 377/242/1 371/241/1
f 374/248/1 378/247/1 93/6/1
f 93/6/1 378/247/1 379/245/1
f 93/6/1 379/245/1 94/12/1
f 94/12/1 379/245/1 380/244/1
f 94/12/1 380/244/1 369/239/1
f 6/48/4 5/46/4 93/276/4
f 93/276/4 5/46/4 80/277/4
f 94/276/2 78/277/2 12/48/2
f 12/48/2 78/277/2 11/46/2
f 381/259/1 382/258/1 92/8/1
f 92/8/1 382/258/1 81/7/1
f 383/255/1 384/256/1 82/4/1
f 82/4/1 384/256/1 385/262/1
f 82/4/1 385/262/1 90/3/1
f 90/3/1 385/262/1 386/261/1
f 386/261/1 387/260/1 90/3/1
f 90/3/1 387/260/1 388/251/1
f 90/3/1 388/251/1 92/8/1
f 92/8/1 388/251/1 389/250/1
f 92/8/1 389/250/1 381/259/1
f 382/258/1 390/257/1 81/7/1
f 81/7/1 390/257/1 391/253/1
f 81/7/1 391/253/1 82/4/1
f 82/4/1 391/253/1 392/254/1
f 82/4/1 392/254/1 383/255/1
f 3/48/4 4/46/4 90/276/4
f 90/276/4 4/46/4 82/277/4
f 92/276/2 81/277/2 8/48/2
f 8/48/2 81/277/2 7/46/2
f 244/278/23 382/279/23 245/280/23
f 245/280/7 382/279/7 381/281/7
f 245/294/9 381/295/9 237/296/9
f 237/296/9 381/295/9 389/297/9
f 237/296/10 389/297/10 238/298/10
f 238/298/10 389/297/10 388/299/10
f 238/298/11 388/299/11 246/300/11
f 246/300/11 388/299/11 387/301/11
f 246/300/12 387/301/12 247/302/12
f 247/302/12 387/301/12 386/303/12
f 247/280/13 386/281/13 248/278/13
f 248/278/24 386/281/24 385/279/24
f 248/278/25 385/279/25 242/292/25
f 242/292/16 385/279/16 384/293/16
f 242/302/17 384/303/17 241/300/17
f 241/300/17 384/303/17 383/301/17
f 241/300/18 383/301/18 240/298/18
f 240/298/18 383/301/18 392/299/18
f 240/298/19 392/299/19 239/296/19
f 239/296/19 392/299/19 391/297/19
f 239/296/20 391/297/20 243/294/20
f 243/294/20 391/297/20 390/295/20
f 243/292/22 390/293/22 244/278/22
f 244/278/26 390/293/26 382/279/26
f 226/278/8 370/279/8 227/280/8
f 227/280/7 370/279/7 369/281/7
f 227/304/9 369/305/9 232/306/9
f 232/306/9 369/305/9 380/307/9
f 232/306/10 380/307/10 233/308/10
f 233/308/10 380/307/10 379/309/10
f 233/308/11 379/309/11 234/310/11
f 234/310/11 379/309/11 378/311/11
f 234/310/12 378/311/12 235/312/12
f 235/312/12 378/311/12 374/313/12
f 235/280/14 374/281/14 236/278/14
f 236/278/13 374/281/13 373/279/13
f 236/278/16 373/279/16 228/292/16
f 228/292/15 373/279/15 372/293/15
f 228/312/17 372/313/17 229/310/17
f 229/310/17 372/313/17 371/311/17
f 229/310/18 371/311/18 230/308/18
f 230/308/18 371/311/18 377/309/18
f 230/308/19 377/309/19 231/306/19
f 231/306/19 377/309/19 376/307/19
f 231/306/20 376/307/20 225/304/20
f 225/304/20 376/307/20 375/305/20
f 225/292/22 375/293/22 226/278/22
f 226/278/21 375/293/21 370/279/21
f 220/278/23 358/279/23 221/280/23
f 221/280/7 358/279/7 357/281/7
f 221/314/27 357/315/27 222/316/27
f 222/316/9 357/315/9 368/317/9
f 222/316/10 368/317/10 223/318/10
f 223/318/10 368/317/10 367/319/10
f 223/318/11 367/319/11 224/320/11
f 224/320/11 367/319/11 366/321/11
f 224/320/28 366/321/28 203/322/28
f 203/322/12 366/321/12 362/323/12
f 203/280/24 362/281/24 204/278/24
f 204/278/13 362/281/13 361/279/13
f 204/278/16 361/279/16 205/292/16
f 205/292/25 361/279/25 360/293/25
f 205/322/17 360/323/17 211/320/17
f 211/320/29 360/323/29 359/321/29
f 211/320/18 359/321/18 212/318/18
f 212/318/18 359/321/18 365/319/18
f 212/318/19 365/319/19 217/316/19
f 217/316/19 365/319/19 364/317/19
f 217/316/20 364/317/20 218/314/20
f 218/314/30 364/317/30 363/315/30
f 218/292/22 363/293/22 220/278/22
f 220/278/26 363/293/26 358/279/26
f 202/278/23 346/279/23 206/280/23
f 206/280/8 346/279/8 347/281/8
f 206/324/31 347/325/31 213/326/31
f 213/326/9 347/325/9 348/327/9
f 213/326/10 348/327/10 214/328/10
f 214/328/10 348/327/10 353/329/10
f 214/328/11 353/329/11 215/330/11
f 215/330/11 353/329/11 352/331/11
f 215/330/28 352/331/28 216/332/28
f 216/332/32 352/331/32 351/333/32
f 216/280/24 351/281/24 219/278/24
f 219/278/24 351/281/24 349/279/24
f 219/278/25 349/279/25 207/292/25
f 207/292/25 349/279/25 350/293/25
f 207/332/33 350/333/33 208/330/33
f 208/330/29 350/333/29 356/331/29
f 208/330/18 356/331/18 209/328/18
f 209/328/18 356/331/18 355/329/18
f 209/328/19 355/329/19 210/326/19
f 210/326/19 355/329/19 354/327/19
f 210/326/20 354/327/20 201/324/20
f 201/324/34 354/327/34 345/325/34
f 201/292/21 345/293/21 202/278/21
f 202/278/26 345/293/26 346/279/26
f 193/278/23 334/279/23 194/280/23
f 194/280/23 334/279/23 335/281/23
f 194/334/31 335/335/31 198/336/31
f 198/336/27 335/335/27 336/337/27
f 198/336/10 336/337/10 199/338/10
f 199/338/10 336/337/10 341/339/10
f 199/338/11 341/339/11 200/340/11
f 200/340/11 341/339/11 340/341/11
f 200/340/12 340/341/12 189/342/12
f 189/342/28 340/341/28 339/343/28
f 189/280/24 339/281/24 190/278/24
f 190/278/14 339/281/14 337/279/14
f 190/278/15 337/279/15 191/292/15
f 191/292/25 337/279/25 338/293/25
f 191/342/29 338/343/29 195/340/29
f 195/340/17 338/343/17 344/341/17
f 195/340/18 344/341/18 196/338/18
f 196/338/18 344/341/18 343/339/18
f 196/338/19 343/339/19 197/336/19
f 197/336/19 343/339/19 342/337/19
f 197/336/30 342/337/30 192/334/30
f 192/334/34 342/337/34 333/335/34
f 192/292/26 333/293/26 193/278/26
f 193/278/26 333/293/26 334/279/26
f 181/278/23 322/279/23 182/280/23
f 182/280/23 322/279/23 323/281/23
f 182/344/9 323/345/9 186/346/9
f 186/346/31 323/345/31 324/347/31
f 186/346/10 324/347/10 187/348/10
f 187/348/10 324/347/10 329/349/10
f 187/348/11 329/349/11 188/350/11
f 188/350/11 329/349/11 328/351/11
f 188/350/32 328/351/32 177/352/32
f 177/352/28 328/351/28 327/353/28
f 177/280/24 327/281/24 178/278/24
f 178/278/24 327/281/24 325/279/24
f 178/278/25 325/279/25 179/292/25
f 179/292/25 325/279/25 326/293/25
f 179/352/29 326/353/29 183/350/29
f 183/350/33 326/353/33 332/351/33
f 183/350/18 332/351/18 184/348/18
f 184/348/18 332/351/18 331/349/18
f 184/348/19 331/349/19 185/346/19
f 185/346/19 331/349/19 330/347/19
f 185/346/34 330/347/34 180/344/34
f 180/344/20 330/347/20 321/345/20
f 180/292/26 321/293/26 181/278/26
f 181/278/26 321/293/26 322/279/26
f 169/278/23 310/279/23 170/280/23
f 170/280/23 310/279/23 311/281/23
f 170/354/9 311/355/9 174/356/9
f 174/356/31 311/355/31 312/357/31
f 174/356/10 312/357/10 175/358/10
f 175/358/10 312/357/10 317/359/10
f 175/358/11 317/359/11 176/360/11
f 176/360/11 317/359/11 316/361/11
f 176/360/12 316/361/12 165/362/12
f 165/362/28 316/361/28 315/363/28
f 165/280/14 315/281/14 166/278/14
f 166/278/24 315/281/24 313/279/24
f 166/278/25 313/279/25 167/292/25
f 167/292/15 313/279/15 314/293/15
f 167/362/29 314/363/29 171/360/29
f 171/360/17 314/363/17 320/361/17
f 171/360/18 320/361/18 172/358/18
f 172/358/18 320/361/18 319/359/18
f 172/358/19 319/359/19 173/356/19
f 173/356/19 319/359/19 318/357/19
f 173/356/34 318/357/34 168/354/34
f 168/354/20 318/357/20 309/355/20
f 168/292/26 309/293/26 169/278/26
f 169/278/26 309/293/26 310/279/26
f 154/278/7 298/279/7 158/280/7
f 158/280/8 298/279/8 299/281/8
f 158/364/9 299/365/9 162/366/9
f 162/366/31 299/365/31 300/367/31
f 162/366/10 300/367/10 163/368/10
f 163/368/10 300/367/10 308/369/10
f 163/368/11 308/369/11 164/370/11
f 164/370/11 308/369/11 307/371/11
f 164/370/12 307/371/12 155/372/12
f 155/372/32 307/371/32 306/373/32
f 155/280/13 306/281/13 156/278/13
f 156/278/24 306/281/24 305/279/24
f 156/278/25 305/279/25 157/292/25
f 157/292/16 305/279/16 304/293/16
f 157/372/33 304/373/33 159/370/33
f 159/370/17 304/373/17 301/371/17
f 159/370/18 301/371/18 160/368/18
f 160/368/18 301/371/18 302/369/18
f 160/368/19 302/369/19 161/366/19
f 161/366/19 302/369/19 303/367/19
f 161/366/34 303/367/34 153/364/34
f 153/364/20 303/367/20 297/365/20
f 153/292/21 297/293/21 154/278/21
f 154/278/22 297/293/22 298/279/22
f 142/278/7 286/279/7 146/280/7
f 146/280/23 286/279/23 287/281/23
f 146/374/9 287/375/9 150/376/9
f 150/376/27 287/375/27 296/377/27
f 150/376/10 296/377/10 151/378/10
f 151/378/10 296/377/10 295/379/10
f 151/378/11 295/379/11 152/380/11
f 152/380/11 295/379/11 294/381/11
f 152/380/12 294/381/12 143/382/12
f 143/382/12 294/381/12 291/383/12
f 143/280/13 291/281/13 144/278/13
f 144/278/14 291/281/14 292/279/14
f 144/278/15 292/279/15 145/292/15
f 145/292/16 292/279/16 293/293/16
f 145/382/17 293/383/17 147/380/17
f 147/380/17 293/383/17 288/381/17
f 147/380/18 288/381/18 148/378/18
f 148/378/18 288/381/18 289/379/18
f 148/378/19 289/379/19 149/376/19
f 149/376/19 289/379/19 290/377/19
f 149/376/30 290/377/30 141/374/30
f 141/374/20 290/377/20 285/375/20
f 141/292/26 285/293/26 142/278/26
f 142/278/22 285/293/22 286/279/22
f 133/278/8 274/279/8 132/280/8
f 132/280/7 274/279/7 275/281/7
f 132/384/9 275/385/9 138/386/9
f 138/386/9 275/385/9 284/387/9
f 138/386/10 284/387/10 139/388/10
f 139/388/10 284/387/10 283/389/10
f 139/388/11 283/389/11 140/390/11
f 140/390/11 283/389/11 282/391/11
f 140/390/32 282/391/32 129/392/32
f 129/392/12 282/391/12 279/393/12
f 129/280/24 279/281/24 130/278/24
f 130/278/13 279/281/13 280/279/13
f 130/278/16 280/279/16 131/292/16
f 131/292/25 280/279/25 281/293/25
f 131/392/17 281/393/17 135/390/17
f 135/390/33 281/393/33 276/391/33
f 135/390/18 276/391/18 136/388/18
f 136/388/18 276/391/18 277/389/18
f 136/388/19 277/389/19 137/386/19
f 137/386/19 277/389/19 278/387/19
f 137/386/20 278/387/20 134/384/20
f 134/384/20 278/387/20 273/385/20
f 134/292/22 273/293/22 133/278/22
f 133/278/21 273/293/21 274/279/21
f 393/394/1 394/395/1 395/396/1
f 395/396/1 394/395/1 396/397/1
f 397/398/1 398/399/1 399/400/1
f 399/400/1 398/399/1 400/401/1
f 401/402/1 402/403/1 403/404/1
f 403/404/1 402/403/1 404/405/1
f 405/406/1 406/407/1 407/408/1
f 407/408/1 406/407/1 408/409/1
f 409/410/1 410/411/1 411/412/1
f 411/412/1 410/411/1 412/413/1
f 413/414/1 414/415/1 415/416/1
f 415/416/1 414/415/1 416/417/1
f 417/418/1 418/419/1 419/420/1
f 419/420/1 418/419/1 420/421/1
f 421/422/1 422/423/1 423/424/1
f 423/424/1 422/423/1 424/425/1
f 425/426/1 426/427/1 427/428/1
f 427/428/1 426/427/1 428/429/1
f 429/430/1 430/431/1 431/432/1
f 431/432/1 430/431/1 432/433/1
f 433/434/1 434/435/1 435/436/1
f 435/436/1 434/435/1 436/437/1
f 437/45/2 434/46/2 438/47/2
f 438/47/2 434/46/2 433/48/2
f 438/47/2 433/48/2 439/49/2
f 440/438/3 441/439/3 442/440/3
f 443/441/3 444/442/3 445/443/3
f 445/443/3 444/442/3 446/444/3
f 445/443/3 446/444/3 394/445/3
f 394/445/3 446/444/3 396/446/3
f 443/441/3 436/447/3 444/442/3
f 444/442/3 436/447/3 434/448/3
f 444/442/3 434/448/3 437/449/3
f 442/440/3 447/450/3 440/438/3
f 440/438/3 447/450/3 448/451/3
f 440/438/3 448/451/3 449/452/3
f 449/452/3 448/451/3 429/453/3
f 449/452/3 429/453/3 431/454/3
f 431/454/3 450/455/3 449/452/3
f 449/452/3 450/455/3 451/456/3
f 449/452/3 451/456/3 452/457/3
f 425/458/3 427/459/3 453/460/3
f 451/456/3 425/458/3 452/457/3
f 452/457/3 425/458/3 453/460/3
f 452/457/3 453/460/3 454/461/3
f 454/461/3 453/460/3 455/462/3
f 454/461/3 455/462/3 421/463/3
f 456/464/3 457/465/3 458/466/3
f 458/466/3 457/465/3 454/461/3
f 458/466/3 454/461/3 423/467/3
f 423/467/3 454/461/3 421/463/3
f 417/468/3 419/469/3 459/470/3
f 456/464/3 417/468/3 457/465/3
f 457/465/3 417/468/3 459/470/3
f 457/465/3 459/470/3 460/471/3
f 460/471/3 459/470/3 461/472/3
f 460/471/3 461/472/3 413/473/3
f 413/473/3 415/474/3 460/471/3
f 460/471/3 415/474/3 462/475/3
f 460/471/3 462/475/3 463/476/3
f 463/476/3 462/475/3 464/477/3
f 463/476/3 464/477/3 409/478/3
f 409/478/3 411/479/3 465/480/3
f 409/478/3 465/480/3 463/476/3
f 463/476/3 465/480/3 466/481/3
f 463/476/3 466/481/3 467/482/3
f 405/483/3 407/484/3 466/481/3
f 466/481/3 407/484/3 468/485/3
f 466/481/3 468/485/3 467/482/3
f 467/482/3 468/485/3 469/486/3
f 467/482/3 469/486/3 401/487/3
f 401/487/3 403/488/3 467/482/3
f 467/482/3 403/488/3 470/489/3
f 467/482/3 470/489/3 471/490/3
f 471/490/3 470/489/3 472/491/3
f 471/490/3 472/491/3 397/492/3
f 397/492/3 399/493/3 471/490/3
f 471/490/3 399/493/3 473/494/3
f 471/490/3 473/494/3 446/444/3
f 446/444/3 473/494/3 474/495/3
f 446/444/3 474/495/3 396/446/3
f 475/49/4 476/48/4 477/47/4
f 477/47/4 476/48/4 441/46/4
f 477/47/4 441/46/4 440/45/4
f 478/442/5 439/449/5 433/448/5
f 433/448/5 435/447/5 479/441/5
f 480/490/5 481/444/5 482/495/5
f 482/495/5 481/444/5 395/446/5
f 433/448/5 479/441/5 478/442/5
f 478/442/5 479/441/5 483/443/5
f 478/442/5 483/443/5 481/444/5
f 481/444/5 483/443/5 393/445/5
f 481/444/5 393/445/5 395/446/5
f 482/495/5 484/494/5 480/490/5
f 480/490/5 484/494/5 400/493/5
f 480/490/5 400/493/5 398/492/5
f 398/492/5 485/491/5 480/490/5
f 480/490/5 485/491/5 486/489/5
f 480/490/5 486/489/5 487/482/5
f 487/482/5 486/489/5 404/488/5
f 487/482/5 404/488/5 402/487/5
f 408/484/5 406/483/5 488/485/5
f 488/485/5 406/483/5 489/481/5
f 402/487/5 490/486/5 487/482/5
f 487/482/5 490/486/5 488/485/5
f 487/482/5 488/485/5 491/476/5
f 491/476/5 488/485/5 489/481/5
f 489/481/5 492/480/5 491/476/5
f 491/476/5 492/480/5 412/479/5
f 491/476/5 412/479/5 410/478/5
f 410/478/5 493/477/5 491/476/5
f 491/476/5 493/477/5 494/475/5
f 491/476/5 494/475/5 495/471/5
f 495/471/5 494/475/5 416/474/5
f 495/471/5 416/474/5 414/473/5
f 414/473/5 496/472/5 495/471/5
f 495/471/5 496/472/5 497/470/5
f 495/471/5 497/470/5 498/465/5
f 498/465/5 497/470/5 420/469/5
f 498/465/5 420/469/5 418/468/5
f 418/468/5 499/464/5 498/465/5
f 498/465/5 499/464/5 500/466/5
f 498/465/5 500/466/5 501/461/5
f 501/461/5 500/466/5 424/467/5
f 501/461/5 424/467/5 422/463/5
f 422/463/5 502/462/5 501/461/5
f 501/461/5 502/462/5 503/460/5
f 501/461/5 503/460/5 504/457/5
f 428/459/5 426/458/5 505/456/5
f 506/455/5 507/452/5 505/456/5
f 505/456/5 507/452/5 504/457/5
f 505/456/5 504/457/5 428/459/5
f 428/459/5 504/457/5 503/460/5
f 432/454/5 430/453/5 508/451/5
f 509/440/5 476/439/5 510/450/5
f 510/450/5 476/439/5 475/438/5
f 510/450/5 475/438/5 508/451/5
f 508/451/5 475/438/5 507/452/5
f 508/451/5 507/452/5 432/454/5
f 432/454/5 507/452/5 506/455/5
f 441/496/1 476/497/1 442/498/1
f 442/498/1 476/497/1 509/499/1
f 437/435/6 438/500/6 444/501/6
f 444/501/6 438/500/6 511/502/6
f 444/501/6 511/502/6 446/503/6
f 446/503/6 511/502/6 512/504/6
f 446/503/6 512/504/6 471/505/6
f 471/505/6 512/504/6 513/506/6
f 471/505/6 513/506/6 467/507/6
f 467/507/6 513/506/6 514/508/6
f 467/507/6 514/508/6 463/509/6
f 463/509/6 514/508/6 515/510/6
f 463/509/6 515/510/6 460/511/6
f 460/511/6 515/510/6 516/512/6
f 460/511/6 516/512/6 457/513/6
f 457/513/6 516/512/6 517/514/6
f 457/513/6 517/514/6 454/515/6
f 454/515/6 517/514/6 518/516/6
f 454/515/6 518/516/6 452/517/6
f 452/517/6 518/516/6 519/518/6
f 452/517/6 519/518/6 449/519/6
f 449/519/6 519/518/6 520/520/6
f 449/519/6 520/520/6 440/496/6
f 440/496/6 520/520/6 477/521/6
f 521/522/6 522/523/6 520/520/6
f 520/520/6 522/523/6 523/524/6
f 524/525/6 475/497/6 525/526/6
f 525/526/6 475/497/6 477/521/6
f 525/526/6 477/521/6 526/527/6
f 523/524/6 527/528/6 520/520/6
f 520/520/6 527/528/6 528/529/6
f 520/520/6 528/529/6 477/521/6
f 477/521/6 528/529/6 529/530/6
f 477/521/6 529/530/6 526/527/6
f 524/525/6 530/531/6 475/497/6
f 475/497/6 530/531/6 531/532/6
f 475/497/6 531/532/6 507/533/6
f 507/533/6 531/532/6 532/534/6
f 507/533/6 532/534/6 521/522/6
f 533/535/6 534/536/6 520/520/6
f 535/537/6 536/538/6 519/518/6
f 519/518/6 536/538/6 537/539/6
f 521/522/6 520/520/6 507/533/6
f 507/533/6 520/520/6 534/536/6
f 507/533/6 534/536/6 538/540/6
f 537/539/6 539/541/6 519/518/6
f 519/518/6 539/541/6 540/542/6
f 519/518/6 540/542/6 520/520/6
f 520/520/6 540/542/6 541/543/6
f 520/520/6 541/543/6 533/535/6
f 538/540/6 542/544/6 507/533/6
f 507/533/6 542/544/6 543/545/6
f 507/533/6 543/545/6 504/546/6
f 504/546/6 543/545/6 544/547/6
f 504/546/6 544/547/6 535/537/6
f 545/548/6 546/549/6 519/518/6
f 547/550/6 548/551/6 518/516/6
f 518/516/6 548/551/6 549/552/6
f 535/537/6 519/518/6 504/546/6
f 504/546/6 519/518/6 546/549/6
f 504/546/6 546/549/6 550/553/6
f 549/552/6 551/554/6 518/516/6
f 518/516/6 551/554/6 552/555/6
f 518/516/6 552/555/6 519/518/6
f 519/518/6 552/555/6 553/556/6
f 519/518/6 553/556/6 545/548/6
f 550/553/6 554/557/6 504/546/6
f 504/546/6 554/557/6 555/558/6
f 504/546/6 555/558/6 501/559/6
f 501/559/6 555/558/6 556/560/6
f 501/559/6 556/560/6 547/550/6
f 557/561/6 558/562/6 517/514/6
f 517/514/6 558/562/6 559/563/6
f 518/516/6 560/564/6 561/565/6
f 547/550/6 518/516/6 501/559/6
f 501/559/6 518/516/6 561/565/6
f 501/559/6 561/565/6 562/566/6
f 559/563/6 563/567/6 517/514/6
f 517/514/6 563/567/6 564/568/6
f 517/514/6 564/568/6 518/516/6
f 518/516/6 564/568/6 565/569/6
f 518/516/6 565/569/6 560/564/6
f 562/566/6 566/570/6 501/559/6
f 501/559/6 566/570/6 567/571/6
f 501/559/6 567/571/6 498/572/6
f 498/572/6 567/571/6 568/573/6
f 498/572/6 568/573/6 557/561/6
f 569/574/6 570/575/6 516/512/6
f 516/512/6 570/575/6 571/576/6
f 517/514/6 572/577/6 573/578/6
f 557/561/6 517/514/6 498/572/6
f 498/572/6 517/514/6 573/578/6
f 498/572/6 573/578/6 574/579/6
f 571/576/6 575/580/6 516/512/6
f 516/512/6 575/580/6 576/581/6
f 516/512/6 576/581/6 517/514/6
f 517/514/6 576/581/6 577/582/6
f 517/514/6 577/582/6 572/577/6
f 574/579/6 578/583/6 498/572/6
f 498/572/6 578/583/6 579/584/6
f 498/572/6 579/584/6 495/585/6
f 495/585/6 579/584/6 580/586/6
f 495/585/6 580/586/6 569/574/6
f 581/587/6 582/588/6 515/510/6
f 515/510/6 582/588/6 583/589/6
f 516/512/6 584/590/6 585/591/6
f 569/574/6 516/512/6 495/585/6
f 495/585/6 516/512/6 585/591/6
f 495/585/6 585/591/6 586/592/6
f 583/589/6 587/593/6 515/510/6
f 515/510/6 587/593/6 588/594/6
f 515/510/6 588/594/6 516/512/6
f 516/512/6 588/594/6 589/595/6
f 516/512/6 589/595/6 584/590/6
f 586/592/6 590/596/6 495/585/6
f 495/585/6 590/596/6 591/597/6
f 495/585/6 591/597/6 491/598/6
f 491/598/6 591/597/6 592/599/6
f 491/598/6 592/599/6 581/587/6
f 515/510/6 593/600/6 594/601/6
f 595/602/6 596/603/6 514/508/6
f 514/508/6 596/603/6 597/604/6
f 581/587/6 515/510/6 491/598/6
f 491/598/6 515/510/6 594/601/6
f 491/598/6 594/601/6 598/605/6
f 599/606/6 600/607/6 514/508/6
f 514/508/6 600/607/6 601/608/6
f 514/508/6 601/608/6 515/510/6
f 515/510/6 601/608/6 602/609/6
f 515/510/6 602/609/6 593/600/6
f 597/604/6 603/610/6 514/508/6
f 514/508/6 603/610/6 604/611/6
f 514/508/6 604/611/6 599/606/6
f 598/605/6 605/612/6 491/598/6
f 491/598/6 605/612/6 606/613/6
f 491/598/6 606/613/6 487/614/6
f 487/614/6 606/613/6 607/615/6
f 487/614/6 607/615/6 608/616/6
f 604/611/6 609/617/6 599/606/6
f 599/606/6 609/617/6 610/618/6
f 599/606/6 610/618/6 611/619/6
f 611/619/6 610/618/6 612/620/6
f 611/619/6 612/620/6 608/616/6
f 608/616/6 612/620/6 613/621/6
f 613/621/6 614/622/6 608/616/6
f 608/616/6 614/622/6 615/623/6
f 608/616/6 615/623/6 487/614/6
f 487/614/6 615/623/6 616/624/6
f 487/614/6 616/624/6 595/602/6
f 617/625/6 618/626/6 514/508/6
f 595/602/6 514/508/6 487/614/6
f 487/614/6 514/508/6 618/626/6
f 487/614/6 618/626/6 619/627/6
f 620/628/6 621/629/6 513/506/6
f 513/506/6 621/629/6 622/630/6
f 513/506/6 622/630/6 514/508/6
f 514/508/6 622/630/6 623/631/6
f 514/508/6 623/631/6 617/625/6
f 619/627/6 624/632/6 487/614/6
f 487/614/6 624/632/6 625/633/6
f 487/614/6 625/633/6 480/634/6
f 625/633/6 626/635/6 480/634/6
f 480/634/6 626/635/6 627/636/6
f 480/634/6 627/636/6 513/506/6
f 513/506/6 627/636/6 628/637/6
f 513/506/6 628/637/6 620/628/6
f 629/638/6 630/639/6 480/634/6
f 480/634/6 630/639/6 481/640/6
f 631/641/6 513/506/6 632/642/6
f 632/642/6 513/506/6 512/504/6
f 632/642/6 512/504/6 633/643/6
f 633/643/6 512/504/6 634/644/6
f 631/641/6 635/645/6 513/506/6
f 513/506/6 635/645/6 636/646/6
f 513/506/6 636/646/6 480/634/6
f 480/634/6 636/646/6 637/647/6
f 480/634/6 637/647/6 629/638/6
f 630/639/6 638/648/6 481/640/6
f 481/640/6 638/648/6 639/649/6
f 481/640/6 639/649/6 512/504/6
f 512/504/6 639/649/6 640/650/6
f 512/504/6 640/650/6 634/644/6
f 641/651/6 642/652/6 511/502/6
f 511/502/6 642/652/6 643/653/6
f 644/654/6 478/655/6 645/656/6
f 645/656/6 478/655/6 481/640/6
f 645/656/6 481/640/6 646/657/6
f 647/658/6 512/504/6 648/659/6
f 648/659/6 512/504/6 511/502/6
f 648/659/6 511/502/6 649/660/6
f 649/660/6 511/502/6 643/653/6
f 647/658/6 650/661/6 512/504/6
f 512/504/6 650/661/6 651/662/6
f 512/504/6 651/662/6 481/640/6
f 481/640/6 651/662/6 652/663/6
f 481/640/6 652/663/6 646/657/6
f 438/500/6 439/434/6 511/502/6
f 511/502/6 439/434/6 478/655/6
f 511/502/6 478/655/6 641/651/6
f 641/651/6 478/655/6 644/654/6
f 653/657/1 483/394/1 654/656/1
f 654/656/1 483/394/1 479/436/1
f 654/656/1 479/436/1 655/654/1
f 653/657/1 656/663/1 483/394/1
f 483/394/1 656/663/1 657/662/1
f 483/394/1 657/662/1 445/395/1
f 657/662/1 658/661/1 445/395/1
f 445/395/1 658/661/1 659/658/1
f 445/395/1 659/658/1 443/437/1
f 443/437/1 659/658/1 660/659/1
f 443/437/1 660/659/1 661/660/1
f 661/660/1 662/653/1 443/437/1
f 443/437/1 662/653/1 663/652/1
f 443/437/1 663/652/1 479/436/1
f 479/436/1 663/652/1 664/651/1
f 479/436/1 664/651/1 655/654/1
f 435/48/4 436/46/4 479/276/4
f 479/276/4 436/46/4 443/277/4
f 483/276/2 445/277/2 393/48/2
f 393/48/2 445/277/2 394/46/2
f 651/278/23 657/279/23 652/280/23
f 652/280/8 657/279/8 656/281/8
f 652/664/9 656/665/9 646/666/9
f 646/666/9 656/665/9 653/667/9
f 646/666/10 653/667/10 645/668/10
f 645/668/10 653/667/10 654/669/10
f 645/668/11 654/669/11 644/670/11
f 644/670/11 654/669/11 655/671/11
f 644/670/12 655/671/12 641/672/12
f 641/672/35 655/671/35 664/673/35
f 641/280/24 664/281/24 642/278/24
f 642/278/24 664/281/24 663/279/24
f 642/278/25 663/279/25 643/292/25
f 643/292/25 663/279/25 662/293/25
f 643/672/36 662/673/36 649/670/36
f 649/670/17 662/673/17 661/671/17
f 649/670/18 661/671/18 648/668/18
f 648/668/18 661/671/18 660/669/18
f 648/668/19 660/669/19 647/666/19
f 647/666/19 660/669/19 659/667/19
f 647/666/20 659/667/20 650/664/20
f 650/664/20 659/667/20 658/665/20
f 650/292/21 658/293/21 651/278/21
f 651/278/26 658/293/26 657/279/26
f 665/527/1 447/498/1 666/526/1
f 666/526/1 447/498/1 510/499/1
f 666/526/1 510/499/1 667/525/1
f 668/528/1 448/430/1 669/529/1
f 669/529/1 448/430/1 447/498/1
f 669/529/1 447/498/1 670/530/1
f 670/530/1 447/498/1 665/527/1
f 671/522/1 508/431/1 672/523/1
f 672/523/1 508/431/1 448/430/1
f 672/523/1 448/430/1 673/524/1
f 673/524/1 448/430/1 668/528/1
f 671/522/1 674/534/1 508/431/1
f 508/431/1 674/534/1 675/532/1
f 508/431/1 675/532/1 510/499/1
f 510/499/1 675/532/1 676/531/1
f 510/499/1 676/531/1 667/525/1
f 430/48/4 429/46/4 508/276/4
f 508/276/4 429/46/4 448/277/4
f 510/276/2 447/277/2 509/48/2
f 509/48/2 447/277/2 442/46/2
f 677/535/1 450/432/1 678/536/1
f 678/536/1 450/432/1 506/433/1
f 678/536/1 506/433/1 679/540/1
f 680/541/1 451/426/1 681/542/1
f 681/542/1 451/426/1 450/432/1
f 681/542/1 450/432/1 682/543/1
f 682/543/1 450/432/1 677/535/1
f 683/537/1 505/427/1 684/538/1
f 684/538/1 505/427/1 451/426/1
f 684/538/1 451/426/1 685/539/1
f 685/539/1 451/426/1 680/541/1
f 683/537/1 686/547/1 505/427/1
f 505/427/1 686/547/1 687/545/1
f 505/427/1 687/545/1 506/433/1
f 506/433/1 687/545/1 688/544/1
f 506/433/1 688/544/1 679/540/1
f 426/48/4 425/46/4 505/276/4
f 505/276/4 425/46/4 451/277/4
f 506/276/2 450/277/2 432/48/2
f 432/48/2 450/277/2 431/46/2
f 689/548/1 453/428/1 690/549/1
f 690/549/1 453/428/1 503/429/1
f 690/549/1 503/429/1 691/553/1
f 691/553/1 503/429/1 692/557/1
f 693/554/1 455/422/1 694/555/1
f 694/555/1 455/422/1 453/428/1
f 694/555/1 453/428/1 695/556/1
f 695/556/1 453/428/1 689/548/1
f 693/554/1 696/552/1 455/422/1
f 455/422/1 696/552/1 697/551/1
f 455/422/1 697/551/1 502/423/1
f 697/551/1 698/550/1 502/423/1
f 502/423/1 698/550/1 699/560/1
f 502/423/1 699/560/1 503/429/1
f 503/429/1 699/560/1 700/558/1
f 503/429/1 700/558/1 692/557/1
f 422/48/4 421/46/4 502/276/4
f 502/276/4 421/46/4 455/277/4
f 503/276/2 453/277/2 428/48/2
f 428/48/2 453/277/2 427/46/2
f 701/564/1 458/424/1 702/565/1
f 702/565/1 458/424/1 500/425/1
f 702/565/1 500/425/1 703/566/1
f 703/566/1 500/425/1 704/570/1
f 499/419/1 456/418/1 705/562/1
f 705/562/1 456/418/1 706/563/1
f 705/562/1 707/561/1 499/419/1
f 499/419/1 707/561/1 708/573/1
f 499/419/1 708/573/1 500/425/1
f 500/425/1 708/573/1 709/571/1
f 500/425/1 709/571/1 704/570/1
f 701/564/1 710/569/1 458/424/1
f 458/424/1 710/569/1 711/568/1
f 458/424/1 711/568/1 456/418/1
f 456/418/1 711/568/1 712/567/1
f 456/418/1 712/567/1 706/563/1
f 418/48/4 417/46/4 499/276/4
f 499/276/4 417/46/4 456/277/4
f 500/276/2 458/277/2 424/48/2
f 424/48/2 458/277/2 423/46/2
f 713/577/1 459/420/1 714/578/1
f 714/578/1 459/420/1 497/421/1
f 714/578/1 497/421/1 715/579/1
f 715/579/1 497/421/1 716/583/1
f 496/415/1 461/414/1 717/575/1
f 717/575/1 461/414/1 718/576/1
f 717/575/1 719/574/1 496/415/1
f 496/415/1 719/574/1 720/586/1
f 496/415/1 720/586/1 497/421/1
f 497/421/1 720/586/1 721/584/1
f 497/421/1 721/584/1 716/583/1
f 713/577/1 722/582/1 459/420/1
f 459/420/1 722/582/1 723/581/1
f 459/420/1 723/581/1 461/414/1
f 461/414/1 723/581/1 724/580/1
f 461/414/1 724/580/1 718/576/1
f 414/48/4 413/46/4 496/276/4
f 496/276/4 413/46/4 461/277/4
f 497/276/2 459/277/2 420/48/2
f 420/48/2 459/277/2 419/46/2
f 725/590/1 462/416/1 726/591/1
f 726/591/1 462/416/1 494/417/1
f 726/591/1 494/417/1 727/592/1
f 727/592/1 494/417/1 728/596/1
f 493/411/1 464/410/1 729/588/1
f 729/588/1 464/410/1 730/589/1
f 729/588/1 731/587/1 493/411/1
f 493/411/1 731/587/1 732/599/1
f 493/411/1 732/599/1 494/417/1
f 494/417/1 732/599/1 733/597/1
f 494/417/1 733/597/1 728/596/1
f 725/590/1 734/595/1 462/416/1
f 462/416/1 734/595/1 735/594/1
f 462/416/1 735/594/1 464/410/1
f 464/410/1 735/594/1 736/593/1
f 464/410/1 736/593/1 730/589/1
f 410/48/4 409/46/4 493/276/4
f 493/276/4 409/46/4 464/277/4
f 494/276/2 462/277/2 416/48/2
f 416/48/2 462/277/2 415/46/2
f 737/600/1 465/412/1 738/601/1
f 738/601/1 465/412/1 492/413/1
f 738/601/1 492/413/1 739/605/1
f 739/605/1 492/413/1 740/612/1
f 489/407/1 466/406/1 741/619/1
f 741/619/1 466/406/1 742/606/1
f 741/619/1 743/616/1 489/407/1
f 489/407/1 743/616/1 744/615/1
f 489/407/1 744/615/1 492/413/1
f 492/413/1 744/615/1 745/613/1
f 492/413/1 745/613/1 740/612/1
f 737/600/1 746/609/1 465/412/1
f 465/412/1 746/609/1 747/608/1
f 465/412/1 747/608/1 466/406/1
f 466/406/1 747/608/1 748/607/1
f 466/406/1 748/607/1 742/606/1
f 406/48/4 405/46/4 489/276/4
f 489/276/4 405/46/4 466/277/4
f 492/276/2 465/277/2 412/48/2
f 412/48/2 465/277/2 411/46/2
f 749/621/1 750/620/1 488/409/1
f 751/610/1 752/604/1 469/402/1
f 469/402/1 752/604/1 753/603/1
f 469/402/1 753/603/1 490/403/1
f 490/403/1 753/603/1 754/602/1
f 488/409/1 750/620/1 468/408/1
f 750/620/1 755/618/1 468/408/1
f 468/408/1 755/618/1 756/617/1
f 468/408/1 756/617/1 469/402/1
f 469/402/1 756/617/1 757/611/1
f 469/402/1 757/611/1 751/610/1
f 754/602/1 758/624/1 490/403/1
f 490/403/1 758/624/1 759/623/1
f 490/403/1 759/623/1 488/409/1
f 488/409/1 759/623/1 760/622/1
f 488/409/1 760/622/1 749/621/1
f 402/48/4 401/46/4 490/276/4
f 490/276/4 401/46/4 469/277/4
f 488/276/2 468/277/2 408/48/2
f 408/48/2 468/277/2 407/46/2
f 761/627/1 762/626/1 486/405/1
f 763/629/1 764/628/1 472/398/1
f 472/398/1 764/628/1 765/637/1
f 472/398/1 765/637/1 485/399/1
f 485/399/1 765/637/1 766/636/1
f 486/405/1 762/626/1 470/404/1
f 762/626/1 767/625/1 470/404/1
f 470/404/1 767/625/1 768/631/1
f 470/404/1 768/631/1 472/398/1
f 472/398/1 768/631/1 769/630/1
f 472/398/1 769/630/1 763/629/1
f 766/636/1 770/635/1 485/399/1
f 485/399/1 770/635/1 771/633/1
f 485/399/1 771/633/1 486/405/1
f 486/405/1 771/633/1 772/632/1
f 486/405/1 772/632/1 761/627/1
f 398/48/4 397/46/4 485/276/4
f 485/276/4 397/46/4 472/277/4
f 486/276/2 470/277/2 404/48/2
f 404/48/2 470/277/2 403/46/2
f 773/647/1 774/646/1 484/401/1
f 484/401/1 774/646/1 473/400/1
f 775/643/1 776/644/1 474/397/1
f 474/397/1 776/644/1 777/650/1
f 474/397/1 777/650/1 482/396/1
f 482/396/1 777/650/1 778/649/1
f 778/649/1 779/648/1 482/396/1
f 482/396/1 779/648/1 780/639/1
f 482/396/1 780/639/1 484/401/1
f 484/401/1 780/639/1 781/638/1
f 484/401/1 781/638/1 773/647/1
f 774/646/1 782/645/1 473/400/1
f 473/400/1 782/645/1 783/641/1
f 473/400/1 783/641/1 474/397/1
f 474/397/1 783/641/1 784/642/1
f 474/397/1 784/642/1 775/643/1
f 395/48/4 396/46/4 482/276/4
f 482/276/4 396/46/4 474/277/4
f 484/276/2 473/277/2 400/48/2
f 400/48/2 473/277/2 399/46/2
f 636/278/23 774/279/23 637/280/23
f 637/280/23 774/279/23 773/281/23
f 637/674/9 773/675/9 629/676/9
f 629/676/37 773/675/37 781/677/37
f 629/676/10 781/677/10 630/678/10
f 630/678/10 781/677/10 780/679/10
f 630/678/11 780/679/11 638/680/11
f 638/680/11 780/679/11 779/681/11
f 638/680/35 779/681/35 639/682/35
f 639/682/12 779/681/12 778/683/12
f 639/280/24 778/281/24 640/278/24
f 640/278/14 778/281/14 777/279/14
f 640/278/15 777/279/15 634/292/15
f 634/292/25 777/279/25 776/293/25
f 634/682/17 776/683/17 633/680/17
f 633/680/36 776/683/36 775/681/36
f 633/680/18 775/681/18 632/678/18
f 632/678/18 775/681/18 784/679/18
f 632/678/19 784/679/19 631/676/19
f 631/676/19 784/679/19 783/677/19
f 631/676/38 783/677/38 635/674/38
f 635/674/20 783/677/20 782/675/20
f 635/292/26 782/293/26 636/278/26
f 636/278/26 782/293/26 774/279/26
f 618/278/23 762/279/23 619/280/23
f 619/280/23 762/279/23 761/281/23
f 619/684/37 761/685/37 624/686/37
f 624/686/9 761/685/9 772/687/9
f 624/686/10 772/687/10 625/688/10
f 625/688/10 772/687/10 771/689/10
f 625/688/11 771/689/11 626/690/11
f 626/690/11 771/689/11 770/691/11
f 626/690/12 770/691/12 627/692/12
f 627/692/12 770/691/12 766/693/12
f 627/280/14 766/281/14 628/278/14
f 628/278/24 766/281/24 765/279/24
f 628/278/25 765/279/25 620/292/25
f 620/292/15 765/279/15 764/293/15
f 620/692/17 764/693/17 621/690/17
f 621/690/17 764/693/17 763/691/17
f 621/690/18 763/691/18 622/688/18
f 622/688/18 763/691/18 769/689/18
f 622/688/19 769/689/19 623/686/19
f 623/686/19 769/689/19 768/687/19
f 623/686/20 768/687/20 617/684/20
f 617/684/38 768/687/38 767/685/38
f 617/292/26 767/293/26 618/278/26
f 618/278/26 767/293/26 762/279/26
f 612/278/23 750/279/23 613/280/23
f 613/280/23 750/279/23 749/281/23
f 613/694/9 749/695/9 614/696/9
f 614/696/9 749/695/9 760/697/9
f 614/696/10 760/697/10 615/698/10
f 615/698/10 760/697/10 759/699/10
f 615/698/11 759/699/11 616/700/11
f 616/700/11 759/699/11 758/701/11
f 616/700/12 758/701/12 595/702/12
f 595/702/12 758/701/12 754/703/12
f 595/280/24 754/281/24 596/278/24
f 596/278/24 754/281/24 753/279/24
f 596/278/25 753/279/25 597/292/25
f 597/292/25 753/279/25 752/293/25
f 597/702/17 752/703/17 603/700/17
f 603/700/17 752/703/17 751/701/17
f 603/700/18 751/701/18 604/698/18
f 604/698/18 751/701/18 757/699/18
f 604/698/19 757/699/19 609/696/19
f 609/696/19 757/699/19 756/697/19
f 609/696/20 756/697/20 610/694/20
f 610/694/20 756/697/20 755/695/20
f 610/292/26 755/293/26 612/278/26
f 612/278/26 755/293/26 750/279/26
f 594/278/23 738/279/23 598/280/23
f 598/280/8 738/279/8 739/281/8
f 598/704/9 739/705/9 605/706/9
f 605/706/9 739/705/9 740/707/9
f 605/706/10 740/707/10 606/708/10
f 606/708/10 740/707/10 745/709/10
f 606/708/11 745/709/11 607/710/11
f 607/710/11 745/709/11 744/711/11
f 607/710/12 744/711/12 608/712/12
f 608/712/35 744/711/35 743/713/35
f 608/280/24 743/281/24 611/278/24
f 611/278/24 743/281/24 741/279/24
f 611/278/25 741/279/25 599/292/25
f 599/292/25 741/279/25 742/293/25
f 599/712/36 742/713/36 600/710/36
f 600/710/17 742/713/17 748/711/17
f 600/710/18 748/711/18 601/708/18
f 601/708/18 748/711/18 747/709/18
f 601/708/19 747/709/19 602/706/19
f 602/706/19 747/709/19 746/707/19
f 602/706/20 746/707/20 593/704/20
f 593/704/20 746/707/20 737/705/20
f 593/292/21 737/293/21 594/278/21
f 594/278/26 737/293/26 738/279/26
f 585/278/8 726/279/8 586/280/8
f 586/280/23 726/279/23 727/281/23
f 586/714/9 727/715/9 590/716/9
f 590/716/37 727/715/37 728/717/37
f 590/716/10 728/717/10 591/718/10
f 591/718/10 728/717/10 733/719/10
f 591/718/11 733/719/11 592/720/11
f 592/720/11 733/719/11 732/721/11
f 592/720/35 732/721/35 581/722/35
f 581/722/12 732/721/12 731/723/12
f 581/280/24 731/281/24 582/278/24
f 582/278/14 731/281/14 729/279/14
f 582/278/15 729/279/15 583/292/15
f 583/292/25 729/279/25 730/293/25
f 583/722/17 730/723/17 587/720/17
f 587/720/36 730/723/36 736/721/36
f 587/720/18 736/721/18 588/718/18
f 588/718/18 736/721/18 735/719/18
f 588/718/19 735/719/19 589/716/19
f 589/716/19 735/719/19 734/717/19
f 589/716/38 734/717/38 584/714/38
f 584/714/20 734/717/20 725/715/20
f 584/292/26 725/293/26 585/278/26
f 585/278/21 725/293/21 726/279/21
f 573/278/23 714/279/23 574/280/23
f 574/280/23 714/279/23 715/281/23
f 574/724/37 715/725/37 578/726/37
f 578/726/9 715/725/9 716/727/9
f 578/726/10 716/727/10 579/728/10
f 579/728/10 716/727/10 721/729/10
f 579/728/11 721/729/11 580/730/11
f 580/730/11 721/729/11 720/731/11
f 580/730/12 720/731/12 569/732/12
f 569/732/12 720/731/12 719/733/12
f 569/280/14 719/281/14 570/278/14
f 570/278/24 719/281/24 717/279/24
f 570/278/25 717/279/25 571/292/25
f 571/292/15 717/279/15 718/293/15
f 571/732/17 718/733/17 575/730/17
f 575/730/17 718/733/17 724/731/17
f 575/730/18 724/731/18 576/728/18
f 576/728/18 724/731/18 723/729/18
f 576/728/19 723/729/19 577/726/19
f 577/726/19 723/729/19 722/727/19
f 577/726/20 722/727/20 572/724/20
f 572/724/38 722/727/38 713/725/38
f 572/292/26 713/293/26 573/278/26
f 573/278/26 713/293/26 714/279/26
f 561/278/23 702/279/23 562/280/23
f 562/280/23 702/279/23 703/281/23
f 562/734/9 703/735/9 566/736/9
f 566/736/9 703/735/9 704/737/9
f 566/736/10 704/737/10 567/738/10
f 567/738/10 704/737/10 709/739/10
f 567/738/11 709/739/11 568/740/11
f 568/740/11 709/739/11 708/741/11
f 568/740/12 708/741/12 557/742/12
f 557/742/12 708/741/12 707/743/12
f 557/280/24 707/281/24 558/278/24
f 558/278/24 707/281/24 705/279/24
f 558/278/25 705/279/25 559/292/25
f 559/292/25 705/279/25 706/293/25
f 559/742/17 706/743/17 563/740/17
f 563/740/17 706/743/17 712/741/17
f 563/740/18 712/741/18 564/738/18
f 564/738/18 712/741/18 711/739/18
f 564/738/19 711/739/19 565/736/19
f 565/736/19 711/739/19 710/737/19
f 565/736/20 710/737/20 560/734/20
f 560/734/20 710/737/20 701/735/20
f 560/292/26 701/293/26 561/278/26
f 561/278/26 701/293/26 702/279/26
f 546/278/8 690/279/8 550/280/8
f 550/280/23 690/279/23 691/281/23
f 550/744/9 691/745/9 554/746/9
f 554/746/31 691/745/31 692/747/31
f 554/746/10 692/747/10 555/748/10
f 555/748/10 692/747/10 700/749/10
f 555/748/11 700/749/11 556/750/11
f 556/750/11 700/749/11 699/751/11
f 556/750/35 699/751/35 547/752/35
f 547/752/12 699/751/12 698/753/12
f 547/280/24 698/281/24 548/278/24
f 548/278/24 698/281/24 697/279/24
f 548/278/25 697/279/25 549/292/25
f 549/292/25 697/279/25 696/293/25
f 549/752/17 696/753/17 551/750/17
f 551/750/36 696/753/36 693/751/36
f 551/750/18 693/751/18 552/748/18
f 552/748/18 693/751/18 694/749/18
f 552/748/19 694/749/19 553/746/19
f 553/746/19 694/749/19 695/747/19
f 553/746/34 695/747/34 545/744/34
f 545/744/20 695/747/20 689/745/20
f 545/292/26 689/293/26 546/278/26
f 546/278/21 689/293/21 690/279/21
f 534/278/7 678/279/7 538/280/7
f 538/280/23 678/279/23 679/281/23
f 538/754/27 679/755/27 542/756/27
f 542/756/31 679/755/31 688/757/31
f 542/756/10 688/757/10 543/758/10
f 543/758/10 688/757/10 687/759/10
f 543/758/11 687/759/11 544/760/11
f 544/760/11 687/759/11 686/761/11
f 544/760/12 686/761/12 535/762/12
f 535/762/28 686/761/28 683/763/28
f 535/280/14 683/281/14 536/278/14
f 536/278/24 683/281/24 684/279/24
f 536/278/25 684/279/25 537/292/25
f 537/292/15 684/279/15 685/293/15
f 537/762/29 685/763/29 539/760/29
f 539/760/17 685/763/17 680/761/17
f 539/760/18 680/761/18 540/758/18
f 540/758/18 680/761/18 681/759/18
f 540/758/19 681/759/19 541/756/19
f 541/756/19 681/759/19 682/757/19
f 541/756/34 682/757/34 533/754/34
f 533/754/30 682/757/30 677/755/30
f 533/292/26 677/293/26 534/278/26
f 534/278/22 677/293/22 678/279/22
f 525/278/7 666/279/7 524/280/7
f 524/280/8 666/279/8 667/281/8
f 524/764/9 667/765/9 530/766/9
f 530/766/31 667/765/31 676/767/31
f 530/766/10 676/767/10 531/768/10
f 531/768/10 676/767/10 675/769/10
f 531/768/11 675/769/11 532/770/11
f 532/770/11 675/769/11 674/771/11
f 532/770/12 674/771/12 521/772/12
f 521/772/32 674/771/32 671/773/32
f 521/280/13 671/281/13 522/278/13
f 522/278/24 671/281/24 672/279/24
f 522/278/25 672/279/25 523/292/25
f 523/292/16 672/279/16 673/293/16
f 523/772/33 673/773/33 527/770/33
f 527/770/17 673/773/17 668/771/17
f 527/770/18 668/771/18 528/768/18
f 528/768/18 668/771/18 669/769/18
f 528/768/19 669/769/19 529/766/19
f 529/766/19 669/769/19 670/767/19
f 529/766/34 670/767/34 526/764/34
f 526/764/20 670/767/20 665/765/20
f 526/292/21 665/293/21 525/278/21
f 525/278/22 665/293/22 666/279/22
f 785/774/1 786/775/1 787/776/1
f 787/776/1 786/775/1 788/777/1
f 789/778/1 790/779/1 791/780/1
f 791/780/1 790/779/1 792/781/1
f 793/782/1 794/783/1 795/784/1
f 795/784/1 794/783/1 796/785/1
f 797/786/1 798/787/1 799/788/1
f 799/788/1 798/787/1 800/789/1
f 801/790/1 802/791/1 803/792/1
f 803/792/1 802/791/1 804/793/1
f 805/794/1 806/795/1 807/796/1
f 807/796/1 806/795/1 808/797/1
f 809/798/1 810/799/1 811/800/1
f 811/800/1 810/799/1 812/801/1
f 813/802/1 814/803/1 815/804/1
f 815/804/1 814/803/1 816/805/1
f 817/806/1 818/807/1 819/808/1
f 819/808/1 818/807/1 820/809/1
f 821/810/1 822/811/1 823/812/1
f 823/812/1 822/811/1 824/813/1
f 825/814/1 826/815/1 827/816/1
f 827/816/1 826/815/1 828/817/1
f 829/818/2 826/819/2 830/820/2
f 830/820/2 826/819/2 825/821/2
f 830/820/2 825/821/2 831/822/2
f 832/438/3 833/439/3 834/440/3
f 835/441/3 836/442/3 837/443/3
f 837/443/3 836/442/3 838/444/3
f 837/443/3 838/444/3 786/445/3
f 786/445/3 838/444/3 788/446/3
f 835/441/3 828/447/3 836/442/3
f 836/442/3 828/447/3 826/448/3
f 836/442/3 826/448/3 829/449/3
f 834/440/3 839/450/3 832/438/3
f 832/438/3 839/450/3 840/451/3
f 832/438/3 840/451/3 841/452/3
f 841/452/3 840/451/3 821/453/3
f 841/452/3 821/453/3 823/454/3
f 823/454/3 842/455/3 841/452/3
f 841/452/3 842/455/3 843/456/3
f 841/452/3 843/456/3 844/457/3
f 817/458/3 819/459/3 845/460/3
f 843/456/3 817/458/3 844/457/3
f 844/457/3 817/458/3 845/460/3
f 844/457/3 845/460/3 846/461/3
f 846/461/3 845/460/3 847/462/3
f 846/461/3 847/462/3 813/463/3
f 848/464/3 849/465/3 850/466/3
f 850/466/3 849/465/3 846/461/3
f 850/466/3 846/461/3 815/467/3
f 815/467/3 846/461/3 813/463/3
f 809/468/3 811/469/3 851/470/3
f 848/464/3 809/468/3 849/465/3
f 849/465/3 809/468/3 851/470/3
f 849/465/3 851/470/3 852/471/3
f 852/471/3 851/470/3 853/472/3
f 852/471/3 853/472/3 805/473/3
f 805/473/3 807/474/3 852/471/3
f 852/471/3 807/474/3 854/475/3
f 852/471/3 854/475/3 855/476/3
f 855/476/3 854/475/3 856/477/3
f 855/476/3 856/477/3 801/478/3
f 801/478/3 803/479/3 857/480/3
f 801/478/3 857/480/3 855/476/3
f 855/476/3 857/480/3 858/481/3
f 855/476/3 858/481/3 859/482/3
f 797/483/3 799/484/3 858/481/3
f 858/481/3 799/484/3 860/485/3
f 858/481/3 860/485/3 859/482/3
f 859/482/3 860/485/3 861/486/3
f 859/482/3 861/486/3 793/487/3
f 793/487/3 795/488/3 859/482/3
f 859/482/3 795/488/3 862/489/3
f 859/482/3 862/489/3 863/490/3
f 863/490/3 862/489/3 864/491/3
f 863/490/3 864/491/3 789/492/3
f 789/492/3 791/493/3 863/490/3
f 863/490/3 791/493/3 865/494/3
f 863/490/3 865/494/3 838/444/3
f 838/444/3 865/494/3 866/495/3
f 838/444/3 866/495/3 788/446/3
f 867/822/4 868/821/4 869/820/4
f 869/820/4 868/821/4 833/819/4
f 869/820/4 833/819/4 832/818/4
f 870/442/5 831/449/5 825/448/5
f 825/448/5 827/447/5 871/441/5
f 872/490/5 873/444/5 874/495/5
f 874/495/5 873/444/5 787/446/5
f 825/448/5 871/441/5 870/442/5
f 870/442/5 871/441/5 875/443/5
f 870/442/5 875/443/5 873/444/5
f 873/444/5 875/443/5 785/445/5
f 873/444/5 785/445/5 787/446/5
f 874/495/5 876/494/5 872/490/5
f 872/490/5 876/494/5 792/493/5
f 872/490/5 792/493/5 790/492/5
f 790/492/5 877/491/5 872/490/5
f 872/490/5 877/491/5 878/489/5
f 872/490/5 878/489/5 879/482/5
f 879/482/5 878/489/5 796/488/5
f 879/482/5 796/488/5 794/487/5
f 800/484/5 798/483/5 880/485/5
f 880/485/5 798/483/5 881/481/5
f 794/487/5 882/486/5 879/482/5
f 879/482/5 882/486/5 880/485/5
f 879/482/5 880/485/5 883/476/5
f 883/476/5 880/485/5 881/481/5
f 881/481/5 884/480/5 883/476/5
f 883/476/5 884/480/5 804/479/5
f 883/476/5 804/479/5 802/478/5
f 802/478/5 885/477/5 883/476/5
f 883/476/5 885/477/5 886/475/5
f 883/476/5 886/475/5 887/471/5
f 887/471/5 886/475/5 808/474/5
f 887/471/5 808/474/5 806/473/5
f 806/473/5 888/472/5 887/471/5
f 887/471/5 888/472/5 889/470/5
f 887/471/5 889/470/5 890/465/5
f 890/465/5 889/470/5 812/469/5
f 890/465/5 812/469/5 810/468/5
f 810/468/5 891/464/5 890/465/5
f 890/465/5 891/464/5 892/466/5
f 890/465/5 892/466/5 893/461/5
f 893/461/5 892/466/5 816/467/5
f 893/461/5 816/467/5 814/463/5
f 814/463/5 894/462/5 893/461/5
f 893/461/5 894/462/5 895/460/5
f 893/461/5 895/460/5 896/457/5
f 820/459/5 818/458/5 897/456/5
f 898/455/5 899/452/5 897/456/5
f 897/456/5 899/452/5 896/457/5
f 897/456/5 896/457/5 820/459/5
f 820/459/5 896/457/5 895/460/5
f 824/454/5 822/453/5 900/451/5
f 901/440/5 868/439/5 902/450/5
f 902/450/5 868/439/5 867/438/5
f 902/450/5 867/438/5 900/451/5
f 900/451/5 867/438/5 899/452/5
f 900/451/5 899/452/5 824/454/5
f 824/454/5 899/452/5 898/455/5
f 833/823/1 868/824/1 834/825/1
f 834/825/1 868/824/1 901/826/1
f 829/815/6 830/827/6 836/828/6
f 836/828/6 830/827/6 903/829/6
f 836/828/6 903/829/6 838/830/6
f 838/830/6 903/829/6 904/831/6
f 838/830/6 904/831/6 863/832/6
f 863/832/6 904/831/6 905/833/6
f 863/832/6 905/833/6 859/834/6
f 859/834/6 905/833/6 906/835/6
f 859/834/6 906/835/6 855/836/6
f 855/836/6 906/835/6 907/837/6
f 855/836/6 907/837/6 852/838/6
f 852/838/6 907/837/6 908/839/6
f 852/838/6 908/839/6 849/840/6
f 849/840/6 908/839/6 909/841/6
f 849/840/6 909/841/6 846/842/6
f 846/842/6 909/841/6 910/843/6
f 846/842/6 910/843/6 844/844/6
f 844/844/6 910/843/6 911/845/6
f 844/844/6 911/845/6 841/846/6
f 841/846/6 911/845/6 912/847/6
f 841/846/6 912/847/6 832/823/6
f 832/823/6 912/847/6 869/848/6
f 913/849/6 914/850/6 912/847/6
f 912/847/6 914/850/6 915/851/6
f 916/852/6 867/824/6 917/853/6
f 917/853/6 867/824/6 869/848/6
f 917/853/6 869/848/6 918/854/6
f 915/851/6 919/855/6 912/847/6
f 912/847/6 919/855/6 920/856/6
f 912/847/6 920/856/6 869/848/6
f 869/848/6 920/856/6 921/857/6
f 869/848/6 921/857/6 918/854/6
f 916/852/6 922/858/6 867/824/6
f 867/824/6 922/858/6 923/859/6
f 867/824/6 923/859/6 899/860/6
f 899/860/6 923/859/6 924/861/6
f 899/860/6 924/861/6 913/849/6
f 925/862/6 926/863/6 912/847/6
f 927/864/6 928/865/6 911/845/6
f 911/845/6 928/865/6 929/866/6
f 913/849/6 912/847/6 899/860/6
f 899/860/6 912/847/6 926/863/6
f 899/860/6 926/863/6 930/867/6
f 929/866/6 931/868/6 911/845/6
f 911/845/6 931/868/6 932/869/6
f 911/845/6 932/869/6 912/847/6
f 912/847/6 932/869/6 933/870/6
f 912/847/6 933/870/6 925/862/6
f 930/867/6 934/871/6 899/860/6
f 899/860/6 934/871/6 935/872/6
f 899/860/6 935/872/6 896/873/6
f 896/873/6 935/872/6 936/874/6
f 896/873/6 936/874/6 927/864/6
f 937/875/6 938/876/6 911/845/6
f 939/877/6 940/878/6 910/843/6
f 910/843/6 940/878/6 941/879/6
f 927/864/6 911/845/6 896/873/6
f 896/873/6 911/845/6 938/876/6
f 896/873/6 938/876/6 942/880/6
f 941/879/6 943/881/6 910/843/6
f 910/843/6 943/881/6 944/882/6
f 910/843/6 944/882/6 911/845/6
f 911/845/6 944/882/6 945/883/6
f 911/845/6 945/883/6 937/875/6
f 942/880/6 946/884/6 896/873/6
f 896/873/6 946/884/6 947/885/6
f 896/873/6 947/885/6 893/886/6
f 893/886/6 947/885/6 948/887/6
f 893/886/6 948/887/6 939/877/6
f 949/888/6 950/889/6 909/841/6
f 909/841/6 950/889/6 951/890/6
f 910/843/6 952/891/6 953/892/6
f 939/877/6 910/843/6 893/886/6
f 893/886/6 910/843/6 953/892/6
f 893/886/6 953/892/6 954/893/6
f 951/890/6 955/894/6 909/841/6
f 909/841/6 955/894/6 956/895/6
f 909/841/6 956/895/6 910/843/6
f 910/843/6 956/895/6 957/896/6
f 910/843/6 957/896/6 952/891/6
f 954/893/6 958/897/6 893/886/6
f 893/886/6 958/897/6 959/898/6
f 893/886/6 959/898/6 890/899/6
f 890/899/6 959/898/6 960/900/6
f 890/899/6 960/900/6 949/888/6
f 961/901/6 962/902/6 908/839/6
f 908/839/6 962/902/6 963/903/6
f 909/841/6 964/904/6 965/905/6
f 949/888/6 909/841/6 890/899/6
f 890/899/6 909/841/6 965/905/6
f 890/899/6 965/905/6 966/906/6
f 963/903/6 967/907/6 908/839/6
f 908/839/6 967/907/6 968/908/6
f 908/839/6 968/908/6 909/841/6
f 909/841/6 968/908/6 969/909/6
f 909/841/6 969/909/6 964/904/6
f 966/906/6 970/910/6 890/899/6
f 890/899/6 970/910/6 971/911/6
f 890/899/6 971/911/6 887/912/6
f 887/912/6 971/911/6 972/913/6
f 887/912/6 972/913/6 961/901/6
f 973/914/6 974/915/6 907/837/6
f 907/837/6 974/915/6 975/916/6
f 908/839/6 976/917/6 977/918/6
f 961/901/6 908/839/6 887/912/6
f 887/912/6 908/839/6 977/918/6
f 887/912/6 977/918/6 978/919/6
f 975/916/6 979/920/6 907/837/6
f 907/837/6 979/920/6 980/921/6
f 907/837/6 980/921/6 908/839/6
f 908/839/6 980/921/6 981/922/6
f 908/839/6 981/922/6 976/917/6
f 978/919/6 982/923/6 887/912/6
f 887/912/6 982/923/6 983/924/6
f 887/912/6 983/924/6 883/925/6
f 883/925/6 983/924/6 984/926/6
f 883/925/6 984/926/6 973/914/6
f 907/837/6 985/927/6 986/928/6
f 987/929/6 988/930/6 906/835/6
f 906/835/6 988/930/6 989/931/6
f 973/914/6 907/837/6 883/925/6
f 883/925/6 907/837/6 986/928/6
f 883/925/6 986/928/6 990/932/6
f 991/933/6 992/934/6 906/835/6
f 906/835/6 992/934/6 993/935/6
f 906/835/6 993/935/6 907/837/6
f 907/837/6 993/935/6 994/936/6
f 907/837/6 994/936/6 985/927/6
f 989/931/6 995/937/6 906/835/6
f 906/835/6 995/937/6 996/938/6
f 906/835/6 996/938/6 991/933/6
f 990/932/6 997/939/6 883/925/6
f 883/925/6 997/939/6 998/940/6
f 883/925/6 998/940/6 879/941/6
f 879/941/6 998/940/6 999/942/6
f 879/941/6 999/942/6 1000/943/6
f 996/938/6 1001/944/6 991/933/6
f 991/933/6 1001/944/6 1002/945/6
f 991/933/6 1002/945/6 1003/946/6
f 1003/946/6 1002/945/6 1004/947/6
f 1003/946/6 1004/947/6 1000/943/6
f 1000/943/6 1004/947/6 1005/948/6
f 1005/948/6 1006/949/6 1000/943/6
f 1000/943/6 1006/949/6 1007/950/6
f 1000/943/6 1007/950/6 879/941/6
f 879/941/6 1007/950/6 1008/951/6
f 879/941/6 1008/951/6 987/929/6
f 1009/952/6 1010/953/6 906/835/6
f 987/929/6 906/835/6 879/941/6
f 879/941/6 906/835/6 1010/953/6
f 879/941/6 1010/953/6 1011/954/6
f 1012/955/6 1013/956/6 905/833/6
f 905/833/6 1013/956/6 1014/957/6
f 905/833/6 1014/957/6 906/835/6
f 906/835/6 1014/957/6 1015/958/6
f 906/835/6 1015/958/6 1009/952/6
f 1011/954/6 1016/959/6 879/941/6
f 879/941/6 1016/959/6 1017/960/6
f 879/941/6 1017/960/6 872/961/6
f 1017/960/6 1018/962/6 872/961/6
f 872/961/6 1018/962/6 1019/963/6
f 872/961/6 1019/963/6 905/833/6
f 905/833/6 1019/963/6 1020/964/6
f 905/833/6 1020/964/6 1012/955/6
f 1021/965/6 1022/966/6 872/961/6
f 872/961/6 1022/966/6 873/967/6
f 1023/968/6 905/833/6 1024/969/6
f 1024/969/6 905/833/6 904/831/6
f 1024/969/6 904/831/6 1025/970/6
f 1025/970/6 904/831/6 1026/971/6
f 1023/968/6 1027/972/6 905/833/6
f 905/833/6 1027/972/6 1028/973/6
f 905/833/6 1028/973/6 872/961/6
f 872/961/6 1028/973/6 1029/974/6
f 872/961/6 1029/974/6 1021/965/6
f 1022/966/6 1030/975/6 873/967/6
f 873/967/6 1030/975/6 1031/976/6
f 873/967/6 1031/976/6 904/831/6
f 904/831/6 1031/976/6 1032/977/6
f 904/831/6 1032/977/6 1026/971/6
f 1033/978/6 1034/979/6 903/829/6
f 903/829/6 1034/979/6 1035/980/6
f 1036/981/6 870/982/6 1037/983/6
f 1037/983/6 870/982/6 873/967/6
f 1037/983/6 873/967/6 1038/984/6
f 1039/985/6 904/831/6 1040/986/6
f 1040/986/6 904/831/6 903/829/6
f 1040/986/6 903/829/6 1041/987/6
f 1041/987/6 903/829/6 1035/980/6
f 1039/985/6 1042/988/6 904/831/6
f 904/831/6 1042/988/6 1043/989/6
f 904/831/6 1043/989/6 873/967/6
f 873/967/6 1043/989/6 1044/990/6
f 873/967/6 1044/990/6 1038/984/6
f 830/827/6 831/814/6 903/829/6
f 903/829/6 831/814/6 870/982/6
f 903/829/6 870/982/6 1033/978/6
f 1033/978/6 870/982/6 1036/981/6
f 1045/984/1 875/774/1 1046/983/1
f 1046/983/1 875/774/1 871/816/1
f 1046/983/1 871/816/1 1047/981/1
f 1045/984/1 1048/990/1 875/774/1
f 875/774/1 1048/990/1 1049/989/1
f 875/774/1 1049/989/1 837/775/1
f 1049/989/1 1050/988/1 837/775/1
f 837/775/1 1050/988/1 1051/985/1
f 837/775/1 1051/985/1 835/817/1
f 835/817/1 1051/985/1 1052/986/1
f 835/817/1 1052/986/1 1053/987/1
f 1053/987/1 1054/980/1 835/817/1
f 835/817/1 1054/980/1 1055/979/1
f 835/817/1 1055/979/1 871/816/1
f 871/816/1 1055/979/1 1056/978/1
f 871/816/1 1056/978/1 1047/981/1
f 827/821/4 828/819/4 871/991/4
f 871/991/4 828/819/4 835/992/4
f 875/991/2 837/992/2 785/821/2
f 785/821/2 837/992/2 786/819/2
f 1043/993/23 1049/994/23 1044/995/23
f 1044/995/8 1049/994/8 1048/996/8
f 1044/664/9 1048/665/9 1038/666/9
f 1038/666/9 1048/665/9 1045/667/9
f 1038/666/10 1045/667/10 1037/668/10
f 1037/668/10 1045/667/10 1046/669/10
f 1037/668/11 1046/669/11 1036/670/11
f 1036/670/11 1046/669/11 1047/671/11
f 1036/670/12 1047/671/12 1033/672/12
f 1033/672/35 1047/671/35 1056/673/35
f 1033/995/24 1056/996/24 1034/993/24
f 1034/993/24 1056/996/24 1055/994/24
f 1034/993/25 1055/994/25 1035/997/25
f 1035/997/25 1055/994/25 1054/998/25
f 1035/672/36 1054/673/36 1041/670/36
f 1041/670/17 1054/673/17 1053/671/17
f 1041/670/18 1053/671/18 1040/668/18
f 1040/668/18 1053/671/18 1052/669/18
f 1040/668/19 1052/669/19 1039/666/19
f 1039/666/19 1052/669/19 1051/667/19
f 1039/666/20 1051/667/20 1042/664/20
f 1042/664/20 1051/667/20 1050/665/20
f 1042/997/21 1050/998/21 1043/993/21
f 1043/993/26 1050/998/26 1049/994/26
f 1057/854/1 839/825/1 1058/853/1
f 1058/853/1 839/825/1 902/826/1
f 1058/853/1 902/826/1 1059/852/1
f 1060/855/1 840/810/1 1061/856/1
f 1061/856/1 840/810/1 839/825/1
f 1061/856/1 839/825/1 1062/857/1
f 1062/857/1 839/825/1 1057/854/1
f 1063/849/1 900/811/1 1064/850/1
f 1064/850/1 900/811/1 840/810/1
f 1064/850/1 840/810/1 1065/851/1
f 1065/851/1 840/810/1 1060/855/1
f 1063/849/1 1066/861/1 900/811/1
f 900/811/1 1066/861/1 1067/859/1
f 900/811/1 1067/859/1 902/826/1
f 902/826/1 1067/859/1 1068/858/1
f 902/826/1 1068/858/1 1059/852/1
f 822/821/4 821/819/4 900/991/4
f 900/991/4 821/819/4 840/992/4
f 902/991/2 839/992/2 901/821/2
f 901/821/2 839/992/2 834/819/2
f 1069/862/1 842/812/1 1070/863/1
f 1070/863/1 842/812/1 898/813/1
f 1070/863/1 898/813/1 1071/867/1
f 1072/868/1 843/806/1 1073/869/1
f 1073/869/1 843/806/1 842/812/1
f 1073/869/1 842/812/1 1074/870/1
f 1074/870/1 842/812/1 1069/862/1
f 1075/864/1 897/807/1 1076/865/1
f 1076/865/1 897/807/1 843/806/1
f 1076/865/1 843/806/1 1077/866/1
f 1077/866/1 843/806/1 1072/868/1
f 1075/864/1 1078/874/1 897/807/1
f 897/807/1 1078/874/1 1079/872/1
f 897/807/1 1079/872/1 898/813/1
f 898/813/1 1079/872/1 1080/871/1
f 898/813/1 1080/871/1 1071/867/1
f 818/821/4 817/819/4 897/991/4
f 897/991/4 817/819/4 843/992/4
f 898/991/2 842/992/2 824/821/2
f 824/821/2 842/992/2 823/819/2
f 1081/875/1 845/808/1 1082/876/1
f 1082/876/1 845/808/1 895/809/1
f 1082/876/1 895/809/1 1083/880/1
f 1083/880/1 895/809/1 1084/884/1
f 1085/881/1 847/802/1 1086/882/1
f 1086/882/1 847/802/1 845/808/1
f 1086/882/1 845/808/1 1087/883/1
f 1087/883/1 845/808/1 1081/875/1
f 1085/881/1 1088/879/1 847/802/1
f 847/802/1 1088/879/1 1089/878/1
f 847/802/1 1089/878/1 894/803/1
f 1089/878/1 1090/877/1 894/803/1
f 894/803/1 1090/877/1 1091/887/1
f 894/803/1 1091/887/1 895/809/1
f 895/809/1 1091/887/1 1092/885/1
f 895/809/1 1092/885/1 1084/884/1
f 814/821/4 813/819/4 894/991/4
f 894/991/4 813/819/4 847/992/4
f 895/991/2 845/992/2 820/821/2
f 820/821/2 845/992/2 819/819/2
f 1093/891/1 850/804/1 1094/892/1
f 1094/892/1 850/804/1 892/805/1
f 1094/892/1 892/805/1 1095/893/1
f 1095/893/1 892/805/1 1096/897/1
f 891/799/1 848/798/1 1097/889/1
f 1097/889/1 848/798/1 1098/890/1
f 1097/889/1 1099/888/1 891/799/1
f 891/799/1 1099/888/1 1100/900/1
f 891/799/1 1100/900/1 892/805/1
f 892/805/1 1100/900/1 1101/898/1
f 892/805/1 1101/898/1 1096/897/1
f 1093/891/1 1102/896/1 850/804/1
f 850/804/1 1102/896/1 1103/895/1
f 850/804/1 1103/895/1 848/798/1
f 848/798/1 1103/895/1 1104/894/1
f 848/798/1 1104/894/1 1098/890/1
f 810/821/4 809/819/4 891/991/4
f 891/991/4 809/819/4 848/992/4
f 892/991/2 850/992/2 816/821/2
f 816/821/2 850/992/2 815/819/2
f 1105/904/1 851/800/1 1106/905/1
f 1106/905/1 851/800/1 889/801/1
f 1106/905/1 889/801/1 1107/906/1
f 1107/906/1 889/801/1 1108/910/1
f 888/795/1 853/794/1 1109/902/1
f 1109/902/1 853/794/1 1110/903/1
f 1109/902/1 1111/901/1 888/795/1
f 888/795/1 1111/901/1 1112/913/1
f 888/795/1 1112/913/1 889/801/1
f 889/801/1 1112/913/1 1113/911/1
f 889/801/1 1113/911/1 1108/910/1
f 1105/904/1 1114/909/1 851/800/1
f 851/800/1 1114/909/1 1115/908/1
f 851/800/1 1115/908/1 853/794/1
f 853/794/1 1115/908/1 1116/907/1
f 853/794/1 1116/907/1 1110/903/1
f 806/821/4 805/819/4 888/991/4
f 888/991/4 805/819/4 853/992/4
f 889/991/2 851/992/2 812/821/2
f 812/821/2 851/992/2 811/819/2
f 1117/917/1 854/796/1 1118/918/1
f 1118/918/1 854/796/1 886/797/1
f 1118/918/1 886/797/1 1119/919/1
f 1119/919/1 886/797/1 1120/923/1
f 885/791/1 856/790/1 1121/915/1
f 1121/915/1 856/790/1 1122/916/1
f 1121/915/1 1123/914/1 885/791/1
f 885/791/1 1123/914/1 1124/926/1
f 885/791/1 1124/926/1 886/797/1
f 886/797/1 1124/926/1 1125/924/1
f 886/797/1 1125/924/1 1120/923/1
f 1117/917/1 1126/922/1 854/796/1
f 854/796/1 1126/922/1 1127/921/1
f 854/796/1 1127/921/1 856/790/1
f 856/790/1 1127/921/1 1128/920/1
f 856/790/1 1128/920/1 1122/916/1
f 802/821/4 801/819/4 885/991/4
f 885/991/4 801/819/4 856/992/4
f 886/991/2 854/992/2 808/821/2
f 808/821/2 854/992/2 807/819/2
f 1129/927/1 857/792/1 1130/928/1
f 1130/928/1 857/792/1 884/793/1
f 1130/928/1 884/793/1 1131/932/1
f 1131/932/1 884/793/1 1132/939/1
f 881/787/1 858/786/1 1133/946/1
f 1133/946/1 858/786/1 1134/933/1
f 1133/946/1 1135/943/1 881/787/1
f 881/787/1 1135/943/1 1136/942/1
f 881/787/1 1136/942/1 884/793/1
f 884/793/1 1136/942/1 1137/940/1
f 884/793/1 1137/940/1 1132/939/1
f 1129/927/1 1138/936/1 857/792/1
f 857/792/1 1138/936/1 1139/935/1
f 857/792/1 1139/935/1 858/786/1
f 858/786/1 1139/935/1 1140/934/1
f 858/786/1 1140/934/1 1134/933/1
f 798/821/4 797/819/4 881/991/4
f 881/991/4 797/819/4 858/992/4
f 884/991/2 857/992/2 804/821/2
f 804/821/2 857/992/2 803/819/2
f 1141/948/1 1142/947/1 880/789/1
f 1143/937/1 1144/931/1 861/782/1
f 861/782/1 1144/931/1 1145/930/1
f 861/782/1 1145/930/1 882/783/1
f 882/783/1 1145/930/1 1146/929/1
f 880/789/1 1142/947/1 860/788/1
f 1142/947/1 1147/945/1 860/788/1
f 860/788/1 1147/945/1 1148/944/1
f 860/788/1 1148/944/1 861/782/1
f 861/782/1 1148/944/1 1149/938/1
f 861/782/1 1149/938/1 1143/937/1
f 1146/929/1 1150/951/1 882/783/1
f 882/783/1 1150/951/1 1151/950/1
f 882/783/1 1151/950/1 880/789/1
f 880/789/1 1151/950/1 1152/949/1
f 880/789/1 1152/949/1 1141/948/1
f 794/821/4 793/819/4 882/991/4
f 882/991/4 793/819/4 861/992/4
f 880/991/2 860/992/2 800/821/2
f 800/821/2 860/992/2 799/819/2
f 1153/954/1 1154/953/1 878/785/1
f 1155/956/1 1156/955/1 864/778/1
f 864/778/1 1156/955/1 1157/964/1
f 864/778/1 1157/964/1 877/779/1
f 877/779/1 1157/964/1 1158/963/1
f 878/785/1 1154/953/1 862/784/1
f 1154/953/1 1159/952/1 862/784/1
f 862/784/1 1159/952/1 1160/958/1
f 862/784/1 1160/958/1 864/778/1
f 864/778/1 1160/958/1 1161/957/1
f 864/778/1 1161/957/1 1155/956/1
f 1158/963/1 1162/962/1 877/779/1
f 877/779/1 1162/962/1 1163/960/1
f 877/779/1 1163/960/1 878/785/1
f 878/785/1 1163/960/1 1164/959/1
f 878/785/1 1164/959/1 1153/954/1
f 790/821/4 789/819/4 877/991/4
f 877/991/4 789/819/4 864/992/4
f 878/991/2 862/992/2 796/821/2
f 796/821/2 862/992/2 795/819/2
f 1165/974/1 1166/973/1 876/781/1
f 876/781/1 1166/973/1 865/780/1
f 1167/970/1 1168/971/1 866/777/1
f 866/777/1 1168/971/1 1169/977/1
f 866/777/1 1169/977/1 874/776/1
f 874/776/1 1169/977/1 1170/976/1
f 1170/976/1 1171/975/1 874/776/1
f 874/776/1 1171/975/1 1172/966/1
f 874/776/1 1172/966/1 876/781/1
f 876/781/1 1172/966/1 1173/965/1
f 876/781/1 1173/965/1 1165/974/1
f 1166/973/1 1174/972/1 865/780/1
f 865/780/1 1174/972/1 1175/968/1
f 865/780/1 1175/968/1 866/777/1
f 866/777/1 1175/968/1 1176/969/1
f 866/777/1 1176/969/1 1167/970/1
f 787/821/4 788/819/4 874/991/4
f 874/991/4 788/819/4 866/992/4
f 876/991/2 865/992/2 792/821/2
f 792/821/2 865/992/2 791/819/2
f 1028/993/23 1166/994/23 1029/995/23
f 1029/995/23 1166/994/23 1165/996/23
f 1029/674/9 1165/675/9 1021/676/9
f 1021/676/37 1165/675/37 1173/677/37
f 1021/676/10 1173/677/10 1022/678/10
f 1022/678/10 1173/677/10 1172/679/10
f 1022/678/11 1172/679/11 1030/680/11
f 1030/680/11 1172/679/11 1171/681/11
f 1030/680/35 1171/681/35 1031/682/35
f 1031/682/12 1171/681/12 1170/683/12
f 1031/995/24 1170/996/24 1032/993/24
f 1032/993/14 1170/996/14 1169/994/14
f 1032/993/15 1169/994/15 1026/997/15
f 1026/997/25 1169/994/25 1168/998/25
f 1026/682/17 1168/683/17 1025/680/17
f 1025/680/36 1168/683/36 1167/681/36
f 1025/680/18 1167/681/18 1024/678/18
f 1024/678/18 1167/681/18 1176/679/18
f 1024/678/19 1176/679/19 1023/676/19
f 1023/676/19 1176/679/19 1175/677/19
f 1023/676/38 1175/677/38 1027/674/38
f 1027/674/20 1175/677/20 1174/675/20
f 1027/997/26 1174/998/26 1028/993/26
f 1028/993/26 1174/998/26 1166/994/26
f 1010/993/23 1154/994/23 1011/995/23
f 1011/995/23 1154/994/23 1153/996/23
f 1011/684/37 1153/685/37 1016/686/37
f 1016/686/9 1153/685/9 1164/687/9
f 1016/686/10 1164/687/10 1017/688/10
f 1017/688/10 1164/687/10 1163/689/10
f 1017/688/11 1163/689/11 1018/690/11
f 1018/690/11 1163/689/11 1162/691/11
f 1018/690/12 1162/691/12 1019/692/12
f 1019/692/12 1162/691/12 1158/693/12
f 1019/995/14 1158/996/14 1020/993/14
f 1020/993/24 1158/996/24 1157/994/24
f 1020/993/25 1157/994/25 1012/997/25
f 1012/997/15 1157/994/15 1156/998/15
f 1012/692/17 1156/693/17 1013/690/17
f 1013/690/17 1156/693/17 1155/691/17
f 1013/690/18 1155/691/18 1014/688/18
f 1014/688/18 1155/691/18 1161/689/18
f 1014/688/19 1161/689/19 1015/686/19
f 1015/686/19 1161/689/19 1160/687/19
f 1015/686/20 1160/687/20 1009/684/20
f 1009/684/38 1160/687/38 1159/685/38
f 1009/997/26 1159/998/26 1010/993/26
f 1010/993/26 1159/998/26 1154/994/26
f 1004/993/23 1142/994/23 1005/995/23
f 1005/995/23 1142/994/23 1141/996/23
f 1005/694/9 1141/695/9 1006/696/9
f 1006/696/9 1141/695/9 1152/697/9
f 1006/696/10 1152/697/10 1007/698/10
f 1007/698/10 1152/697/10 1151/699/10
f 1007/698/11 1151/699/11 1008/700/11
f 1008/700/11 1151/699/11 1150/701/11
f 1008/700/12 1150/701/12 987/702/12
f 987/702/12 1150/701/12 1146/703/12
f 987/995/24 1146/996/24 988/993/24
f 988/993/24 1146/996/24 1145/994/24
f 988/993/25 1145/994/25 989/997/25
f 989/997/25 1145/994/25 1144/998/25
f 989/702/17 1144/703/17 995/700/17
f 995/700/17 1144/703/17 1143/701/17
f 995/700/18 1143/701/18 996/698/18
f 996/698/18 1143/701/18 1149/699/18
f 996/698/19 1149/699/19 1001/696/19
f 1001/696/19 1149/699/19 1148/697/19
f 1001/696/20 1148/697/20 1002/694/20
f 1002/694/20 1148/697/20 1147/695/20
f 1002/997/26 1147/998/26 1004/993/26
f 1004/993/26 1147/998/26 1142/994/26
f 986/993/23 1130/994/23 990/995/23
f 990/995/8 1130/994/8 1131/996/8
f 990/704/9 1131/705/9 997/706/9
f 997/706/9 1131/705/9 1132/707/9
f 997/706/10 1132/707/10 998/708/10
f 998/708/10 1132/707/10 1137/709/10
f 998/708/11 1137/709/11 999/710/11
f 999/710/11 1137/709/11 1136/711/11
f 999/710/12 1136/711/12 1000/712/12
f 1000/712/35 1136/711/35 1135/713/35
f 1000/995/24 1135/996/24 1003/993/24
f 1003/993/24 1135/996/24 1133/994/24
f 1003/993/25 1133/994/25 991/997/25
f 991/997/25 1133/994/25 1134/998/25
f 991/712/36 1134/713/36 992/710/36
f 992/710/17 1134/713/17 1140/711/17
f 992/710/18 1140/711/18 993/708/18
f 993/708/18 1140/711/18 1139/709/18
f 993/708/19 1139/709/19 994/706/19
f 994/706/19 1139/709/19 1138/707/19
f 994/706/20 1138/707/20 985/704/20
f 985/704/20 1138/707/20 1129/705/20
f 985/997/21 1129/998/21 986/993/21
f 986/993/26 1129/998/26 1130/994/26
f 977/993/8 1118/994/8 978/995/8
f 978/995/23 1118/994/23 1119/996/23
f 978/714/9 1119/715/9 982/716/9
f 982/716/37 1119/715/37 1120/717/37
f 982/716/10 1120/717/10 983/718/10
f 983/718/10 1120/717/10 1125/719/10
f 983/718/11 1125/719/11 984/720/11
f 984/720/11 1125/719/11 1124/721/11
f 984/720/35 1124/721/35 973/722/35
f 973/722/12 1124/721/12 1123/723/12
f 973/995/24 1123/996/24 974/993/24
f 974/993/14 1123/996/14 1121/994/14
f 974/993/15 1121/994/15 975/997/15
f 975/997/25 1121/994/25 1122/998/25
f 975/722/17 1122/723/17 979/720/17
f 979/720/36 1122/723/36 1128/721/36
f 979/720/18 1128/721/18 980/718/18
f 980/718/18 1128/721/18 1127/719/18
f 980/718/19 1127/719/19 981/716/19
f 981/716/19 1127/719/19 1126/717/19
f 981/716/38 1126/717/38 976/714/38
f 976/714/20 1126/717/20 1117/715/20
f 976/997/26 1117/998/26 977/993/26
f 977/993/21 1117/998/21 1118/994/21
f 965/993/23 1106/994/23 966/995/23
f 966/995/23 1106/994/23 1107/996/23
f 966/724/37 1107/725/37 970/726/37
f 970/726/9 1107/725/9 1108/727/9
f 970/726/10 1108/727/10 971/728/10
f 971/728/10 1108/727/10 1113/729/10
f 971/728/11 1113/729/11 972/730/11
f 972/730/11 1113/729/11 1112/731/11
f 972/730/12 1112/731/12 961/732/12
f 961/732/12 1112/731/12 1111/733/12
f 961/995/14 1111/996/14 962/993/14
f 962/993/24 1111/996/24 1109/994/24
f 962/993/25 1109/994/25 963/997/25
f 963/997/15 1109/994/15 1110/998/15
f 963/732/17 1110/733/17 967/730/17
f 967/730/17 1110/733/17 1116/731/17
f 967/730/18 1116/731/18 968/728/18
f 968/728/18 1116/731/18 1115/729/18
f 968/728/19 1115/729/19 969/726/19
f 969/726/19 1115/729/19 1114/727/19
f 969/726/20 1114/727/20 964/724/20
f 964/724/38 1114/727/38 1105/725/38
f 964/997/26 1105/998/26 965/993/26
f 965/993/26 1105/998/26 1106/994/26
f 953/993/23 1094/994/23 954/995/23
f 954/995/23 1094/994/23 1095/996/23
f 954/734/9 1095/735/9 958/736/9
f 958/736/9 1095/735/9 1096/737/9
f 958/736/10 1096/737/10 959/738/10
f 959/738/10 1096/737/10 1101/739/10
f 959/738/11 1101/739/11 960/740/11
f 960/740/11 1101/739/11 1100/741/11
f 960/740/12 1100/741/12 949/742/12
f 949/742/12 1100/741/12 1099/743/12
f 949/995/24 1099/996/24 950/993/24
f 950/993/24 1099/996/24 1097/994/24
f 950/993/25 1097/994/25 951/997/25
f 951/997/25 1097/994/25 1098/998/25
f 951/742/17 1098/743/17 955/740/17
f 955/740/17 1098/743/17 1104/741/17
f 955/740/18 1104/741/18 956/738/18
f 956/738/18 1104/741/18 1103/739/18
f 956/738/19 1103/739/19 957/736/19
f 957/736/19 1103/739/19 1102/737/19
f 957/736/20 1102/737/20 952/734/20
f 952/734/20 1102/737/20 1093/735/20
f 952/997/26 1093/998/26 953/993/26
f 953/993/26 1093/998/26 1094/994/26
f 938/993/8 1082/994/8 942/995/8
f 942/995/23 1082/994/23 1083/996/23
f 942/744/9 1083/745/9 946/746/9
f 946/746/31 1083/745/31 1084/747/31
f 946/746/10 1084/747/10 947/748/10
f 947/748/10 1084/747/10 1092/749/10
f 947/748/11 1092/749/11 948/750/11
f 948/750/11 1092/749/11 1091/751/11
f 948/750/35 1091/751/35 939/752/35
f 939/752/12 1091/751/12 1090/753/12
f 939/995/24 1090/996/24 940/993/24
f 940/993/24 1090/996/24 1089/994/24
f 940/993/25 1089/994/25 941/997/25
f 941/997/25 1089/994/25 1088/998/25
f 941/752/17 1088/753/17 943/750/17
f 943/750/36 1088/753/36 1085/751/36
f 943/750/18 1085/751/18 944/748/18
f 944/748/18 1085/751/18 1086/749/18
f 944/748/19 1086/749/19 945/746/19
f 945/746/19 1086/749/19 1087/747/19
f 945/746/34 1087/747/34 937/744/34
f 937/744/20 1087/747/20 1081/745/20
f 937/997/26 1081/998/26 938/993/26
f 938/993/21 1081/998/21 1082/994/21
f 926/993/7 1070/994/7 930/995/7
f 930/995/23 1070/994/23 1071/996/23
f 930/754/27 1071/755/27 934/756/27
f 934/756/31 1071/755/31 1080/757/31
f 934/756/10 1080/757/10 935/758/10
f 935/758/10 1080/757/10 1079/759/10
f 935/758/11 1079/759/11 936/760/11
f 936/760/11 1079/759/11 1078/761/11
f 936/760/12 1078/761/12 927/762/12
f 927/762/28 1078/761/28 1075/763/28
f 927/995/14 1075/996/14 928/993/14
f 928/993/24 1075/996/24 1076/994/24
f 928/993/25 1076/994/25 929/997/25
f 929/997/15 1076/994/15 1077/998/15
f 929/762/29 1077/763/29 931/760/29
f 931/760/17 1077/763/17 1072/761/17
f 931/760/18 1072/761/18 932/758/18
f 932/758/18 1072/761/18 1073/759/18
f 932/758/19 1073/759/19 933/756/19
f 933/756/19 1073/759/19 1074/757/19
f 933/756/34 1074/757/34 925/754/34
f 925/754/30 1074/757/30 1069/755/30
f 925/997/26 1069/998/26 926/993/26
f 926/993/22 1069/998/22 1070/994/22
f 917/993/7 1058/994/7 916/995/7
f 916/995/8 1058/994/8 1059/996/8
f 916/764/9 1059/765/9 922/766/9
f 922/766/31 1059/765/31 1068/767/31
f 922/766/10 1068/767/10 923/768/10
f 923/768/10 1068/767/10 1067/769/10
f 923/768/11 1067/769/11 924/770/11
f 924/770/11 1067/769/11 1066/771/11
f 924/770/12 1066/771/12 913/772/12
f 913/772/32 1066/771/32 1063/773/32
f 913/995/13 1063/996/13 914/993/13
f 914/993/24 1063/996/24 1064/994/24
f 914/993/25 1064/994/25 915/997/25
f 915/997/16 1064/994/16 1065/998/16
f 915/772/33 1065/773/33 919/770/33
f 919/770/17 1065/773/17 1060/771/17
f 919/770/18 1060/771/18 920/768/18
f 920/768/18 1060/771/18 1061/769/18
f 920/768/19 1061/769/19 921/766/19
f 921/766/19 1061/769/19 1062/767/19
f 921/766/34 1062/767/34 918/764/34
f 918/764/20 1062/767/20 1057/765/20
f 918/997/21 1057/998/21 917/993/21
f 917/993/22 1057/998/22 1058/994/22
f 1177/999/1 1178/1000/1 1179/1001/1
f 1179/1001/1 1178/1000/1 1180/1002/1
f 1181/1003/1 1182/1004/1 1183/1005/1
f 1183/1005/1 1182/1004/1 1184/1006/1
f 1185/1007/1 1186/1008/1 1187/1009/1
f 1187/1009/1 1186/1008/1 1188/1010/1
f 1189/1011/1 1190/1012/1 1191/1013/1
f 1191/1013/1 1190/1012/1 1192/1014/1
f 1193/1015/1 1194/1016/1 1195/1017/1
f 1195/1017/1 1194/1016/1 1196/1018/1
f 1197/1019/1 1198/1020/1 1199/1021/1
f 1199/1021/1 1198/1020/1 1200/1022/1
f 1201/1023/1 1202/1024/1 1203/1025/1
f 1203/1025/1 1202/1024/1 1204/1026/1
f 1205/1027/1 1206/1028/1 1207/1029/1
f 1207/1029/1 1206/1028/1 1208/1030/1
f 1209/1031/1 1210/1032/1 1211/1033/1
f 1211/1033/1 1210/1032/1 1212/1034/1
f 1213/1035/1 1214/1036/1 1215/1037/1
f 1215/1037/1 1214/1036/1 1216/1038/1
f 1217/1039/1 1218/1040/1 1219/1041/1
f 1219/1041/1 1218/1040/1 1220/1042/1
f 1221/818/2 1218/819/2 1222/820/2
f 1222/820/2 1218/819/2 1217/821/2
f 1222/820/2 1217/821/2 1223/822/2
f 1224/1043/3 1225/1044/3 1226/1045/3
f 1227/1046/3 1228/1047/3 1229/1048/3
f 1229/1048/3 1228/1047/3 1230/1049/3
f 1229/1048/3 1230/1049/3 1178/1050/3
f 1178/1050/3 1230/1049/3 1180/1051/3
f 1227/1046/3 1220/1052/3 1228/1047/3
f 1228/1047/3 1220/1052/3 1218/1053/3
f 1228/1047/3 1218/1053/3 1221/1054/3
f 1226/1045/3 1231/1055/3 1224/1043/3
f 1224/1043/3 1231/1055/3 1232/1056/3
f 1224/1043/3 1232/1056/3 1233/1057/3
f 1233/1057/3 1232/1056/3 1213/1058/3
f 1233/1057/3 1213/1058/3 1215/1059/3
f 1215/1059/3 1234/1060/3 1233/1057/3
f 1233/1057/3 1234/1060/3 1235/1061/3
f 1233/1057/3 1235/1061/3 1236/1062/3
f 1209/1063/3 1211/1064/3 1237/1065/3
f 1235/1061/3 1209/1063/3 1236/1062/3
f 1236/1062/3 1209/1063/3 1237/1065/3
f 1236/1062/3 1237/1065/3 1238/1066/3
f 1238/1066/3 1237/1065/3 1239/1067/3
f 1238/1066/3 1239/1067/3 1205/1068/3
f 1240/1069/3 1241/1070/3 1242/1071/3
f 1242/1071/3 1241/1070/3 1238/1066/3
f 1242/1071/3 1238/1066/3 1207/1072/3
f 1207/1072/3 1238/1066/3 1205/1068/3
f 1201/1073/3 1203/1074/3 1243/1075/3
f 1240/1069/3 1201/1073/3 1241/1070/3
f 1241/1070/3 1201/1073/3 1243/1075/3
f 1241/1070/3 1243/1075/3 1244/1076/3
f 1244/1076/3 1243/1075/3 1245/1077/3
f 1244/1076/3 1245/1077/3 1197/1078/3
f 1197/1078/3 1199/1079/3 1244/1076/3
f 1244/1076/3 1199/1079/3 1246/1080/3
f 1244/1076/3 1246/1080/3 1247/1081/3
f 1247/1081/3 1246/1080/3 1248/1082/3
f 1247/1081/3 1248/1082/3 1193/1083/3
f 1193/1083/3 1195/1084/3 1249/1085/3
f 1193/1083/3 1249/1085/3 1247/1081/3
f 1247/1081/3 1249/1085/3 1250/1086/3
f 1247/1081/3 1250/1086/3 1251/1087/3
f 1189/1088/3 1191/1089/3 1250/1086/3
f 1250/1086/3 1191/1089/3 1252/1090/3
f 1250/1086/3 1252/1090/3 1251/1087/3
f 1251/1087/3 1252/1090/3 1253/1091/3
f 1251/1087/3 1253/1091/3 1185/1092/3
f 1185/1092/3 1187/1093/3 1251/1087/3
f 1251/1087/3 1187/1093/3 1254/1094/3
f 1251/1087/3 1254/1094/3 1255/1095/3
f 1255/1095/3 1254/1094/3 1256/1096/3
f 1255/1095/3 1256/1096/3 1181/1097/3
f 1181/1097/3 1183/1098/3 1255/1095/3
f 1255/1095/3 1183/1098/3 1257/1099/3
f 1255/1095/3 1257/1099/3 1230/1049/3
f 1230/1049/3 1257/1099/3 1258/1100/3
f 1230/1049/3 1258/1100/3 1180/1051/3
f 1259/822/4 1260/821/4 1261/820/4
f 1261/820/4 1260/821/4 1225/819/4
f 1261/820/4 1225/819/4 1224/818/4
f 1262/1047/5 1223/1054/5 1217/1053/5
f 1217/1053/5 1219/1052/5 1263/1046/5
f 1264/1095/5 1265/1049/5 1266/1100/5
f 1266/1100/5 1265/1049/5 1179/1051/5
f 1217/1053/5 1263/1046/5 1262/1047/5
f 1262/1047/5 1263/1046/5 1267/1048/5
f 1262/1047/5 1267/1048/5 1265/1049/5
f 1265/1049/5 1267/1048/5 1177/1050/5
f 1265/1049/5 1177/1050/5 1179/1051/5
f 1266/1100/5 1268/1099/5 1264/1095/5
f 1264/1095/5 1268/1099/5 1184/1098/5
f 1264/1095/5 1184/1098/5 1182/1097/5
f 1182/1097/5 1269/1096/5 1264/1095/5
f 1264/1095/5 1269/1096/5 1270/1094/5
f 1264/1095/5 1270/1094/5 1271/1087/5
f 1271/1087/5 1270/1094/5 1188/1093/5
f 1271/1087/5 1188/1093/5 1186/1092/5
f 1192/1089/5 1190/1088/5 1272/1090/5
f 1272/1090/5 1190/1088/5 1273/1086/5
f 1186/1092/5 1274/1091/5 1271/1087/5
f 1271/1087/5 1274/1091/5 1272/1090/5
f 1271/1087/5 1272/1090/5 1275/1081/5
f 1275/1081/5 1272/1090/5 1273/1086/5
f 1273/1086/5 1276/1085/5 1275/1081/5
f 1275/1081/5 1276/1085/5 1196/1084/5
f 1275/1081/5 1196/1084/5 1194/1083/5
f 1194/1083/5 1277/1082/5 1275/1081/5
f 1275/1081/5 1277/1082/5 1278/1080/5
f 1275/1081/5 1278/1080/5 1279/1076/5
f 1279/1076/5 1278/1080/5 1200/1079/5
f 1279/1076/5 1200/1079/5 1198/1078/5
f 1198/1078/5 1280/1077/5 1279/1076/5
f 1279/1076/5 1280/1077/5 1281/1075/5
f 1279/1076/5 1281/1075/5 1282/1070/5
f 1282/1070/5 1281/1075/5 1204/1074/5
f 1282/1070/5 1204/1074/5 1202/1073/5
f 1202/1073/5 1283/1069/5 1282/1070/5
f 1282/1070/5 1283/1069/5 1284/1071/5
f 1282/1070/5 1284/1071/5 1285/1066/5
f 1285/1066/5 1284/1071/5 1208/1072/5
f 1285/1066/5 1208/1072/5 1206/1068/5
f 1206/1068/5 1286/1067/5 1285/1066/5
f 1285/1066/5 1286/1067/5 1287/1065/5
f 1285/1066/5 1287/1065/5 1288/1062/5
f 1212/1064/5 1210/1063/5 1289/1061/5
f 1290/1060/5 1291/1057/5 1289/1061/5
f 1289/1061/5 1291/1057/5 1288/1062/5
f 1289/1061/5 1288/1062/5 1212/1064/5
f 1212/1064/5 1288/1062/5 1287/1065/5
f 1216/1059/5 1214/1058/5 1292/1056/5
f 1293/1045/5 1260/1044/5 1294/1055/5
f 1294/1055/5 1260/1044/5 1259/1043/5
f 1294/1055/5 1259/1043/5 1292/1056/5
f 1292/1056/5 1259/1043/5 1291/1057/5
f 1292/1056/5 1291/1057/5 1216/1059/5
f 1216/1059/5 1291/1057/5 1290/1060/5
f 1225/1101/1 1260/1102/1 1226/1103/1
f 1226/1103/1 1260/1102/1 1293/1104/1
f 1221/1040/6 1222/1105/6 1228/1106/6
f 1228/1106/6 1222/1105/6 1295/1107/6
f 1228/1106/6 1295/1107/6 1230/1108/6
f 1230/1108/6 1295/1107/6 1296/1109/6
f 1230/1108/6 1296/1109/6 1255/1110/6
f 1255/1110/6 1296/1109/6 1297/1111/6
f 1255/1110/6 1297/1111/6 1251/1112/6
f 1251/1112/6 1297/1111/6 1298/1113/6
f 1251/1112/6 1298/1113/6 1247/1114/6
f 1247/1114/6 1298/1113/6 1299/1115/6
f 1247/1114/6 1299/1115/6 1244/1116/6
f 1244/1116/6 1299/1115/6 1300/1117/6
f 1244/1116/6 1300/1117/6 1241/1118/6
f 1241/1118/6 1300/1117/6 1301/1119/6
f 1241/1118/6 1301/1119/6 1238/1120/6
f 1238/1120/6 1301/1119/6 1302/1121/6
f 1238/1120/6 1302/1121/6 1236/1122/6
f 1236/1122/6 1302/1121/6 1303/1123/6
f 1236/1122/6 1303/1123/6 1233/1124/6
f 1233/1124/6 1303/1123/6 1304/1125/6
f 1233/1124/6 1304/1125/6 1224/1101/6
f 1224/1101/6 1304/1125/6 1261/1126/6
f 1305/1127/6 1306/1128/6 1304/1125/6
f 1304/1125/6 1306/1128/6 1307/1129/6
f 1308/1130/6 1259/1102/6 1309/1131/6
f 1309/1131/6 1259/1102/6 1261/1126/6
f 1309/1131/6 1261/1126/6 1310/1132/6
f 1307/1129/6 1311/1133/6 1304/1125/6
f 1304/1125/6 1311/1133/6 1312/1134/6
f 1304/1125/6 1312/1134/6 1261/1126/6
f 1261/1126/6 1312/1134/6 1313/1135/6
f 1261/1126/6 1313/1135/6 1310/1132/6
f 1308/1130/6 1314/1136/6 1259/1102/6
f 1259/1102/6 1314/1136/6 1315/1137/6
f 1259/1102/6 1315/1137/6 1291/1138/6
f 1291/1138/6 1315/1137/6 1316/1139/6
f 1291/1138/6 1316/1139/6 1305/1127/6
f 1317/1140/6 1318/1141/6 1304/1125/6
f 1319/1142/6 1320/1143/6 1303/1123/6
f 1303/1123/6 1320/1143/6 1321/1144/6
f 1305/1127/6 1304/1125/6 1291/1138/6
f 1291/1138/6 1304/1125/6 1318/1141/6
f 1291/1138/6 1318/1141/6 1322/1145/6
f 1321/1144/6 1323/1146/6 1303/1123/6
f 1303/1123/6 1323/1146/6 1324/1147/6
f 1303/1123/6 1324/1147/6 1304/1125/6
f 1304/1125/6 1324/1147/6 1325/1148/6
f 1304/1125/6 1325/1148/6 1317/1140/6
f 1322/1145/6 1326/1149/6 1291/1138/6
f 1291/1138/6 1326/1149/6 1327/1150/6
f 1291/1138/6 1327/1150/6 1288/1151/6
f 1288/1151/6 1327/1150/6 1328/1152/6
f 1288/1151/6 1328/1152/6 1319/1142/6
f 1329/1153/6 1330/1154/6 1303/1123/6
f 1331/1155/6 1332/1156/6 1302/1121/6
f 1302/1121/6 1332/1156/6 1333/1157/6
f 1319/1142/6 1303/1123/6 1288/1151/6
f 1288/1151/6 1303/1123/6 1330/1154/6
f 1288/1151/6 1330/1154/6 1334/1158/6
f 1333/1157/6 1335/1159/6 1302/1121/6
f 1302/1121/6 1335/1159/6 1336/1160/6
f 1302/1121/6 1336/1160/6 1303/1123/6
f 1303/1123/6 1336/1160/6 1337/1161/6
f 1303/1123/6 1337/1161/6 1329/1153/6
f 1334/1158/6 1338/1162/6 1288/1151/6
f 1288/1151/6 1338/1162/6 1339/1163/6
f 1288/1151/6 1339/1163/6 1285/1164/6
f 1285/1164/6 1339/1163/6 1340/1165/6
f 1285/1164/6 1340/1165/6 1331/1155/6
f 1341/1166/6 1342/1167/6 1301/1119/6
f 1301/1119/6 1342/1167/6 1343/1168/6
f 1302/1121/6 1344/1169/6 1345/1170/6
f 1331/1155/6 1302/1121/6 1285/1164/6
f 1285/1164/6 1302/1121/6 1345/1170/6
f 1285/1164/6 1345/1170/6 1346/1171/6
f 1343/1168/6 1347/1172/6 1301/1119/6
f 1301/1119/6 1347/1172/6 1348/1173/6
f 1301/1119/6 1348/1173/6 1302/1121/6
f 1302/1121/6 1348/1173/6 1349/1174/6
f 1302/1121/6 1349/1174/6 1344/1169/6
f 1346/1171/6 1350/1175/6 1285/1164/6
f 1285/1164/6 1350/1175/6 1351/1176/6
f 1285/1164/6 1351/1176/6 1282/1177/6
f 1282/1177/6 1351/1176/6 1352/1178/6
f 1282/1177/6 1352/1178/6 1341/1166/6
f 1353/1179/6 1354/1180/6 1300/1117/6
f 1300/1117/6 1354/1180/6 1355/1181/6
f 1301/1119/6 1356/1182/6 1357/1183/6
f 1341/1166/6 1301/1119/6 1282/1177/6
f 1282/1177/6 1301/1119/6 1357/1183/6
f 1282/1177/6 1357/1183/6 1358/1184/6
f 1355/1181/6 1359/1185/6 1300/1117/6
f 1300/1117/6 1359/1185/6 1360/1186/6
f 1300/1117/6 1360/1186/6 1301/1119/6
f 1301/1119/6 1360/1186/6 1361/1187/6
f 1301/1119/6 1361/1187/6 1356/1182/6
f 1358/1184/6 1362/1188/6 1282/1177/6
f 1282/1177/6 1362/1188/6 1363/1189/6
f 1282/1177/6 1363/1189/6 1279/1190/6
f 1279/1190/6 1363/1189/6 1364/1191/6
f 1279/1190/6 1364/1191/6 1353/1179/6
f 1365/1192/6 1366/1193/6 1299/1115/6
f 1299/1115/6 1366/1193/6 1367/1194/6
f 1300/1117/6 1368/1195/6 1369/1196/6
f 1353/1179/6 1300/1117/6 1279/1190/6
f 1279/1190/6 1300/1117/6 1369/1196/6
f 1279/1190/6 1369/1196/6 1370/1197/6
f 1367/1194/6 1371/1198/6 1299/1115/6
f 1299/1115/6 1371/1198/6 1372/1199/6
f 1299/1115/6 1372/1199/6 1300/1117/6
f 1300/1117/6 1372/1199/6 1373/1200/6
f 1300/1117/6 1373/1200/6 1368/1195/6
f 1370/1197/6 1374/1201/6 1279/1190/6
f 1279/1190/6 1374/1201/6 1375/1202/6
f 1279/1190/6 1375/1202/6 1275/1203/6
f 1275/1203/6 1375/1202/6 1376/1204/6
f 1275/1203/6 1376/1204/6 1365/1192/6
f 1299/1115/6 1377/1205/6 1378/1206/6
f 1379/1207/6 1380/1208/6 1298/1113/6
f 1298/1113/6 1380/1208/6 1381/1209/6
f 1365/1192/6 1299/1115/6 1275/1203/6
f 1275/1203/6 1299/1115/6 1378/1206/6
f 1275/1203/6 1378/1206/6 1382/1210/6
f 1383/1211/6 1384/1212/6 1298/1113/6
f 1298/1113/6 1384/1212/6 1385/1213/6
f 1298/1113/6 1385/1213/6 1299/1115/6
f 1299/1115/6 1385/1213/6 1386/1214/6
f 1299/1115/6 1386/1214/6 1377/1205/6
f 1381/1209/6 1387/1215/6 1298/1113/6
f 1298/1113/6 1387/1215/6 1388/1216/6
f 1298/1113/6 1388/1216/6 1383/1211/6
f 1382/1210/6 1389/1217/6 1275/1203/6
f 1275/1203/6 1389/1217/6 1390/1218/6
f 1275/1203/6 1390/1218/6 1271/1219/6
f 1271/1219/6 1390/1218/6 1391/1220/6
f 1271/1219/6 1391/1220/6 1392/1221/6
f 1388/1216/6 1393/1222/6 1383/1211/6
f 1383/1211/6 1393/1222/6 1394/1223/6
f 1383/1211/6 1394/1223/6 1395/1224/6
f 1395/1224/6 1394/1223/6 1396/1225/6
f 1395/1224/6 1396/1225/6 1392/1221/6
f 1392/1221/6 1396/1225/6 1397/1226/6
f 1397/1226/6 1398/1227/6 1392/1221/6
f 1392/1221/6 1398/1227/6 1399/1228/6
f 1392/1221/6 1399/1228/6 1271/1219/6
f 1271/1219/6 1399/1228/6 1400/1229/6
f 1271/1219/6 1400/1229/6 1379/1207/6
f 1401/1230/6 1402/1231/6 1298/1113/6
f 1379/1207/6 1298/1113/6 1271/1219/6
f 1271/1219/6 1298/1113/6 1402/1231/6
f 1271/1219/6 1402/1231/6 1403/1232/6
f 1404/1233/6 1405/1234/6 1297/1111/6
f 1297/1111/6 1405/1234/6 1406/1235/6
f 1297/1111/6 1406/1235/6 1298/1113/6
f 1298/1113/6 1406/1235/6 1407/1236/6
f 1298/1113/6 1407/1236/6 1401/1230/6
f 1403/1232/6 1408/1237/6 1271/1219/6
f 1271/1219/6 1408/1237/6 1409/1238/6
f 1271/1219/6 1409/1238/6 1264/1239/6
f 1409/1238/6 1410/1240/6 1264/1239/6
f 1264/1239/6 1410/1240/6 1411/1241/6
f 1264/1239/6 1411/1241/6 1297/1111/6
f 1297/1111/6 1411/1241/6 1412/1242/6
f 1297/1111/6 1412/1242/6 1404/1233/6
f 1413/1243/6 1414/1244/6 1264/1239/6
f 1264/1239/6 1414/1244/6 1265/1245/6
f 1415/1246/6 1297/1111/6 1416/1247/6
f 1416/1247/6 1297/1111/6 1296/1109/6
f 1416/1247/6 1296/1109/6 1417/1248/6
f 1417/1248/6 1296/1109/6 1418/1249/6
f 1415/1246/6 1419/1250/6 1297/1111/6
f 1297/1111/6 1419/1250/6 1420/1251/6
f 1297/1111/6 1420/1251/6 1264/1239/6
f 1264/1239/6 1420/1251/6 1421/1252/6
f 1264/1239/6 1421/1252/6 1413/1243/6
f 1414/1244/6 1422/1253/6 1265/1245/6
f 1265/1245/6 1422/1253/6 1423/1254/6
f 1265/1245/6 1423/1254/6 1296/1109/6
f 1296/1109/6 1423/1254/6 1424/1255/6
f 1296/1109/6 1424/1255/6 1418/1249/6
f 1425/1256/6 1426/1257/6 1295/1107/6
f 1295/1107/6 1426/1257/6 1427/1258/6
f 1428/1259/6 1262/1260/6 1429/1261/6
f 1429/1261/6 1262/1260/6 1265/1245/6
f 1429/1261/6 1265/1245/6 1430/1262/6
f 1431/1263/6 1296/1109/6 1432/1264/6
f 1432/1264/6 1296/1109/6 1295/1107/6
f 1432/1264/6 1295/1107/6 1433/1265/6
f 1433/1265/6 1295/1107/6 1427/1258/6
f 1431/1263/6 1434/1266/6 1296/1109/6
f 1296/1109/6 1434/1266/6 1435/1267/6
f 1296/1109/6 1435/1267/6 1265/1245/6
f 1265/1245/6 1435/1267/6 1436/1268/6
f 1265/1245/6 1436/1268/6 1430/1262/6
f 1222/1105/6 1223/1039/6 1295/1107/6
f 1295/1107/6 1223/1039/6 1262/1260/6
f 1295/1107/6 1262/1260/6 1425/1256/6
f 1425/1256/6 1262/1260/6 1428/1259/6
f 1437/1262/1 1267/999/1 1438/1261/1
f 1438/1261/1 1267/999/1 1263/1041/1
f 1438/1261/1 1263/1041/1 1439/1259/1
f 1437/1262/1 1440/1268/1 1267/999/1
f 1267/999/1 1440/1268/1 1441/1267/1
f 1267/999/1 1441/1267/1 1229/1000/1
f 1441/1267/1 1442/1266/1 1229/1000/1
f 1229/1000/1 1442/1266/1 1443/1263/1
f 1229/1000/1 1443/1263/1 1227/1042/1
f 1227/1042/1 1443/1263/1 1444/1264/1
f 1227/1042/1 1444/1264/1 1445/1265/1
f 1445/1265/1 1446/1258/1 1227/1042/1
f 1227/1042/1 1446/1258/1 1447/1257/1
f 1227/1042/1 1447/1257/1 1263/1041/1
f 1263/1041/1 1447/1257/1 1448/1256/1
f 1263/1041/1 1448/1256/1 1439/1259/1
f 1219/821/4 1220/819/4 1263/991/4
f 1263/991/4 1220/819/4 1227/992/4
f 1267/991/2 1229/992/2 1177/821/2
f 1177/821/2 1229/992/2 1178/819/2
f 1435/993/7 1441/994/7 1436/995/7
f 1436/995/23 1441/994/23 1440/996/23
f 1436/1269/9 1440/1270/9 1430/1271/9
f 1430/1271/27 1440/1270/27 1437/1272/27
f 1430/1271/10 1437/1272/10 1429/1273/10
f 1429/1273/10 1437/1272/10 1438/1274/10
f 1429/1273/11 1438/1274/11 1428/1275/11
f 1428/1275/11 1438/1274/11 1439/1276/11
f 1428/1275/12 1439/1276/12 1425/1277/12
f 1425/1277/12 1439/1276/12 1448/1278/12
f 1425/995/13 1448/996/13 1426/993/13
f 1426/993/14 1448/996/14 1447/994/14
f 1426/993/15 1447/994/15 1427/997/15
f 1427/997/16 1447/994/16 1446/998/16
f 1427/1277/17 1446/1278/17 1433/1275/17
f 1433/1275/17 1446/1278/17 1445/1276/17
f 1433/1275/18 1445/1276/18 1432/1273/18
f 1432/1273/18 1445/1276/18 1444/1274/18
f 1432/1273/19 1444/1274/19 1431/1271/19
f 1431/1271/19 1444/1274/19 1443/1272/19
f 1431/1271/30 1443/1272/30 1434/1269/30
f 1434/1269/20 1443/1272/20 1442/1270/20
f 1434/997/26 1442/998/26 1435/993/26
f 1435/993/22 1442/998/22 1441/994/22
f 1449/1132/1 1231/1103/1 1450/1131/1
f 1450/1131/1 1231/1103/1 1294/1104/1
f 1450/1131/1 1294/1104/1 1451/1130/1
f 1452/1133/1 1232/1035/1 1453/1134/1
f 1453/1134/1 1232/1035/1 1231/1103/1
f 1453/1134/1 1231/1103/1 1454/1135/1
f 1454/1135/1 1231/1103/1 1449/1132/1
f 1455/1127/1 1292/1036/1 1456/1128/1
f 1456/1128/1 1292/1036/1 1232/1035/1
f 1456/1128/1 1232/1035/1 1457/1129/1
f 1457/1129/1 1232/1035/1 1452/1133/1
f 1455/1127/1 1458/1139/1 1292/1036/1
f 1292/1036/1 1458/1139/1 1459/1137/1
f 1292/1036/1 1459/1137/1 1294/1104/1
f 1294/1104/1 1459/1137/1 1460/1136/1
f 1294/1104/1 1460/1136/1 1451/1130/1
f 1214/821/4 1213/819/4 1292/991/4
f 1292/991/4 1213/819/4 1232/992/4
f 1294/991/2 1231/992/2 1293/821/2
f 1293/821/2 1231/992/2 1226/819/2
f 1461/1140/1 1234/1037/1 1462/1141/1
f 1462/1141/1 1234/1037/1 1290/1038/1
f 1462/1141/1 1290/1038/1 1463/1145/1
f 1464/1146/1 1235/1031/1 1465/1147/1
f 1465/1147/1 1235/1031/1 1234/1037/1
f 1465/1147/1 1234/1037/1 1466/1148/1
f 1466/1148/1 1234/1037/1 1461/1140/1
f 1467/1142/1 1289/1032/1 1468/1143/1
f 1468/1143/1 1289/1032/1 1235/1031/1
f 1468/1143/1 1235/1031/1 1469/1144/1
f 1469/1144/1 1235/1031/1 1464/1146/1
f 1467/1142/1 1470/1152/1 1289/1032/1
f 1289/1032/1 1470/1152/1 1471/1150/1
f 1289/1032/1 1471/1150/1 1290/1038/1
f 1290/1038/1 1471/1150/1 1472/1149/1
f 1290/1038/1 1472/1149/1 1463/1145/1
f 1210/821/4 1209/819/4 1289/991/4
f 1289/991/4 1209/819/4 1235/992/4
f 1290/991/2 1234/992/2 1216/821/2
f 1216/821/2 1234/992/2 1215/819/2
f 1473/1153/1 1237/1033/1 1474/1154/1
f 1474/1154/1 1237/1033/1 1287/1034/1
f 1474/1154/1 1287/1034/1 1475/1158/1
f 1475/1158/1 1287/1034/1 1476/1162/1
f 1477/1159/1 1239/1027/1 1478/1160/1
f 1478/1160/1 1239/1027/1 1237/1033/1
f 1478/1160/1 1237/1033/1 1479/1161/1
f 1479/1161/1 1237/1033/1 1473/1153/1
f 1477/1159/1 1480/1157/1 1239/1027/1
f 1239/1027/1 1480/1157/1 1481/1156/1
f 1239/1027/1 1481/1156/1 1286/1028/1
f 1481/1156/1 1482/1155/1 1286/1028/1
f 1286/1028/1 1482/1155/1 1483/1165/1
f 1286/1028/1 1483/1165/1 1287/1034/1
f 1287/1034/1 1483/1165/1 1484/1163/1
f 1287/1034/1 1484/1163/1 1476/1162/1
f 1206/821/4 1205/819/4 1286/991/4
f 1286/991/4 1205/819/4 1239/992/4
f 1287/991/2 1237/992/2 1212/821/2
f 1212/821/2 1237/992/2 1211/819/2
f 1485/1169/1 1242/1029/1 1486/1170/1
f 1486/1170/1 1242/1029/1 1284/1030/1
f 1486/1170/1 1284/1030/1 1487/1171/1
f 1487/1171/1 1284/1030/1 1488/1175/1
f 1283/1024/1 1240/1023/1 1489/1167/1
f 1489/1167/1 1240/1023/1 1490/1168/1
f 1489/1167/1 1491/1166/1 1283/1024/1
f 1283/1024/1 1491/1166/1 1492/1178/1
f 1283/1024/1 1492/1178/1 1284/1030/1
f 1284/1030/1 1492/1178/1 1493/1176/1
f 1284/1030/1 1493/1176/1 1488/1175/1
f 1485/1169/1 1494/1174/1 1242/1029/1
f 1242/1029/1 1494/1174/1 1495/1173/1
f 1242/1029/1 1495/1173/1 1240/1023/1
f 1240/1023/1 1495/1173/1 1496/1172/1
f 1240/1023/1 1496/1172/1 1490/1168/1
f 1202/821/4 1201/819/4 1283/991/4
f 1283/991/4 1201/819/4 1240/992/4
f 1284/991/2 1242/992/2 1208/821/2
f 1208/821/2 1242/992/2 1207/819/2
f 1497/1182/1 1243/1025/1 1498/1183/1
f 1498/1183/1 1243/1025/1 1281/1026/1
f 1498/1183/1 1281/1026/1 1499/1184/1
f 1499/1184/1 1281/1026/1 1500/1188/1
f 1280/1020/1 1245/1019/1 1501/1180/1
f 1501/1180/1 1245/1019/1 1502/1181/1
f 1501/1180/1 1503/1179/1 1280/1020/1
f 1280/1020/1 1503/1179/1 1504/1191/1
f 1280/1020/1 1504/1191/1 1281/1026/1
f 1281/1026/1 1504/1191/1 1505/1189/1
f 1281/1026/1 1505/1189/1 1500/1188/1
f 1497/1182/1 1506/1187/1 1243/1025/1
f 1243/1025/1 1506/1187/1 1507/1186/1
f 1243/1025/1 1507/1186/1 1245/1019/1
f 1245/1019/1 1507/1186/1 1508/1185/1
f 1245/1019/1 1508/1185/1 1502/1181/1
f 1198/821/4 1197/819/4 1280/991/4
f 1280/991/4 1197/819/4 1245/992/4
f 1281/991/2 1243/992/2 1204/821/2
f 1204/821/2 1243/992/2 1203/819/2
f 1509/1195/1 1246/1021/1 1510/1196/1
f 1510/1196/1 1246/1021/1 1278/1022/1
f 1510/1196/1 1278/1022/1 1511/1197/1
f 1511/1197/1 1278/1022/1 1512/1201/1
f 1277/1016/1 1248/1015/1 1513/1193/1
f 1513/1193/1 1248/1015/1 1514/1194/1
f 1513/1193/1 1515/1192/1 1277/1016/1
f 1277/1016/1 1515/1192/1 1516/1204/1
f 1277/1016/1 1516/1204/1 1278/1022/1
f 1278/1022/1 1516/1204/1 1517/1202/1
f 1278/1022/1 1517/1202/1 1512/1201/1
f 1509/1195/1 1518/1200/1 1246/1021/1
f 1246/1021/1 1518/1200/1 1519/1199/1
f 1246/1021/1 1519/1199/1 1248/1015/1
f 1248/1015/1 1519/1199/1 1520/1198/1
f 1248/1015/1 1520/1198/1 1514/1194/1
f 1194/821/4 1193/819/4 1277/991/4
f 1277/991/4 1193/819/4 1248/992/4
f 1278/991/2 1246/992/2 1200/821/2
f 1200/821/2 1246/992/2 1199/819/2
f 1521/1205/1 1249/1017/1 1522/1206/1
f 1522/1206/1 1249/1017/1 1276/1018/1
f 1522/1206/1 1276/1018/1 1523/1210/1
f 1523/1210/1 1276/1018/1 1524/1217/1
f 1273/1012/1 1250/1011/1 1525/1224/1
f 1525/1224/1 1250/1011/1 1526/1211/1
f 1525/1224/1 1527/1221/1 1273/1012/1
f 1273/1012/1 1527/1221/1 1528/1220/1
f 1273/1012/1 1528/1220/1 1276/1018/1
f 1276/1018/1 1528/1220/1 1529/1218/1
f 1276/1018/1 1529/1218/1 1524/1217/1
f 1521/1205/1 1530/1214/1 1249/1017/1
f 1249/1017/1 1530/1214/1 1531/1213/1
f 1249/1017/1 1531/1213/1 1250/1011/1
f 1250/1011/1 1531/1213/1 1532/1212/1
f 1250/1011/1 1532/1212/1 1526/1211/1
f 1190/821/4 1189/819/4 1273/991/4
f 1273/991/4 1189/819/4 1250/992/4
f 1276/991/2 1249/992/2 1196/821/2
f 1196/821/2 1249/992/2 1195/819/2
f 1533/1226/1 1534/1225/1 1272/1014/1
f 1535/1215/1 1536/1209/1 1253/1007/1
f 1253/1007/1 1536/1209/1 1537/1208/1
f 1253/1007/1 1537/1208/1 1274/1008/1
f 1274/1008/1 1537/1208/1 1538/1207/1
f 1272/1014/1 1534/1225/1 1252/1013/1
f 1534/1225/1 1539/1223/1 1252/1013/1
f 1252/1013/1 1539/1223/1 1540/1222/1
f 1252/1013/1 1540/1222/1 1253/1007/1
f 1253/1007/1 1540/1222/1 1541/1216/1
f 1253/1007/1 1541/1216/1 1535/1215/1
f 1538/1207/1 1542/1229/1 1274/1008/1
f 1274/1008/1 1542/1229/1 1543/1228/1
f 1274/1008/1 1543/1228/1 1272/1014/1
f 1272/1014/1 1543/1228/1 1544/1227/1
f 1272/1014/1 1544/1227/1 1533/1226/1
f 1186/821/4 1185/819/4 1274/991/4
f 1274/991/4 1185/819/4 1253/992/4
f 1272/991/2 1252/992/2 1192/821/2
f 1192/821/2 1252/992/2 1191/819/2
f 1545/1232/1 1546/1231/1 1270/1010/1
f 1547/1234/1 1548/1233/1 1256/1003/1
f 1256/1003/1 1548/1233/1 1549/1242/1
f 1256/1003/1 1549/1242/1 1269/1004/1
f 1269/1004/1 1549/1242/1 1550/1241/1
f 1270/1010/1 1546/1231/1 1254/1009/1
f 1546/1231/1 1551/1230/1 1254/1009/1
f 1254/1009/1 1551/1230/1 1552/1236/1
f 1254/1009/1 1552/1236/1 1256/1003/1
f 1256/1003/1 1552/1236/1 1553/1235/1
f 1256/1003/1 1553/1235/1 1547/1234/1
f 1550/1241/1 1554/1240/1 1269/1004/1
f 1269/1004/1 1554/1240/1 1555/1238/1
f 1269/1004/1 1555/1238/1 1270/1010/1
f 1270/1010/1 1555/1238/1 1556/1237/1
f 1270/1010/1 1556/1237/1 1545/1232/1
f 1182/821/4 1181/819/4 1269/991/4
f 1269/991/4 1181/819/4 1256/992/4
f 1270/991/2 1254/992/2 1188/821/2
f 1188/821/2 1254/992/2 1187/819/2
f 1557/1252/1 1558/1251/1 1268/1006/1
f 1268/1006/1 1558/1251/1 1257/1005/1
f 1559/1248/1 1560/1249/1 1258/1002/1
f 1258/1002/1 1560/1249/1 1561/1255/1
f 1258/1002/1 1561/1255/1 1266/1001/1
f 1266/1001/1 1561/1255/1 1562/1254/1
f 1562/1254/1 1563/1253/1 1266/1001/1
f 1266/1001/1 1563/1253/1 1564/1244/1
f 1266/1001/1 1564/1244/1 1268/1006/1
f 1268/1006/1 1564/1244/1 1565/1243/1
f 1268/1006/1 1565/1243/1 1557/1252/1
f 1558/1251/1 1566/1250/1 1257/1005/1
f 1257/1005/1 1566/1250/1 1567/1246/1
f 1257/1005/1 1567/1246/1 1258/1002/1
f 1258/1002/1 1567/1246/1 1568/1247/1
f 1258/1002/1 1568/1247/1 1559/1248/1
f 1179/821/4 1180/819/4 1266/991/4
f 1266/991/4 1180/819/4 1258/992/4
f 1268/991/2 1257/992/2 1184/821/2
f 1184/821/2 1257/992/2 1183/819/2
f 1420/993/23 1558/994/23 1421/995/23
f 1421/995/7 1558/994/7 1557/996/7
f 1421/1279/9 1557/1280/9 1413/1281/9
f 1413/1281/9 1557/1280/9 1565/1282/9
f 1413/1281/10 1565/1282/10 1414/1283/10
f 1414/1283/10 1565/1282/10 1564/1284/10
f 1414/1283/11 1564/1284/11 1422/1285/11
f 1422/1285/11 1564/1284/11 1563/1286/11
f 1422/1285/32 1563/1286/32 1423/1287/32
f 1423/1287/12 1563/1286/12 1562/1288/12
f 1423/995/24 1562/996/24 1424/993/24
f 1424/993/13 1562/996/13 1561/994/13
f 1424/993/16 1561/994/16 1418/997/16
f 1418/997/25 1561/994/25 1560/998/25
f 1418/1287/17 1560/1288/17 1417/1285/17
f 1417/1285/33 1560/1288/33 1559/1286/33
f 1417/1285/18 1559/1286/18 1416/1283/18
f 1416/1283/18 1559/1286/18 1568/1284/18
f 1416/1283/19 1568/1284/19 1415/1281/19
f 1415/1281/19 1568/1284/19 1567/1282/19
f 1415/1281/20 1567/1282/20 1419/1279/20
f 1419/1279/20 1567/1282/20 1566/1280/20
f 1419/997/22 1566/998/22 1420/993/22
f 1420/993/26 1566/998/26 1558/994/26
f 1402/993/23 1546/994/23 1403/995/23
f 1403/995/7 1546/994/7 1545/996/7
f 1403/1289/27 1545/1290/27 1408/1291/27
f 1408/1291/9 1545/1290/9 1556/1292/9
f 1408/1291/10 1556/1292/10 1409/1293/10
f 1409/1293/10 1556/1292/10 1555/1294/10
f 1409/1293/11 1555/1294/11 1410/1295/11
f 1410/1295/11 1555/1294/11 1554/1296/11
f 1410/1295/28 1554/1296/28 1411/1297/28
f 1411/1297/12 1554/1296/12 1550/1298/12
f 1411/995/14 1550/996/14 1412/993/14
f 1412/993/13 1550/996/13 1549/994/13
f 1412/993/16 1549/994/16 1404/997/16
f 1404/997/15 1549/994/15 1548/998/15
f 1404/1297/17 1548/1298/17 1405/1295/17
f 1405/1295/29 1548/1298/29 1547/1296/29
f 1405/1295/18 1547/1296/18 1406/1293/18
f 1406/1293/18 1547/1296/18 1553/1294/18
f 1406/1293/19 1553/1294/19 1407/1291/19
f 1407/1291/19 1553/1294/19 1552/1292/19
f 1407/1291/20 1552/1292/20 1401/1289/20
f 1401/1289/30 1552/1292/30 1551/1290/30
f 1401/997/22 1551/998/22 1402/993/22
f 1402/993/26 1551/998/26 1546/994/26
f 1396/993/23 1534/994/23 1397/995/23
f 1397/995/23 1534/994/23 1533/996/23
f 1397/1299/31 1533/1300/31 1398/1301/31
f 1398/1301/9 1533/1300/9 1544/1302/9
f 1398/1301/10 1544/1302/10 1399/1303/10
f 1399/1303/10 1544/1302/10 1543/1304/10
f 1399/1303/11 1543/1304/11 1400/1305/11
f 1400/1305/11 1543/1304/11 1542/1306/11
f 1400/1305/28 1542/1306/28 1379/1307/28
f 1379/1307/32 1542/1306/32 1538/1308/32
f 1379/995/24 1538/996/24 1380/993/24
f 1380/993/13 1538/996/13 1537/994/13
f 1380/993/16 1537/994/16 1381/997/16
f 1381/997/25 1537/994/25 1536/998/25
f 1381/1307/33 1536/1308/33 1387/1305/33
f 1387/1305/29 1536/1308/29 1535/1306/29
f 1387/1305/18 1535/1306/18 1388/1303/18
f 1388/1303/18 1535/1306/18 1541/1304/18
f 1388/1303/19 1541/1304/19 1393/1301/19
f 1393/1301/19 1541/1304/19 1540/1302/19
f 1393/1301/20 1540/1302/20 1394/1299/20
f 1394/1299/34 1540/1302/34 1539/1300/34
f 1394/997/26 1539/998/26 1396/993/26
f 1396/993/26 1539/998/26 1534/994/26
f 1378/993/23 1522/994/23 1382/995/23
f 1382/995/23 1522/994/23 1523/996/23
f 1382/1309/31 1523/1310/31 1389/1311/31
f 1389/1311/27 1523/1310/27 1524/1312/27
f 1389/1311/10 1524/1312/10 1390/1313/10
f 1390/1313/10 1524/1312/10 1529/1314/10
f 1390/1313/11 1529/1314/11 1391/1315/11
f 1391/1315/11 1529/1314/11 1528/1316/11
f 1391/1315/28 1528/1316/28 1392/1317/28
f 1392/1317/12 1528/1316/12 1527/1318/12
f 1392/995/24 1527/996/24 1395/993/24
f 1395/993/14 1527/996/14 1525/994/14
f 1395/993/15 1525/994/15 1383/997/15
f 1383/997/25 1525/994/25 1526/998/25
f 1383/1317/17 1526/1318/17 1384/1315/17
f 1384/1315/29 1526/1318/29 1532/1316/29
f 1384/1315/18 1532/1316/18 1385/1313/18
f 1385/1313/18 1532/1316/18 1531/1314/18
f 1385/1313/19 1531/1314/19 1386/1311/19
f 1386/1311/19 1531/1314/19 1530/1312/19
f 1386/1311/30 1530/1312/30 1377/1309/30
f 1377/1309/34 1530/1312/34 1521/1310/34
f 1377/997/26 1521/998/26 1378/993/26
f 1378/993/26 1521/998/26 1522/994/26
f 1369/993/8 1510/994/8 1370/995/8
f 1370/995/23 1510/994/23 1511/996/23
f 1370/1319/31 1511/1320/31 1374/1321/31
f 1374/1321/9 1511/1320/9 1512/1322/9
f 1374/1321/10 1512/1322/10 1375/1323/10
f 1375/1323/10 1512/1322/10 1517/1324/10
f 1375/1323/11 1517/1324/11 1376/1325/11
f 1376/1325/11 1517/1324/11 1516/1326/11
f 1376/1325/32 1516/1326/32 1365/1327/32
f 1365/1327/28 1516/1326/28 1515/1328/28
f 1365/995/24 1515/996/24 1366/993/24
f 1366/993/24 1515/996/24 1513/994/24
f 1366/993/25 1513/994/25 1367/997/25
f 1367/997/25 1513/994/25 1514/998/25
f 1367/1327/29 1514/1328/29 1371/1325/29
f 1371/1325/33 1514/1328/33 1520/1326/33
f 1371/1325/18 1520/1326/18 1372/1323/18
f 1372/1323/18 1520/1326/18 1519/1324/18
f 1372/1323/19 1519/1324/19 1373/1321/19
f 1373/1321/19 1519/1324/19 1518/1322/19
f 1373/1321/20 1518/1322/20 1368/1319/20
f 1368/1319/34 1518/1322/34 1509/1320/34
f 1368/997/26 1509/998/26 1369/993/26
f 1369/993/21 1509/998/21 1510/994/21
f 1357/993/23 1498/994/23 1358/995/23
f 1358/995/23 1498/994/23 1499/996/23
f 1358/1329/27 1499/1330/27 1362/1331/27
f 1362/1331/31 1499/1330/31 1500/1332/31
f 1362/1331/10 1500/1332/10 1363/1333/10
f 1363/1333/10 1500/1332/10 1505/1334/10
f 1363/1333/11 1505/1334/11 1364/1335/11
f 1364/1335/11 1505/1334/11 1504/1336/11
f 1364/1335/12 1504/1336/12 1353/1337/12
f 1353/1337/28 1504/1336/28 1503/1338/28
f 1353/995/14 1503/996/14 1354/993/14
f 1354/993/24 1503/996/24 1501/994/24
f 1354/993/25 1501/994/25 1355/997/25
f 1355/997/15 1501/994/15 1502/998/15
f 1355/1337/29 1502/1338/29 1359/1335/29
f 1359/1335/17 1502/1338/17 1508/1336/17
f 1359/1335/18 1508/1336/18 1360/1333/18
f 1360/1333/18 1508/1336/18 1507/1334/18
f 1360/1333/19 1507/1334/19 1361/1331/19
f 1361/1331/19 1507/1334/19 1506/1332/19
f 1361/1331/34 1506/1332/34 1356/1329/34
f 1356/1329/30 1506/1332/30 1497/1330/30
f 1356/997/26 1497/998/26 1357/993/26
f 1357/993/26 1497/998/26 1498/994/26
f 1345/993/7 1486/994/7 1346/995/7
f 1346/995/23 1486/994/23 1487/996/23
f 1346/1339/9 1487/1340/9 1350/1341/9
f 1350/1341/31 1487/1340/31 1488/1342/31
f 1350/1341/10 1488/1342/10 1351/1343/10
f 1351/1343/10 1488/1342/10 1493/1344/10
f 1351/1343/11 1493/1344/11 1352/1345/11
f 1352/1345/11 1493/1344/11 1492/1346/11
f 1352/1345/12 1492/1346/12 1341/1347/12
f 1341/1347/32 1492/1346/32 1491/1348/32
f 1341/995/13 1491/996/13 1342/993/13
f 1342/993/24 1491/996/24 1489/994/24
f 1342/993/25 1489/994/25 1343/997/25
f 1343/997/16 1489/994/16 1490/998/16
f 1343/1347/33 1490/1348/33 1347/1345/33
f 1347/1345/17 1490/1348/17 1496/1346/17
f 1347/1345/18 1496/1346/18 1348/1343/18
f 1348/1343/18 1496/1346/18 1495/1344/18
f 1348/1343/19 1495/1344/19 1349/1341/19
f 1349/1341/19 1495/1344/19 1494/1342/19
f 1349/1341/34 1494/1342/34 1344/1339/34
f 1344/1339/20 1494/1342/20 1485/1340/20
f 1344/997/26 1485/998/26 1345/993/26
f 1345/993/22 1485/998/22 1486/994/22
f 1330/993/7 1474/994/7 1334/995/7
f 1334/995/23 1474/994/23 1475/996/23
f 1334/1349/9 1475/1350/9 1338/1351/9
f 1338/1351/27 1475/1350/27 1476/1352/27
f 1338/1351/10 1476/1352/10 1339/1353/10
f 1339/1353/10 1476/1352/10 1484/1354/10
f 1339/1353/11 1484/1354/11 1340/1355/11
f 1340/1355/11 1484/1354/11 1483/1356/11
f 1340/1355/12 1483/1356/12 1331/1357/12
f 1331/1357/12 1483/1356/12 1482/1358/12
f 1331/995/13 1482/996/13 1332/993/13
f 1332/993/24 1482/996/24 1481/994/24
f 1332/993/25 1481/994/25 1333/997/25
f 1333/997/16 1481/994/16 1480/998/16
f 1333/1357/17 1480/1358/17 1335/1355/17
f 1335/1355/17 1480/1358/17 1477/1356/17
f 1335/1355/18 1477/1356/18 1336/1353/18
f 1336/1353/18 1477/1356/18 1478/1354/18
f 1336/1353/19 1478/1354/19 1337/1351/19
f 1337/1351/19 1478/1354/19 1479/1352/19
f 1337/1351/30 1479/1352/30 1329/1349/30
f 1329/1349/20 1479/1352/20 1473/1350/20
f 1329/997/26 1473/998/26 1330/993/26
f 1330/993/22 1473/998/22 1474/994/22
f 1318/993/8 1462/994/8 1322/995/8
f 1322/995/7 1462/994/7 1463/996/7
f 1322/1359/9 1463/1360/9 1326/1361/9
f 1326/1361/9 1463/1360/9 1472/1362/9
f 1326/1361/10 1472/1362/10 1327/1363/10
f 1327/1363/10 1472/1362/10 1471/1364/10
f 1327/1363/11 1471/1364/11 1328/1365/11
f 1328/1365/11 1471/1364/11 1470/1366/11
f 1328/1365/32 1470/1366/32 1319/1367/32
f 1319/1367/12 1470/1366/12 1467/1368/12
f 1319/995/13 1467/996/13 1320/993/13
f 1320/993/24 1467/996/24 1468/994/24
f 1320/993/25 1468/994/25 1321/997/25
f 1321/997/16 1468/994/16 1469/998/16
f 1321/1367/17 1469/1368/17 1323/1365/17
f 1323/1365/33 1469/1368/33 1464/1366/33
f 1323/1365/18 1464/1366/18 1324/1363/18
f 1324/1363/18 1464/1366/18 1465/1364/18
f 1324/1363/19 1465/1364/19 1325/1361/19
f 1325/1361/19 1465/1364/19 1466/1362/19
f 1325/1361/20 1466/1362/20 1317/1359/20
f 1317/1359/20 1466/1362/20 1461/1360/20
f 1317/997/22 1461/998/22 1318/993/22
f 1318/993/21 1461/998/21 1462/994/21
f 1309/993/23 1450/994/23 1308/995/23
f 1308/995/7 1450/994/7 1451/996/7
f 1308/1369/27 1451/1370/27 1314/1371/27
f 1314/1371/9 1451/1370/9 1460/1372/9
f 1314/1371/10 1460/1372/10 1315/1373/10
f 1315/1373/10 1460/1372/10 1459/1374/10
f 1315/1373/11 1459/1374/11 1316/1375/11
f 1316/1375/11 1459/1374/11 1458/1376/11
f 1316/1375/12 1458/1376/12 1305/1377/12
f 1305/1377/12 1458/1376/12 1455/1378/12
f 1305/995/14 1455/996/14 1306/993/14
f 1306/993/13 1455/996/13 1456/994/13
f 1306/993/16 1456/994/16 1307/997/16
f 1307/997/15 1456/994/15 1457/998/15
f 1307/1377/17 1457/1378/17 1311/1375/17
f 1311/1375/17 1457/1378/17 1452/1376/17
f 1311/1375/18 1452/1376/18 1312/1373/18
f 1312/1373/18 1452/1376/18 1453/1374/18
f 1312/1373/19 1453/1374/19 1313/1371/19
f 1313/1371/19 1453/1374/19 1454/1372/19
f 1313/1371/20 1454/1372/20 1310/1369/20
f 1310/1369/30 1454/1372/30 1449/1370/30
f 1310/997/22 1449/998/22 1309/993/22
f 1309/993/26 1449/998/26 1450/994/26
f 1569/1379/39 1570/1380/39 1571/1381/39
f 1572/1382/40 1573/1383/40 1574/1384/40
f 1573/1385/41 1572/1386/41 1575/1387/41
f 1576/1388/42 1577/1389/42 1578/1390/42
f 1579/1391/42 1580/1392/42 1581/1393/42
f 1582/1394/43 1575/1387/43 1578/1390/43
f 1578/1390/44 1575/1387/44 1583/1395/44
f 1578/1390/42 1583/1395/42 1576/1388/42
f 1576/1388/42 1583/1395/42 1584/1396/42
f 1576/1388/42 1584/1396/42 1585/1397/42
f 1585/1397/42 1584/1396/42 1586/1398/42
f 1585/1397/42 1586/1398/42 1587/1399/42
f 1587/1399/42 1586/1398/42 1588/1400/42
f 1587/1399/42 1588/1400/42 1589/1401/42
f 1589/1401/42 1588/1400/42 1579/1391/42
f 1589/1401/42 1579/1391/42 1590/1402/42
f 1590/1402/42 1579/1391/42 1581/1393/42
f 1575/1387/45 1572/1386/45 1583/1395/45
f 1583/1395/46 1572/1386/46 1591/1403/46
f 1583/1395/46 1591/1403/46 1584/1396/46
f 1584/1396/46 1591/1403/46 1592/1404/46
f 1584/1396/46 1592/1404/46 1586/1398/46
f 1586/1398/46 1592/1404/46 1593/1405/46
f 1586/1398/46 1593/1405/46 1588/1400/46
f 1588/1400/46 1593/1405/46 1594/1406/46
f 1588/1400/46 1594/1406/46 1579/1391/46
f 1595/1407/44 1580/1392/44 1596/1408/44
f 1596/1408/47 1580/1392/47 1579/1391/47
f 1596/1408/48 1579/1391/48 1597/1409/48
f 1597/1409/49 1579/1391/49 1594/1406/49
f 1597/1410/50 1594/1411/50 1598/1412/50
f 1598/1412/40 1594/1411/40 1593/1413/40
f 1598/1412/40 1593/1413/40 1599/1414/40
f 1599/1414/40 1593/1413/40 1592/1415/40
f 1599/1414/40 1592/1415/40 1600/1416/40
f 1600/1416/40 1592/1415/40 1591/1417/40
f 1600/1416/40 1591/1417/40 1601/1418/40
f 1601/1418/40 1591/1417/40 1572/1382/40
f 1601/1418/40 1572/1382/40 1602/1419/40
f 1602/1419/40 1572/1382/40 1574/1384/40
f 1602/1419/39 1574/1384/39 1603/1420/39
f 1603/1420/39 1604/1421/39 1602/1419/39
f 1602/1419/39 1604/1421/39 1605/1422/39
f 1602/1419/39 1605/1422/39 1601/1418/39
f 1601/1418/39 1605/1422/39 1606/1423/39
f 1601/1418/39 1606/1423/39 1600/1416/39
f 1600/1416/39 1606/1423/39 1607/1424/39
f 1600/1416/39 1607/1424/39 1599/1414/39
f 1599/1414/39 1607/1424/39 1569/1379/39
f 1599/1414/39 1569/1379/39 1598/1412/39
f 1598/1412/39 1569/1379/39 1571/1381/39
f 1598/1412/40 1571/1381/40 1597/1410/40
f 1604/1421/1 1603/1420/1 1608/1425/1
f 1609/1426/1 1570/1380/1 1569/1379/1
f 1569/1379/1 1607/1424/1 1609/1426/1
f 1609/1426/1 1607/1424/1 1606/1423/1
f 1609/1426/1 1606/1423/1 1608/1425/1
f 1608/1425/1 1606/1423/1 1605/1422/1
f 1608/1425/1 1605/1422/1 1604/1421/1
f 1608/1427/51 1610/1428/51 1609/1429/51
f 1609/1429/51 1610/1428/51 1611/1430/51
f 1610/1425/6 1612/1431/6 1611/1426/6
f 1611/1426/6 1612/1431/6 1613/1432/6
f 1612/1428/52 1614/1427/52 1613/1430/52
f 1613/1430/52 1614/1427/52 1615/1429/52
f 1616/1433/1 1617/1434/1 1615/1432/1
f 1614/1431/1 1618/1435/1 1619/1436/1
f 1619/1436/1 1620/1437/1 1614/1431/1
f 1614/1431/1 1620/1437/1 1621/1438/1
f 1614/1431/1 1621/1438/1 1615/1432/1
f 1615/1432/1 1621/1438/1 1622/1439/1
f 1615/1432/1 1622/1439/1 1616/1433/1
f 1623/1440/53 1624/1393/53 1625/1392/53
f 1626/1441/53 1627/1390/53 1628/1389/53
f 1629/1394/54 1627/1390/54 1630/1387/54
f 1630/1387/55 1627/1390/55 1626/1441/55
f 1630/1387/56 1626/1441/56 1631/1385/56
f 1619/1436/57 1618/1435/57 1632/1442/57
f 1633/1443/58 1634/1444/58 1635/1445/58
f 1617/1434/57 1616/1433/57 1636/1446/57
f 1636/1446/57 1616/1433/57 1622/1439/57
f 1636/1446/57 1622/1439/57 1637/1447/57
f 1637/1447/57 1622/1439/57 1621/1438/57
f 1637/1447/57 1621/1438/57 1638/1448/57
f 1638/1448/57 1621/1438/57 1620/1437/57
f 1638/1448/57 1620/1437/57 1639/1449/57
f 1639/1449/57 1620/1437/57 1619/1436/57
f 1639/1449/57 1619/1436/57 1640/1450/57
f 1640/1450/57 1619/1436/57 1632/1442/57
f 1640/1450/58 1632/1442/58 1631/1451/58
f 1631/1451/59 1641/1452/59 1640/1450/59
f 1640/1450/58 1641/1452/58 1642/1453/58
f 1640/1450/58 1642/1453/58 1639/1449/58
f 1639/1449/58 1642/1453/58 1643/1454/58
f 1639/1449/58 1643/1454/58 1638/1448/58
f 1638/1448/58 1643/1454/58 1644/1455/58
f 1638/1448/58 1644/1455/58 1637/1447/58
f 1637/1447/58 1644/1455/58 1633/1443/58
f 1637/1447/58 1633/1443/58 1636/1446/58
f 1636/1446/58 1633/1443/58 1635/1445/58
f 1636/1446/57 1635/1445/57 1617/1434/57
f 1631/1385/60 1626/1441/60 1641/1456/60
f 1641/1456/60 1626/1441/60 1645/1457/60
f 1641/1456/60 1645/1457/60 1642/1458/60
f 1642/1458/60 1645/1457/60 1646/1459/60
f 1642/1458/60 1646/1459/60 1643/1460/60
f 1643/1460/60 1646/1459/60 1647/1461/60
f 1643/1460/60 1647/1461/60 1644/1462/60
f 1644/1462/60 1647/1461/60 1648/1463/60
f 1644/1462/60 1648/1463/60 1633/1464/60
f 1633/1464/61 1648/1463/61 1649/1408/61
f 1633/1464/62 1649/1408/62 1634/1409/62
f 1628/1389/53 1650/1465/53 1626/1441/53
f 1626/1441/53 1650/1465/53 1651/1466/53
f 1626/1441/53 1651/1466/53 1645/1457/53
f 1645/1457/53 1651/1466/53 1652/1467/53
f 1645/1457/53 1652/1467/53 1646/1459/53
f 1646/1459/53 1652/1467/53 1653/1468/53
f 1646/1459/53 1653/1468/53 1647/1461/53
f 1647/1461/53 1653/1468/53 1623/1440/53
f 1647/1461/53 1623/1440/53 1648/1463/53
f 1648/1463/53 1623/1440/53 1625/1392/53
f 1648/1463/54 1625/1392/54 1649/1408/54
f 1649/1408/63 1625/1392/63 1654/1407/63
f 1595/1469/2 1654/1470/2 1580/1471/2
f 1580/1471/2 1654/1470/2 1625/1472/2
f 1580/1471/2 1625/1472/2 1581/1473/2
f 1581/1473/2 1625/1472/2 1624/1474/2
f 1581/1473/2 1624/1474/2 1655/1475/2
f 1655/1475/2 1624/1474/2 1656/1476/2
f 1655/1475/2 1656/1476/2 1657/1477/2
f 1657/1477/2 1656/1476/2 1658/1478/2
f 1629/1479/4 1582/1480/4 1627/1481/4
f 1627/1481/4 1582/1480/4 1578/1482/4
f 1627/1481/4 1578/1482/4 1628/1483/4
f 1628/1483/4 1578/1482/4 1577/1484/4
f 1628/1483/4 1577/1484/4 1659/1485/4
f 1659/1485/4 1577/1484/4 1660/1486/4
f 1659/1485/4 1660/1486/4 1661/1487/4
f 1661/1487/4 1660/1486/4 1662/1488/4
f 1662/1489/64 1660/1490/64 1663/1491/64
f 1663/1491/64 1660/1490/64 1664/1492/64
f 1663/1491/65 1664/1492/65 1665/1493/65
f 1666/1494/66 1667/1495/66 1665/1493/66
f 1668/1496/67 1669/1497/67 1670/1498/67
f 1671/1499/66 1672/1500/66 1673/1501/66
f 1655/1502/68 1657/1503/68 1674/1504/68
f 1655/1502/64 1674/1504/64 1675/1505/64
f 1676/1506/69 1677/1507/69 1678/1508/69
f 1678/1508/69 1677/1507/69 1679/1509/69
f 1678/1508/69 1679/1509/69 1680/1510/69
f 1680/1510/69 1679/1509/69 1681/1511/69
f 1680/1510/69 1681/1511/69 1682/1512/69
f 1682/1512/69 1681/1511/69 1683/1513/69
f 1682/1512/69 1683/1513/69 1684/1514/69
f 1684/1514/69 1683/1513/69 1668/1496/69
f 1684/1514/69 1668/1496/69 1685/1515/69
f 1685/1515/70 1668/1496/70 1670/1498/70
f 1685/1515/71 1670/1498/71 1667/1516/71
f 1667/1516/72 1666/1517/72 1685/1515/72
f 1685/1515/72 1666/1517/72 1686/1518/72
f 1685/1515/73 1686/1518/73 1684/1514/73
f 1684/1514/73 1686/1518/73 1687/1519/73
f 1684/1514/73 1687/1519/73 1682/1512/73
f 1682/1512/73 1687/1519/73 1688/1520/73
f 1682/1512/73 1688/1520/73 1680/1510/73
f 1680/1510/73 1688/1520/73 1689/1521/73
f 1680/1510/73 1689/1521/73 1678/1508/73
f 1678/1508/74 1689/1521/74 1690/1522/74
f 1678/1508/75 1690/1522/75 1676/1506/75
f 1665/1493/76 1691/1523/76 1666/1494/76
f 1666/1494/76 1691/1523/76 1692/1524/76
f 1666/1494/66 1692/1524/66 1686/1525/66
f 1686/1525/66 1692/1524/66 1693/1526/66
f 1686/1525/66 1693/1526/66 1687/1527/66
f 1687/1527/66 1693/1526/66 1694/1528/66
f 1687/1527/66 1694/1528/66 1688/1529/66
f 1688/1529/66 1694/1528/66 1671/1499/66
f 1688/1529/66 1671/1499/66 1689/1530/66
f 1689/1530/66 1671/1499/66 1673/1501/66
f 1689/1521/77 1673/1531/77 1690/1522/77
f 1665/1493/78 1664/1492/78 1691/1523/78
f 1691/1523/78 1664/1492/78 1695/1532/78
f 1691/1523/78 1695/1532/78 1692/1524/78
f 1692/1524/78 1695/1532/78 1696/1533/78
f 1692/1524/78 1696/1533/78 1693/1526/78
f 1693/1526/78 1696/1533/78 1697/1534/78
f 1693/1526/78 1697/1534/78 1694/1528/78
f 1694/1528/78 1697/1534/78 1675/1505/78
f 1694/1528/78 1675/1505/78 1671/1499/78
f 1671/1499/79 1675/1505/79 1674/1504/79
f 1671/1499/80 1674/1504/80 1672/1500/80
f 1698/1535/81 1699/1536/81 1700/1537/81
f 1701/1538/82 1702/1539/82 1703/1540/82
f 1704/1541/83 1705/1542/83 1706/1543/83
f 1659/1490/84 1661/1489/84 1707/1544/84
f 1705/1542/85 1704/1541/85 1707/1544/85
f 1659/1490/86 1707/1544/86 1708/1545/86
f 1707/1544/87 1704/1541/87 1708/1545/87
f 1708/1545/88 1704/1541/88 1709/1546/88
f 1708/1545/88 1709/1546/88 1710/1547/88
f 1710/1547/88 1709/1546/88 1711/1548/88
f 1710/1547/88 1711/1548/88 1712/1549/88
f 1712/1549/88 1711/1548/88 1713/1550/88
f 1712/1549/88 1713/1550/88 1714/1551/88
f 1714/1551/88 1713/1550/88 1715/1552/88
f 1714/1551/88 1715/1552/88 1716/1553/88
f 1658/1503/89 1656/1502/89 1717/1554/89
f 1717/1554/86 1656/1502/86 1716/1553/86
f 1717/1554/90 1716/1553/90 1718/1555/90
f 1718/1555/88 1716/1553/88 1715/1552/88
f 1718/1555/83 1715/1552/83 1719/1556/83
f 1719/1556/83 1715/1552/83 1713/1550/83
f 1719/1556/83 1713/1550/83 1720/1557/83
f 1720/1557/83 1713/1550/83 1711/1548/83
f 1720/1557/83 1711/1548/83 1721/1558/83
f 1721/1558/83 1711/1548/83 1709/1546/83
f 1721/1558/83 1709/1546/83 1722/1559/83
f 1722/1559/83 1709/1546/83 1704/1541/83
f 1722/1559/83 1704/1541/83 1723/1560/83
f 1723/1560/83 1704/1541/83 1706/1543/83
f 1723/1561/91 1706/1562/91 1702/1539/91
f 1702/1539/92 1701/1538/92 1723/1561/92
f 1723/1561/93 1701/1538/93 1724/1563/93
f 1723/1561/93 1724/1563/93 1722/1564/93
f 1722/1564/93 1724/1563/93 1725/1565/93
f 1722/1564/93 1725/1565/93 1721/1566/93
f 1721/1566/93 1725/1565/93 1726/1567/93
f 1721/1566/93 1726/1567/93 1720/1568/93
f 1720/1568/93 1726/1567/93 1727/1569/93
f 1720/1568/94 1727/1569/94 1719/1570/94
f 1719/1570/93 1727/1569/93 1728/1571/93
f 1719/1556/83 1728/1572/83 1718/1555/83
f 1703/1540/95 1729/1573/95 1701/1538/95
f 1701/1538/95 1729/1573/95 1730/1574/95
f 1701/1538/95 1730/1574/95 1724/1563/95
f 1724/1563/95 1730/1574/95 1731/1575/95
f 1724/1563/95 1731/1575/95 1725/1565/95
f 1725/1565/95 1731/1575/95 1732/1576/95
f 1725/1565/95 1732/1576/95 1726/1567/95
f 1726/1567/95 1732/1576/95 1698/1535/95
f 1726/1567/95 1698/1535/95 1727/1569/95
f 1727/1569/96 1698/1535/96 1700/1537/96
f 1727/1569/97 1700/1537/97 1728/1571/97
f 1660/1490/51 1577/1389/51 1664/1492/51
f 1664/1492/51 1577/1389/51 1576/1388/51
f 1664/1492/51 1576/1388/51 1695/1532/51
f 1695/1532/51 1576/1388/51 1585/1397/51
f 1695/1532/51 1585/1397/51 1696/1533/51
f 1696/1533/51 1585/1397/51 1587/1399/51
f 1696/1533/51 1587/1399/51 1697/1534/51
f 1697/1534/51 1587/1399/51 1589/1401/51
f 1697/1534/51 1589/1401/51 1675/1505/51
f 1675/1505/51 1589/1401/51 1590/1402/51
f 1675/1505/51 1590/1402/51 1655/1502/51
f 1655/1502/51 1590/1402/51 1581/1393/51
f 1628/1389/52 1659/1490/52 1650/1465/52
f 1650/1465/52 1659/1490/52 1708/1545/52
f 1650/1465/52 1708/1545/52 1651/1466/52
f 1651/1466/52 1708/1545/52 1710/1547/52
f 1651/1466/52 1710/1547/52 1652/1467/52
f 1652/1467/52 1710/1547/52 1712/1549/52
f 1652/1467/52 1712/1549/52 1653/1468/52
f 1653/1468/52 1712/1549/52 1714/1551/52
f 1653/1468/52 1714/1551/52 1623/1440/52
f 1623/1440/52 1714/1551/52 1716/1553/52
f 1623/1440/52 1716/1553/52 1624/1393/52
f 1624/1393/52 1716/1553/52 1656/1502/52
f 1662/1577/1 1663/1578/1 1661/1579/1
f 1661/1579/1 1663/1578/1 1707/1580/1
f 1658/1581/1 1717/1582/1 1657/1583/1
f 1657/1583/1 1717/1582/1 1674/1584/1
f 1733/1585/52 1734/1586/52 1735/1587/52
f 1735/1587/52 1734/1586/52 1736/1588/52
f 1734/1589/1 1737/1590/1 1736/1591/1
f 1736/1591/1 1737/1590/1 1738/1592/1
f 1737/1593/51 1739/1594/51 1738/1595/51
f 1738/1595/51 1739/1594/51 1740/1596/51
f 1677/1507/6 1676/1506/6 1740/1592/6
f 1739/1590/6 1669/1497/6 1668/1496/6
f 1668/1496/6 1683/1513/6 1739/1590/6
f 1739/1590/6 1683/1513/6 1681/1511/6
f 1739/1590/6 1681/1511/6 1740/1592/6
f 1740/1592/6 1681/1511/6 1679/1509/6
f 1740/1592/6 1679/1509/6 1677/1507/6
f 1729/1573/6 1703/1540/6 1733/1589/6
f 1735/1591/6 1699/1536/6 1698/1535/6
f 1698/1535/6 1732/1576/6 1735/1591/6
f 1735/1591/6 1732/1576/6 1731/1575/6
f 1735/1591/6 1731/1575/6 1733/1589/6
f 1733/1589/6 1731/1575/6 1730/1574/6
f 1733/1589/6 1730/1574/6 1729/1573/6
f 1702/1597/3 1706/1543/3 1737/1593/3
f 1707/1544/3 1663/1491/3 1705/1542/3
f 1705/1542/98 1663/1491/98 1665/1493/98
f 1702/1597/99 1737/1593/99 1703/1598/99
f 1703/1598/3 1737/1593/3 1734/1586/3
f 1703/1598/3 1734/1586/3 1733/1585/3
f 1665/1493/99 1667/1495/99 1705/1542/99
f 1705/1542/3 1667/1495/3 1670/1599/3
f 1705/1542/98 1670/1599/98 1706/1543/98
f 1706/1543/100 1670/1599/100 1669/1600/100
f 1706/1543/101 1669/1600/101 1737/1593/101
f 1737/1593/3 1669/1600/3 1739/1594/3
f 1674/1504/5 1717/1554/5 1672/1500/5
f 1672/1500/5 1717/1554/5 1718/1555/5
f 1672/1500/102 1718/1555/102 1673/1501/102
f 1673/1501/5 1718/1555/5 1690/1601/5
f 1690/1601/5 1718/1555/5 1728/1572/5
f 1690/1601/5 1728/1572/5 1676/1602/5
f 1676/1602/5 1728/1572/5 1738/1595/5
f 1676/1602/5 1738/1595/5 1740/1596/5
f 1735/1587/5 1736/1588/5 1699/1603/5
f 1699/1603/5 1736/1588/5 1738/1595/5
f 1699/1603/5 1738/1595/5 1700/1604/5
f 1700/1604/5 1738/1595/5 1728/1572/5
f 1629/1605/6 1630/1606/6 1582/1607/6
f 1582/1607/6 1630/1606/6 1575/1608/6
f 1610/1609/4 1608/1610/4 1603/1611/4
f 1614/1612/4 1612/1613/4 1618/1614/4
f 1618/1614/4 1612/1613/4 1610/1609/4
f 1618/1614/4 1610/1609/4 1632/1615/4
f 1632/1615/4 1610/1609/4 1603/1611/4
f 1573/1616/4 1575/1617/4 1630/1618/4
f 1603/1611/4 1574/1619/4 1632/1615/4
f 1632/1615/4 1574/1619/4 1573/1616/4
f 1632/1615/4 1573/1616/4 1631/1620/4
f 1631/1620/4 1573/1616/4 1630/1618/4
f 1570/1621/2 1609/1622/2 1611/1623/2
f 1613/1624/2 1615/1625/2 1617/1626/2
f 1613/1624/2 1617/1626/2 1611/1623/2
f 1611/1623/2 1617/1626/2 1635/1627/2
f 1611/1623/2 1635/1627/2 1570/1621/2
f 1649/1628/2 1596/1629/2 1634/1630/2
f 1634/1630/2 1596/1629/2 1597/1631/2
f 1634/1630/2 1597/1631/2 1635/1627/2
f 1635/1627/2 1597/1631/2 1571/1632/2
f 1635/1627/2 1571/1632/2 1570/1621/2
f 1649/1633/6 1654/1634/6 1596/1635/6
f 1596/1635/6 1654/1634/6 1595/1636/6
f 1741/1637/6 1742/1638/6 1743/1639/6
f 1744/1640/6 1745/1641/6 1746/1642/6
f 1746/1642/6 1745/1641/6 1747/1643/6
f 1748/1644/6 1749/1645/6 1750/1646/6
f 1751/1647/6 1744/1640/6 1752/1648/6
f 1752/1648/6 1744/1640/6 1746/1642/6
f 1752/1648/6 1746/1642/6 1750/1646/6
f 1750/1646/6 1746/1642/6 1741/1637/6
f 1750/1646/6 1741/1637/6 1748/1644/6
f 1748/1644/6 1741/1637/6 1743/1639/6
f 1753/1649/5 1747/1650/5 1745/1651/5
f 1754/1652/5 1755/1653/5 1756/1654/5
f 1756/1654/5 1755/1653/5 1757/1655/5
f 1756/1654/5 1757/1655/5 1745/1651/5
f 1745/1651/5 1757/1655/5 1758/1656/5
f 1745/1651/5 1758/1656/5 1753/1649/5
f 1759/1657/5 1760/1658/5 1761/1659/5
f 1761/1659/5 1760/1658/5 1754/1652/5
f 1761/1659/5 1754/1652/5 1762/1660/5
f 1762/1660/5 1754/1652/5 1756/1654/5
f 1742/1661/5 1763/1662/5 1743/1663/5
f 1743/1663/5 1763/1662/5 1764/1664/5
f 1743/1663/5 1764/1664/5 1765/1665/5
f 1766/1666/5 1767/1667/5 1768/1668/5
f 1768/1668/5 1767/1667/5 1769/1669/5
f 1768/1668/5 1769/1669/5 1770/1670/5
f 1770/1670/5 1769/1669/5 1765/1665/5
f 1770/1670/5 1765/1665/5 1771/1671/5
f 1771/1671/5 1765/1665/5 1764/1664/5
f 1753/1649/103 1758/1656/103 1772/1672/103
f 1772/1672/103 1758/1656/103 1773/1673/103
f 1772/1672/104 1773/1673/104 1774/1674/104
f 1774/1674/105 1773/1673/105 1775/1675/105
f 1774/1676/106 1775/1677/106 1776/1678/106
f 1776/1678/106 1775/1677/106 1777/1679/106
f 1776/1678/107 1777/1679/107 1778/1680/107
f 1778/1680/107 1777/1679/107 1779/1681/107
f 1764/1664/103 1763/1662/103 1780/1682/103
f 1780/1682/103 1763/1662/103 1781/1683/103
f 1780/1682/104 1781/1683/104 1782/1684/104
f 1782/1684/105 1781/1683/105 1783/1685/105
f 1782/1686/106 1783/1687/106 1784/1688/106
f 1784/1688/106 1783/1687/106 1785/1689/106
f 1784/1688/107 1785/1689/107 1786/1690/107
f 1786/1690/107 1785/1689/107 1787/1691/107
f 1779/1681/1 1788/1692/1 1778/1680/1
f 1778/1680/1 1788/1692/1 1789/1642/1
f 1790/1693/1 1786/1690/1 1791/1637/1
f 1791/1637/1 1786/1690/1 1787/1691/1
f 1792/1660/3 1793/1654/3 1794/1652/3
f 1794/1652/3 1793/1654/3 1795/1653/3
f 1751/1650/3 1796/1649/3 1744/1651/3
f 1744/1651/3 1796/1649/3 1797/1656/3
f 1744/1651/3 1797/1656/3 1793/1654/3
f 1793/1654/3 1797/1656/3 1798/1655/3
f 1793/1654/3 1798/1655/3 1795/1653/3
f 1799/1658/3 1800/1657/3 1794/1652/3
f 1794/1652/3 1800/1657/3 1801/1659/3
f 1794/1652/3 1801/1659/3 1792/1660/3
f 1802/1662/3 1749/1661/3 1748/1663/3
f 1803/1669/3 1804/1667/3 1805/1666/3
f 1805/1666/3 1806/1668/3 1803/1669/3
f 1803/1669/3 1806/1668/3 1807/1670/3
f 1803/1669/3 1807/1670/3 1808/1665/3
f 1808/1665/3 1807/1670/3 1809/1671/3
f 1808/1665/3 1809/1671/3 1748/1663/3
f 1748/1663/3 1809/1671/3 1810/1664/3
f 1748/1663/3 1810/1664/3 1802/1662/3
f 1811/1694/1 1812/1695/1 1813/1648/1
f 1813/1648/1 1812/1695/1 1814/1696/1
f 1815/1697/1 1816/1698/1 1817/1699/1
f 1817/1699/1 1816/1698/1 1818/1646/1
f 1814/1696/108 1812/1695/108 1819/1700/108
f 1819/1700/108 1812/1695/108 1820/1701/108
f 1819/1700/109 1820/1701/109 1821/1702/109
f 1821/1702/109 1820/1701/109 1822/1703/109
f 1821/1674/110 1822/1675/110 1823/1672/110
f 1823/1672/111 1822/1675/111 1824/1673/111
f 1823/1672/112 1824/1673/112 1796/1649/112
f 1796/1649/112 1824/1673/112 1797/1656/112
f 1815/1697/108 1817/1699/108 1825/1704/108
f 1825/1704/108 1817/1699/108 1826/1705/108
f 1825/1704/109 1826/1705/109 1827/1706/109
f 1827/1706/109 1826/1705/109 1828/1707/109
f 1827/1684/110 1828/1685/110 1829/1682/110
f 1829/1682/111 1828/1685/111 1830/1683/111
f 1829/1682/112 1830/1683/112 1810/1664/112
f 1810/1664/112 1830/1683/112 1802/1662/112
f 1831/1708/6 1832/1709/6 1833/1710/6
f 1834/1711/6 1835/1712/6 1836/1713/6
f 1836/1713/6 1835/1712/6 1837/1714/6
f 1838/1715/6 1839/1716/6 1840/1717/6
f 1841/1718/6 1834/1711/6 1842/1719/6
f 1842/1719/6 1834/1711/6 1836/1713/6
f 1842/1719/6 1836/1713/6 1840/1717/6
f 1840/1717/6 1836/1713/6 1831/1708/6
f 1840/1717/6 1831/1708/6 1838/1715/6
f 1838/1715/6 1831/1708/6 1833/1710/6
f 1843/1720/5 1844/1721/5 1845/1722/5
f 1846/1723/5 1847/1724/5 1835/1725/5
f 1835/1725/5 1847/1724/5 1837/1726/5
f 1846/1723/5 1835/1725/5 1845/1722/5
f 1845/1722/5 1835/1725/5 1848/1727/5
f 1845/1722/5 1848/1727/5 1843/1720/5
f 1849/1728/5 1850/1729/5 1851/1730/5
f 1851/1730/5 1850/1729/5 1843/1720/5
f 1851/1730/5 1843/1720/5 1852/1731/5
f 1852/1731/5 1843/1720/5 1848/1727/5
f 1832/1732/5 1853/1733/5 1833/1734/5
f 1833/1734/5 1853/1733/5 1854/1735/5
f 1833/1734/5 1854/1735/5 1855/1736/5
f 1855/1736/5 1854/1735/5 1856/1737/5
f 1857/1738/5 1858/1739/5 1859/1740/5
f 1856/1737/5 1860/1741/5 1855/1736/5
f 1855/1736/5 1860/1741/5 1857/1738/5
f 1855/1736/5 1857/1738/5 1861/1742/5
f 1861/1742/5 1857/1738/5 1859/1740/5
f 1861/1742/5 1859/1740/5 1862/1743/5
f 1847/1724/103 1846/1723/103 1863/1744/103
f 1863/1744/103 1846/1723/103 1864/1745/103
f 1863/1744/104 1864/1745/104 1865/1746/104
f 1865/1746/105 1864/1745/105 1866/1747/105
f 1865/1748/106 1866/1749/106 1867/1750/106
f 1867/1750/106 1866/1749/106 1868/1751/106
f 1867/1750/107 1868/1751/107 1869/1752/107
f 1869/1752/107 1868/1751/107 1870/1753/107
f 1854/1735/103 1853/1733/103 1871/1754/103
f 1871/1754/103 1853/1733/103 1872/1755/103
f 1871/1754/104 1872/1755/104 1873/1756/104
f 1873/1756/105 1872/1755/105 1874/1757/105
f 1873/1758/106 1874/1759/106 1875/1760/106
f 1875/1760/106 1874/1759/106 1876/1761/106
f 1875/1760/107 1876/1761/107 1877/1762/107
f 1877/1762/107 1876/1761/107 1878/1763/107
f 1870/1753/1 1879/1764/1 1869/1752/1
f 1869/1752/1 1879/1764/1 1880/1713/1
f 1881/1765/1 1877/1762/1 1882/1708/1
f 1882/1708/1 1877/1762/1 1878/1763/1
f 1883/1731/3 1884/1727/3 1885/1720/3
f 1885/1720/3 1884/1727/3 1886/1721/3
f 1841/1726/3 1887/1724/3 1834/1725/3
f 1834/1725/3 1887/1724/3 1888/1723/3
f 1834/1725/3 1888/1723/3 1884/1727/3
f 1884/1727/3 1888/1723/3 1889/1722/3
f 1884/1727/3 1889/1722/3 1886/1721/3
f 1890/1729/3 1891/1728/3 1885/1720/3
f 1885/1720/3 1891/1728/3 1892/1730/3
f 1885/1720/3 1892/1730/3 1883/1731/3
f 1893/1738/3 1894/1741/3 1895/1737/3
f 1896/1733/3 1839/1732/3 1838/1734/3
f 1897/1742/3 1893/1738/3 1898/1736/3
f 1898/1736/3 1893/1738/3 1895/1737/3
f 1898/1736/3 1895/1737/3 1838/1734/3
f 1838/1734/3 1895/1737/3 1899/1735/3
f 1838/1734/3 1899/1735/3 1896/1733/3
f 1897/1742/3 1900/1743/3 1893/1738/3
f 1893/1738/3 1900/1743/3 1901/1740/3
f 1893/1738/3 1901/1740/3 1902/1739/3
f 1903/1766/1 1904/1767/1 1905/1719/1
f 1905/1719/1 1904/1767/1 1906/1768/1
f 1907/1769/1 1908/1770/1 1909/1771/1
f 1909/1771/1 1908/1770/1 1910/1717/1
f 1906/1768/108 1904/1767/108 1911/1772/108
f 1911/1772/108 1904/1767/108 1912/1773/108
f 1911/1772/109 1912/1773/109 1913/1774/109
f 1913/1774/109 1912/1773/109 1914/1775/109
f 1913/1746/110 1914/1747/110 1915/1744/110
f 1915/1744/111 1914/1747/111 1916/1745/111
f 1915/1744/112 1916/1745/112 1887/1724/112
f 1887/1724/112 1916/1745/112 1888/1723/112
f 1907/1769/108 1909/1771/108 1917/1776/108
f 1917/1776/108 1909/1771/108 1918/1777/108
f 1917/1776/109 1918/1777/109 1919/1778/109
f 1919/1778/109 1918/1777/109 1920/1779/109
f 1919/1756/110 1920/1757/110 1921/1754/110
f 1921/1754/111 1920/1757/111 1922/1755/111
f 1921/1754/112 1922/1755/112 1899/1735/112
f 1899/1735/112 1922/1755/112 1896/1733/112
f 1923/1780/6 1924/1781/6 1925/1782/6
f 1926/1783/6 1927/1784/6 1928/1785/6
f 1928/1785/6 1927/1784/6 1929/1786/6
f 1930/1787/6 1931/1788/6 1932/1789/6
f 1933/1790/6 1926/1783/6 1934/1791/6
f 1934/1791/6 1926/1783/6 1928/1785/6
f 1934/1791/6 1928/1785/6 1932/1789/6
f 1932/1789/6 1928/1785/6 1923/1780/6
f 1932/1789/6 1923/1780/6 1930/1787/6
f 1930/1787/6 1923/1780/6 1925/1782/6
f 1935/1792/5 1936/1793/5 1937/1794/5
f 1938/1795/5 1929/1796/5 1927/1797/5
f 1939/1798/5 1935/1792/5 1940/1799/5
f 1940/1799/5 1935/1792/5 1937/1794/5
f 1940/1799/5 1937/1794/5 1927/1797/5
f 1927/1797/5 1937/1794/5 1941/1800/5
f 1927/1797/5 1941/1800/5 1938/1795/5
f 1939/1798/5 1942/1801/5 1935/1792/5
f 1935/1792/5 1942/1801/5 1943/1802/5
f 1935/1792/5 1943/1802/5 1944/1803/5
f 1924/1804/5 1945/1805/5 1925/1428/5
f 1925/1428/5 1945/1805/5 1946/1806/5
f 1925/1428/5 1946/1806/5 1947/1387/5
f 1947/1387/5 1946/1806/5 1948/1807/5
f 1949/1808/5 1950/1809/5 1951/1810/5
f 1948/1807/5 1952/1811/5 1947/1387/5
f 1947/1387/5 1952/1811/5 1949/1808/5
f 1947/1387/5 1949/1808/5 1953/1812/5
f 1953/1812/5 1949/1808/5 1951/1810/5
f 1938/1795/103 1941/1800/103 1954/1813/103
f 1954/1813/103 1941/1800/103 1955/1814/103
f 1954/1813/104 1955/1814/104 1956/1815/104
f 1956/1815/105 1955/1814/105 1957/1816/105
f 1956/1817/106 1957/1818/106 1958/1819/106
f 1958/1819/106 1957/1818/106 1959/1820/106
f 1958/1819/107 1959/1820/107 1960/1821/107
f 1960/1821/107 1959/1820/107 1961/1822/107
f 1946/1806/103 1945/1805/103 1962/1823/103
f 1962/1823/103 1945/1805/103 1963/1824/103
f 1962/1823/104 1963/1824/104 1964/1825/104
f 1964/1825/105 1963/1824/105 1965/1826/105
f 1964/1827/106 1965/1828/106 1966/1829/106
f 1966/1829/106 1965/1828/106 1967/1830/106
f 1966/1829/107 1967/1830/107 1968/1831/107
f 1968/1831/107 1967/1830/107 1969/1832/107
f 1961/1822/1 1970/1833/1 1960/1821/1
f 1960/1821/1 1970/1833/1 1971/1785/1
f 1972/1834/1 1968/1831/1 1973/1780/1
f 1973/1780/1 1968/1831/1 1969/1832/1
f 1974/1794/3 1975/1793/3 1976/1792/3
f 1933/1796/3 1977/1795/3 1926/1797/3
f 1926/1797/3 1977/1795/3 1978/1800/3
f 1926/1797/3 1978/1800/3 1979/1799/3
f 1976/1792/3 1980/1803/3 1981/1802/3
f 1978/1800/3 1974/1794/3 1979/1799/3
f 1979/1799/3 1974/1794/3 1976/1792/3
f 1979/1799/3 1976/1792/3 1982/1798/3
f 1982/1798/3 1976/1792/3 1981/1802/3
f 1982/1798/98 1981/1802/98 1983/1801/98
f 1984/1805/3 1931/1804/3 1930/1428/3
f 1985/1387/3 1986/1807/3 1930/1428/3
f 1930/1428/3 1986/1807/3 1987/1806/3
f 1930/1428/3 1987/1806/3 1984/1805/3
f 1988/1810/99 1989/1809/99 1990/1812/99
f 1990/1812/3 1989/1809/3 1991/1808/3
f 1990/1812/3 1991/1808/3 1985/1387/3
f 1985/1387/3 1991/1808/3 1992/1811/3
f 1985/1387/3 1992/1811/3 1986/1807/3
f 1993/1835/1 1994/1836/1 1995/1791/1
f 1995/1791/1 1994/1836/1 1996/1837/1
f 1997/1838/1 1998/1839/1 1999/1840/1
f 1999/1840/1 1998/1839/1 2000/1789/1
f 1996/1837/108 1994/1836/108 2001/1841/108
f 2001/1841/108 1994/1836/108 2002/1842/108
f 2001/1841/109 2002/1842/109 2003/1843/109
f 2003/1843/109 2002/1842/109 2004/1844/109
f 2003/1815/110 2004/1816/110 2005/1813/110
f 2005/1813/111 2004/1816/111 2006/1814/111
f 2005/1813/112 2006/1814/112 1977/1795/112
f 1977/1795/112 2006/1814/112 1978/1800/112
f 1997/1838/108 1999/1840/108 2007/1845/108
f 2007/1845/108 1999/1840/108 2008/1846/108
f 2007/1845/109 2008/1846/109 2009/1847/109
f 2009/1847/109 2008/1846/109 2010/1848/109
f 2009/1825/110 2010/1826/110 2011/1823/110
f 2011/1823/111 2010/1826/111 2012/1824/111
f 2011/1823/112 2012/1824/112 1987/1806/112
f 1987/1806/112 2012/1824/112 1984/1805/112
f 2013/1849/6 2014/1850/6 2015/1851/6
f 2015/1851/6 2014/1850/6 2016/1852/6
f 2015/1851/6 2016/1852/6 2017/1853/6
f 2017/1853/6 2016/1852/6 2018/1854/6
f 2019/1855/6 2020/1856/6 2021/1857/6
f 2021/1857/6 2020/1856/6 2022/1858/6
f 2017/1853/6 2021/1857/6 2015/1851/6
f 2015/1851/6 2021/1857/6 2022/1858/6
f 2015/1851/6 2022/1858/6 2023/1859/6
f 2023/1859/6 2022/1858/6 2024/1860/6
f 2023/1859/6 2024/1860/6 2025/1861/6
f 2025/1861/6 2024/1860/6 2026/1862/6
f 2027/1863/6 2022/1858/6 2028/1864/6
f 2028/1864/6 2022/1858/6 2029/1865/6
f 2028/1864/6 2029/1865/6 2030/1866/6
f 2030/1866/6 2029/1865/6 2031/1867/6
f 2030/1866/6 2031/1867/6 2032/1868/6
f 2027/1863/6 2033/1869/6 2022/1858/6
f 2022/1858/6 2033/1869/6 2034/1870/6
f 2022/1858/6 2034/1870/6 2024/1860/6
f 2024/1860/6 2034/1870/6 2035/1871/6
f 2024/1860/6 2035/1871/6 2036/1872/6
f 2036/1872/6 2037/1873/6 2024/1860/6
f 2024/1860/6 2037/1873/6 2038/1874/6
f 2024/1860/6 2038/1874/6 2039/1875/6
f 2039/1875/6 2038/1874/6 2040/1876/6
f 2039/1875/6 2040/1876/6 2041/1877/6
f 2042/1878/4 2043/1879/4 2044/1880/4
f 2045/1881/4 2046/1882/4 2047/1883/4
f 2025/1884/4 2026/1885/4 2047/1883/4
f 2047/1883/4 2026/1885/4 2042/1878/4
f 2047/1883/4 2042/1878/4 2045/1881/4
f 2045/1881/4 2042/1878/4 2044/1880/4
f 2048/1886/6 2049/1887/6 2050/1888/6
f 2050/1888/6 2049/1887/6 2051/1889/6
f 2050/1888/6 2051/1889/6 2052/1890/6
f 2053/1891/6 2054/1892/6 2055/1893/6
f 2056/1894/6 2057/1895/6 2058/1896/6
f 2058/1896/6 2057/1895/6 2059/1897/6
f 2058/1896/6 2059/1897/6 2060/1898/6
f 2060/1898/6 2059/1897/6 2061/1899/6
f 2062/1900/6 2063/1901/6 2064/1902/6
f 2064/1902/6 2063/1901/6 2065/1903/6
f 2064/1902/6 2065/1903/6 2066/1904/6
f 2066/1904/6 2065/1903/6 2067/1905/6
f 2068/1906/6 2066/1904/6 2051/1889/6
f 2051/1889/6 2066/1904/6 2053/1891/6
f 2051/1889/6 2053/1891/6 2052/1890/6
f 2052/1890/6 2053/1891/6 2055/1893/6
f 2068/1906/6 2069/1907/6 2066/1904/6
f 2066/1904/6 2069/1907/6 2070/1908/6
f 2066/1904/6 2070/1908/6 2064/1902/6
f 2064/1902/6 2070/1908/6 2071/1909/6
f 2064/1902/6 2071/1909/6 2072/1910/6
f 2072/1910/6 2073/1911/6 2064/1902/6
f 2064/1902/6 2073/1911/6 2060/1898/6
f 2064/1902/6 2060/1898/6 2074/1912/6
f 2074/1912/6 2060/1898/6 2061/1899/6
f 2074/1912/6 2061/1899/6 2075/1913/6
f 2075/1913/6 2061/1899/6 2076/1914/6
f 2077/1915/4 2078/1916/4 2079/1917/4
f 2080/1918/4 2081/1919/4 2082/1920/4
f 2055/1921/4 2054/1922/4 2082/1920/4
f 2082/1920/4 2054/1922/4 2077/1915/4
f 2082/1920/4 2077/1915/4 2080/1918/4
f 2080/1918/4 2077/1915/4 2079/1917/4
f 2083/1883/2 2084/1882/2 2085/1881/2
f 2086/1880/2 2087/1879/2 2088/1878/2
f 2020/1885/2 2019/1884/2 2088/1878/2
f 2088/1878/2 2019/1884/2 2083/1883/2
f 2088/1878/2 2083/1883/2 2086/1880/2
f 2086/1880/2 2083/1883/2 2085/1881/2
f 2089/1920/2 2090/1919/2 2091/1918/2
f 2092/1917/2 2093/1916/2 2094/1915/2
f 2075/1922/2 2076/1921/2 2094/1915/2
f 2094/1915/2 2076/1921/2 2089/1920/2
f 2094/1915/2 2089/1920/2 2092/1917/2
f 2092/1917/2 2089/1920/2 2091/1918/2
f 1976/1923/113 2095/1924/113 1980/1925/113
f 1980/1925/113 2095/1924/113 2096/1926/113
f 1980/1925/114 2096/1926/114 1981/1927/114
f 1981/1927/114 2096/1926/114 2097/1928/114
f 1981/1929/115 2097/1930/115 1983/1931/115
f 1983/1931/115 2097/1930/115 2098/1932/115
f 1983/1931/116 2098/1932/116 1982/1933/116
f 1982/1933/116 2098/1932/116 2099/1934/116
f 1979/1783/1 1982/1933/1 2100/1935/1
f 2100/1935/1 1982/1933/1 2099/1934/1
f 1990/1936/1 1985/1787/1 2101/1937/1
f 2101/1937/1 1985/1787/1 2102/1938/1
f 1990/1936/117 2101/1937/117 1988/1939/117
f 1988/1939/117 2101/1937/117 2103/1940/117
f 1988/1939/118 2103/1940/118 1989/1941/118
f 1989/1941/118 2103/1940/118 2104/1942/118
f 1989/1943/119 2104/1944/119 1991/1923/119
f 1991/1923/119 2104/1944/119 2105/1924/119
f 2106/1945/4 2107/1946/4 1975/1947/4
f 1975/1947/4 2107/1946/4 2095/1924/4
f 1975/1947/4 2095/1924/4 1976/1923/4
f 1991/1923/2 2105/1924/2 1992/1947/2
f 1992/1947/2 2105/1924/2 2108/1946/2
f 1992/1947/2 2108/1946/2 2109/1945/2
f 2110/1948/6 2111/1949/6 2112/1934/6
f 2112/1934/6 2111/1949/6 2113/1935/6
f 2114/1950/120 2115/1951/120 2116/1952/120
f 2110/1948/121 2112/1934/121 2117/1953/121
f 2117/1953/121 2112/1934/121 2118/1932/121
f 2117/1953/122 2118/1932/122 2116/1952/122
f 2116/1952/123 2118/1932/123 2119/1930/123
f 2116/1952/120 2119/1930/120 2114/1950/120
f 2114/1954/124 2119/1955/124 2120/1956/124
f 2114/1954/125 2120/1956/125 2121/1957/125
f 2121/1957/126 2120/1956/126 2122/1958/126
f 2122/1958/127 2120/1956/127 2107/1946/127
f 2122/1958/128 2107/1946/128 2106/1945/128
f 2109/1945/129 2108/1946/129 2123/1958/129
f 2123/1958/130 2108/1946/130 2124/1956/130
f 2123/1958/131 2124/1956/131 2125/1959/131
f 2125/1959/132 2124/1956/132 2126/1955/132
f 2125/1959/133 2126/1955/133 2127/1960/133
f 2128/1961/134 2127/1962/134 2129/1963/134
f 2129/1963/135 2127/1962/135 2126/1964/135
f 2129/1963/136 2126/1964/136 2130/1965/136
f 2130/1965/137 2126/1964/137 2131/1966/137
f 2130/1965/138 2131/1966/138 2132/1967/138
f 2132/1967/138 2131/1966/138 2133/1937/138
f 2134/1968/6 2132/1967/6 2135/1938/6
f 2135/1938/6 2132/1967/6 2133/1937/6
f 2136/1969/113 2137/1970/113 2138/1971/113
f 2138/1971/113 2137/1970/113 2139/1972/113
f 2138/1971/114 2139/1972/114 2140/1973/114
f 2140/1973/114 2139/1972/114 2141/1974/114
f 2140/1975/115 2141/1976/115 2142/1977/115
f 2142/1977/115 2141/1976/115 2143/1978/115
f 2142/1977/116 2143/1978/116 2144/1979/116
f 2144/1979/116 2143/1978/116 2145/1980/116
f 2146/1981/1 2144/1979/1 2147/1982/1
f 2147/1982/1 2144/1979/1 2145/1980/1
f 2148/1983/1 2149/1984/1 2150/1985/1
f 2150/1985/1 2149/1984/1 2151/1986/1
f 2148/1983/117 2150/1985/117 2152/1987/117
f 2152/1987/117 2150/1985/117 2153/1988/117
f 2152/1987/118 2153/1988/118 2154/1989/118
f 2154/1989/118 2153/1988/118 2155/1990/118
f 2154/1991/119 2155/1992/119 2156/1969/119
f 2156/1969/119 2155/1992/119 2157/1970/119
f 2136/1969/4 2158/1993/4 2137/1970/4
f 2137/1970/4 2158/1993/4 2159/1994/4
f 2160/1993/2 2156/1969/2 2161/1994/2
f 2161/1994/2 2156/1969/2 2157/1970/2
f 2162/1979/6 2163/1981/6 2164/1980/6
f 2164/1980/6 2163/1981/6 2165/1982/6
f 2162/1979/121 2164/1980/121 2166/1977/121
f 2166/1977/121 2164/1980/121 2167/1978/121
f 2166/1977/139 2167/1978/139 2168/1975/139
f 2168/1975/139 2167/1978/139 2169/1976/139
f 2168/1995/124 2169/1996/124 2170/1997/124
f 2170/1997/124 2169/1996/124 2171/1998/124
f 2170/1997/140 2171/1998/140 2158/1993/140
f 2158/1993/140 2171/1998/140 2159/1994/140
f 2160/1993/141 2161/1994/141 2172/1997/141
f 2172/1997/141 2161/1994/141 2173/1998/141
f 2172/1997/132 2173/1998/132 2174/1995/132
f 2174/1995/132 2173/1998/132 2175/1996/132
f 2174/1999/137 2175/2000/137 2176/2001/137
f 2176/2001/137 2175/2000/137 2177/2002/137
f 2176/2001/138 2177/2002/138 2178/1983/138
f 2178/1983/138 2177/2002/138 2179/1985/138
f 2180/1984/6 2178/1983/6 2181/1986/6
f 2181/1986/6 2178/1983/6 2179/1985/6
f 2182/2003/113 2183/2004/113 2184/2005/113
f 2184/2005/113 2183/2004/113 2185/2006/113
f 2184/2005/114 2185/2006/114 2186/2007/114
f 2186/2007/114 2185/2006/114 2187/2008/114
f 2186/2009/115 2187/2010/115 2188/2011/115
f 2188/2011/115 2187/2010/115 2189/2012/115
f 2188/2011/116 2189/2012/116 2190/2013/116
f 2190/2013/116 2189/2012/116 2191/2014/116
f 2190/2013/1 2191/2014/1 2192/2015/1
f 2192/2015/1 2191/2014/1 2193/2016/1
f 2194/2017/1 2195/2018/1 2196/2019/1
f 2196/2019/1 2195/2018/1 2197/2020/1
f 2196/2019/117 2197/2020/117 2198/2021/117
f 2198/2021/117 2197/2020/117 2199/2022/117
f 2198/2021/118 2199/2022/118 2200/2023/118
f 2200/2023/118 2199/2022/118 2201/2024/118
f 2200/2025/119 2201/2026/119 2202/2003/119
f 2202/2003/119 2201/2026/119 2203/2004/119
f 2204/2027/4 2205/2028/4 2182/2003/4
f 2182/2003/4 2205/2028/4 2183/2004/4
f 2202/2003/2 2203/2004/2 2206/2027/2
f 2206/2027/2 2203/2004/2 2207/2028/2
f 2208/2015/6 2209/2016/6 2210/2013/6
f 2210/2013/6 2209/2016/6 2211/2014/6
f 2210/2013/121 2211/2014/121 2212/2011/121
f 2212/2011/121 2211/2014/121 2213/2012/121
f 2212/2011/139 2213/2012/139 2214/2009/139
f 2214/2009/139 2213/2012/139 2215/2010/139
f 2214/2029/124 2215/2030/124 2216/2031/124
f 2216/2031/124 2215/2030/124 2217/2032/124
f 2216/2031/140 2217/2032/140 2204/2027/140
f 2204/2027/140 2217/2032/140 2205/2028/140
f 2206/2027/141 2207/2028/141 2218/2031/141
f 2218/2031/141 2207/2028/141 2219/2032/141
f 2218/2031/132 2219/2032/132 2220/2029/132
f 2220/2029/132 2219/2032/132 2221/2030/132
f 2220/2033/137 2221/2034/137 2222/2035/137
f 2222/2035/137 2221/2034/137 2223/2036/137
f 2222/2035/138 2223/2036/138 2224/2019/138
f 2224/2019/138 2223/2036/138 2225/2020/138
f 2224/2019/6 2225/2020/6 2226/2017/6
f 2226/2017/6 2225/2020/6 2227/2018/6
f 1794/1923/113 2228/1924/113 1799/1925/113
f 1799/1925/113 2228/1924/113 2229/1926/113
f 1799/1925/114 2229/1926/114 1800/1927/114
f 1800/1927/114 2229/1926/114 2230/1928/114
f 1800/2037/115 2230/2038/115 1801/2039/115
f 1801/2039/115 2230/2038/115 2231/2040/115
f 1801/2039/116 2231/2040/116 1792/2041/116
f 1792/2041/116 2231/2040/116 2232/2042/116
f 1793/1640/1 1792/2041/1 2233/2043/1
f 2233/2043/1 1792/2041/1 2232/2042/1
f 1803/2044/1 1808/1644/1 2234/2045/1
f 2234/2045/1 1808/1644/1 2235/2046/1
f 1803/2044/117 2234/2045/117 1804/2047/117
f 1804/2047/117 2234/2045/117 2236/2048/117
f 1804/2047/118 2236/2048/118 1805/2049/118
f 1805/2049/118 2236/2048/118 2237/2050/118
f 1805/1943/119 2237/1944/119 1806/1923/119
f 1806/1923/119 2237/1944/119 2238/1924/119
f 2239/1945/4 2240/1946/4 1795/1947/4
f 1795/1947/4 2240/1946/4 2228/1924/4
f 1795/1947/4 2228/1924/4 1794/1923/4
f 1806/1923/2 2238/1924/2 1807/1947/2
f 1807/1947/2 2238/1924/2 2241/1946/2
f 1807/1947/2 2241/1946/2 2242/1945/2
f 2243/2051/6 2244/2052/6 2245/2042/6
f 2245/2042/6 2244/2052/6 2246/2043/6
f 2247/2053/120 2248/2054/120 2249/2055/120
f 2243/2051/121 2245/2042/121 2250/2056/121
f 2250/2056/121 2245/2042/121 2251/2040/121
f 2250/2056/142 2251/2040/142 2249/2055/142
f 2249/2055/123 2251/2040/123 2252/2038/123
f 2249/2055/120 2252/2038/120 2247/2053/120
f 2247/1954/124 2252/1955/124 2253/1956/124
f 2247/1954/125 2253/1956/125 2254/1957/125
f 2254/1957/143 2253/1956/143 2255/1958/143
f 2255/1958/127 2253/1956/127 2240/1946/127
f 2255/1958/144 2240/1946/144 2239/1945/144
f 2242/1945/145 2241/1946/145 2256/1958/145
f 2256/1958/130 2241/1946/130 2257/1956/130
f 2256/1958/146 2257/1956/146 2258/1959/146
f 2258/1959/132 2257/1956/132 2259/1955/132
f 2258/1959/133 2259/1955/133 2260/1960/133
f 2261/2057/134 2260/2058/134 2262/2059/134
f 2262/2059/135 2260/2058/135 2259/2060/135
f 2262/2059/147 2259/2060/147 2263/2061/147
f 2263/2061/137 2259/2060/137 2264/2062/137
f 2263/2061/138 2264/2062/138 2265/2063/138
f 2265/2063/138 2264/2062/138 2266/2045/138
f 2267/2064/6 2265/2063/6 2268/2046/6
f 2268/2046/6 2265/2063/6 2266/2045/6
f 2269/1969/113 2270/1970/113 2271/1971/113
f 2271/1971/113 2270/1970/113 2272/1972/113
f 2271/1971/114 2272/1972/114 2273/1973/114
f 2273/1973/114 2272/1972/114 2274/1974/114
f 2273/2065/115 2274/2066/115 2275/2067/115
f 2275/2067/115 2274/2066/115 2276/2068/115
f 2275/2067/116 2276/2068/116 2277/2069/116
f 2277/2069/116 2276/2068/116 2278/2070/116
f 2279/2071/1 2277/2069/1 2280/2072/1
f 2280/2072/1 2277/2069/1 2278/2070/1
f 2281/2073/1 2282/2074/1 2283/2075/1
f 2283/2075/1 2282/2074/1 2284/2076/1
f 2281/2073/117 2283/2075/117 2285/2077/117
f 2285/2077/117 2283/2075/117 2286/2078/117
f 2285/2077/118 2286/2078/118 2287/2079/118
f 2287/2079/118 2286/2078/118 2288/2080/118
f 2287/1991/119 2288/1992/119 2289/1969/119
f 2289/1969/119 2288/1992/119 2290/1970/119
f 2269/1969/4 2291/1993/4 2270/1970/4
f 2270/1970/4 2291/1993/4 2292/1994/4
f 2293/1993/2 2289/1969/2 2294/1994/2
f 2294/1994/2 2289/1969/2 2290/1970/2
f 2295/2069/6 2296/2071/6 2297/2070/6
f 2297/2070/6 2296/2071/6 2298/2072/6
f 2295/2069/121 2297/2070/121 2299/2067/121
f 2299/2067/121 2297/2070/121 2300/2068/121
f 2299/2067/139 2300/2068/139 2301/2065/139
f 2301/2065/139 2300/2068/139 2302/2066/139
f 2301/1995/124 2302/1996/124 2303/1997/124
f 2303/1997/124 2302/1996/124 2304/1998/124
f 2303/1997/140 2304/1998/140 2291/1993/140
f 2291/1993/140 2304/1998/140 2292/1994/140
f 2293/1993/141 2294/1994/141 2305/1997/141
f 2305/1997/141 2294/1994/141 2306/1998/141
f 2305/1997/132 2306/1998/132 2307/1995/132
f 2307/1995/132 2306/1998/132 2308/1996/132
f 2307/2081/137 2308/2082/137 2309/2083/137
f 2309/2083/137 2308/2082/137 2310/2084/137
f 2309/2083/138 2310/2084/138 2311/2073/138
f 2311/2073/138 2310/2084/138 2312/2075/138
f 2313/2074/6 2311/2073/6 2314/2076/6
f 2314/2076/6 2311/2073/6 2312/2075/6
f 2315/2003/113 2316/2004/113 2317/2005/113
f 2317/2005/113 2316/2004/113 2318/2006/113
f 2317/2005/114 2318/2006/114 2319/2007/114
f 2319/2007/114 2318/2006/114 2320/2008/114
f 2319/2085/115 2320/2086/115 2321/2087/115
f 2321/2087/115 2320/2086/115 2322/2088/115
f 2321/2087/116 2322/2088/116 2323/2089/116
f 2323/2089/116 2322/2088/116 2324/2090/116
f 2323/2089/1 2324/2090/1 2325/2091/1
f 2325/2091/1 2324/2090/1 2326/2092/1
f 2327/2093/1 2328/2094/1 2329/2095/1
f 2329/2095/1 2328/2094/1 2330/2096/1
f 2329/2095/117 2330/2096/117 2331/2097/117
f 2331/2097/117 2330/2096/117 2332/2098/117
f 2331/2097/118 2332/2098/118 2333/2099/118
f 2333/2099/118 2332/2098/118 2334/2100/118
f 2333/2025/119 2334/2026/119 2335/2003/119
f 2335/2003/119 2334/2026/119 2336/2004/119
f 2337/2027/4 2338/2028/4 2315/2003/4
f 2315/2003/4 2338/2028/4 2316/2004/4
f 2335/2003/2 2336/2004/2 2339/2027/2
f 2339/2027/2 2336/2004/2 2340/2028/2
f 2341/2091/6 2342/2092/6 2343/2089/6
f 2343/2089/6 2342/2092/6 2344/2090/6
f 2343/2089/121 2344/2090/121 2345/2087/121
f 2345/2087/121 2344/2090/121 2346/2088/121
f 2345/2087/139 2346/2088/139 2347/2085/139
f 2347/2085/139 2346/2088/139 2348/2086/139
f 2347/2029/124 2348/2030/124 2349/2031/124
f 2349/2031/124 2348/2030/124 2350/2032/124
f 2349/2031/140 2350/2032/140 2337/2027/140
f 2337/2027/140 2350/2032/140 2338/2028/140
f 2339/2027/141 2340/2028/141 2351/2031/141
f 2351/2031/141 2340/2028/141 2352/2032/141
f 2351/2031/132 2352/2032/132 2353/2029/132
f 2353/2029/132 2352/2032/132 2354/2030/132
f 2353/2101/137 2354/2102/137 2355/2103/137
f 2355/2103/137 2354/2102/137 2356/2104/137
f 2355/2103/138 2356/2104/138 2357/2095/138
f 2357/2095/138 2356/2104/138 2358/2096/138
f 2357/2095/6 2358/2096/6 2359/2093/6
f 2359/2093/6 2358/2096/6 2360/2094/6
f 2361/2105/6 2362/2106/6 2363/2107/6
f 2363/2107/6 2362/2106/6 2364/2108/6
f 2365/2109/148 2366/2110/148 2367/2111/148
f 2361/2105/121 2363/2107/121 2368/2112/121
f 2368/2112/121 2363/2107/121 2369/2113/121
f 2368/2112/142 2369/2113/142 2367/2111/142
f 2367/2111/123 2369/2113/123 2370/2114/123
f 2367/2111/149 2370/2114/149 2365/2109/149
f 2365/1960/150 2370/1955/150 2371/1956/150
f 2365/1960/151 2371/1956/151 2372/1959/151
f 2372/1959/152 2371/1956/152 2373/1958/152
f 2373/1958/127 2371/1956/127 2374/1946/127
f 2373/1958/144 2374/1946/144 2375/1945/144
f 2375/1945/4 2374/1946/4 1886/1947/4
f 1886/1947/4 2374/1946/4 2376/1924/4
f 1886/1947/4 2376/1924/4 1885/1923/4
f 1885/1923/113 2376/1924/113 1890/1925/113
f 1890/1925/113 2376/1924/113 2377/1926/113
f 1890/1925/114 2377/1926/114 1891/1927/114
f 1891/1927/114 2377/1926/114 2378/1928/114
f 1891/2115/115 2378/2114/115 1892/2116/115
f 1892/2116/115 2378/2114/115 2379/2113/115
f 1892/2116/116 2379/2113/116 1883/2117/116
f 1883/2117/116 2379/2113/116 2380/2107/116
f 1884/1711/1 1883/2117/1 2381/2108/1
f 2381/2108/1 1883/2117/1 2380/2107/1
f 1897/2118/1 1898/1715/1 2382/2119/1
f 2382/2119/1 1898/1715/1 2383/2120/1
f 1897/2118/153 2382/2119/153 1900/2121/153
f 1900/2121/153 2382/2119/153 2384/2122/153
f 1900/2121/154 2384/2122/154 1901/2123/154
f 1901/2123/154 2384/2122/154 2385/2124/154
f 1901/1927/155 2385/1928/155 1902/1925/155
f 1902/1925/155 2385/1928/155 2386/1926/155
f 1902/1925/156 2386/1926/156 1893/1923/156
f 1893/1923/156 2386/1926/156 2387/1924/156
f 1893/1923/2 2387/1924/2 1894/1947/2
f 1894/1947/2 2387/1924/2 2388/1946/2
f 1894/1947/2 2388/1946/2 2389/1945/2
f 2390/1958/129 2389/1945/129 2388/1946/129
f 2390/1958/157 2388/1946/157 2391/1957/157
f 2388/1946/158 2392/1956/158 2391/1957/158
f 2391/1957/159 2392/1956/159 2393/1955/159
f 2391/1957/160 2393/1955/160 2394/1954/160
f 2395/2125/161 2394/2126/161 2396/2127/161
f 2396/2127/162 2394/2126/162 2393/2124/162
f 2396/2127/136 2393/2124/136 2397/2128/136
f 2397/2128/137 2393/2124/137 2398/2122/137
f 2397/2128/138 2398/2122/138 2399/2129/138
f 2399/2129/138 2398/2122/138 2400/2119/138
f 2401/2130/6 2399/2129/6 2402/2120/6
f 2402/2120/6 2399/2129/6 2400/2119/6
f 2403/2131/6 2404/2132/6 2405/2133/6
f 2405/2133/6 2404/2132/6 2406/2134/6
f 2403/2131/121 2405/2133/121 2407/2135/121
f 2407/2135/121 2405/2133/121 2408/2136/121
f 2407/2135/139 2408/2136/139 2409/2137/139
f 2409/2137/139 2408/2136/139 2410/2138/139
f 2409/1995/124 2410/1996/124 2411/1997/124
f 2411/1997/124 2410/1996/124 2412/1998/124
f 2411/1997/140 2412/1998/140 2413/1993/140
f 2413/1993/140 2412/1998/140 2414/1994/140
f 2415/1969/4 2413/1993/4 2416/1970/4
f 2416/1970/4 2413/1993/4 2414/1994/4
f 2415/1969/113 2416/1970/113 2417/1971/113
f 2417/1971/113 2416/1970/113 2418/1972/113
f 2417/1971/114 2418/1972/114 2419/1973/114
f 2419/1973/114 2418/1972/114 2420/1974/114
f 2419/2137/115 2420/2138/115 2421/2135/115
f 2421/2135/115 2420/2138/115 2422/2136/115
f 2421/2135/116 2422/2136/116 2423/2131/116
f 2423/2131/116 2422/2136/116 2424/2133/116
f 2425/2132/1 2423/2131/1 2426/2134/1
f 2426/2134/1 2423/2131/1 2424/2133/1
f 2427/2139/1 2428/2140/1 2429/2141/1
f 2429/2141/1 2428/2140/1 2430/2142/1
f 2427/2139/153 2429/2141/153 2431/2143/153
f 2431/2143/153 2429/2141/153 2432/2144/153
f 2431/2143/154 2432/2144/154 2433/2145/154
f 2433/2145/154 2432/2144/154 2434/2146/154
f 2433/1973/155 2434/1974/155 2435/1971/155
f 2435/1971/155 2434/1974/155 2436/1972/155
f 2435/1971/156 2436/1972/156 2437/1969/156
f 2437/1969/156 2436/1972/156 2438/1970/156
f 2439/1993/2 2437/1969/2 2440/1994/2
f 2440/1994/2 2437/1969/2 2438/1970/2
f 2439/1993/141 2440/1994/141 2441/1997/141
f 2441/1997/141 2440/1994/141 2442/1998/141
f 2441/1997/132 2442/1998/132 2443/1995/132
f 2443/1995/132 2442/1998/132 2444/1996/132
f 2443/2145/137 2444/2146/137 2445/2143/137
f 2445/2143/137 2444/2146/137 2446/2144/137
f 2445/2143/138 2446/2144/138 2447/2139/138
f 2447/2139/138 2446/2144/138 2448/2141/138
f 2449/2140/6 2447/2139/6 2450/2142/6
f 2450/2142/6 2447/2139/6 2448/2141/6
f 2451/2147/6 2452/2148/6 2453/2149/6
f 2453/2149/6 2452/2148/6 2454/2150/6
f 2453/2149/121 2454/2150/121 2455/2151/121
f 2455/2151/121 2454/2150/121 2456/2152/121
f 2455/2151/139 2456/2152/139 2457/2153/139
f 2457/2153/139 2456/2152/139 2458/2154/139
f 2457/2029/124 2458/2030/124 2459/2031/124
f 2459/2031/124 2458/2030/124 2460/2032/124
f 2459/2031/140 2460/2032/140 2461/2027/140
f 2461/2027/140 2460/2032/140 2462/2028/140
f 2461/2027/4 2462/2028/4 2463/2003/4
f 2463/2003/4 2462/2028/4 2464/2004/4
f 2463/2003/113 2464/2004/113 2465/2005/113
f 2465/2005/113 2464/2004/113 2466/2006/113
f 2465/2005/114 2466/2006/114 2467/2007/114
f 2467/2007/114 2466/2006/114 2468/2008/114
f 2467/2153/115 2468/2154/115 2469/2151/115
f 2469/2151/115 2468/2154/115 2470/2152/115
f 2469/2151/116 2470/2152/116 2471/2149/116
f 2471/2149/116 2470/2152/116 2472/2150/116
f 2471/2149/1 2472/2150/1 2473/2147/1
f 2473/2147/1 2472/2150/1 2474/2148/1
f 2475/2155/1 2476/2156/1 2477/2157/1
f 2477/2157/1 2476/2156/1 2478/2158/1
f 2477/2157/153 2478/2158/153 2479/2159/153
f 2479/2159/153 2478/2158/153 2480/2160/153
f 2479/2159/154 2480/2160/154 2481/2161/154
f 2481/2161/154 2480/2160/154 2482/2162/154
f 2481/2007/155 2482/2008/155 2483/2005/155
f 2483/2005/155 2482/2008/155 2484/2006/155
f 2483/2005/156 2484/2006/156 2485/2003/156
f 2485/2003/156 2484/2006/156 2486/2004/156
f 2485/2003/2 2486/2004/2 2487/2027/2
f 2487/2027/2 2486/2004/2 2488/2028/2
f 2487/2027/141 2488/2028/141 2489/2031/141
f 2489/2031/141 2488/2028/141 2490/2032/141
f 2489/2031/132 2490/2032/132 2491/2029/132
f 2491/2029/132 2490/2032/132 2492/2030/132
f 2491/2161/137 2492/2162/137 2493/2159/137
f 2493/2159/137 2492/2162/137 2494/2160/137
f 2493/2159/138 2494/2160/138 2495/2157/138
f 2495/2157/138 2494/2160/138 2496/2158/138
f 2495/2157/6 2496/2158/6 2497/2155/6
f 2497/2155/6 2496/2158/6 2498/2156/6
f 2499/2163/6 2500/2164/6 2501/2165/6
f 2501/2165/6 2500/2164/6 2502/2166/6
f 2501/2165/163 2502/2166/163 2503/2167/163
f 2503/2167/163 2502/2166/163 2504/2168/163
f 2503/2167/164 2504/2168/164 2505/2169/164
f 2505/2169/164 2504/2168/164 2506/2170/164
f 2505/2171/165 2506/2172/165 2507/2173/165
f 2507/2173/166 2506/2172/166 2508/2174/166
f 2507/2173/167 2508/2174/167 2509/1671/167
f 2509/1671/167 2508/2174/167 2510/2175/167
f 2509/1671/5 2510/2175/5 2511/1664/5
f 2511/1664/5 2510/2175/5 2512/2176/5
f 2511/1664/103 2512/2176/103 2513/1682/103
f 2513/1682/103 2512/2176/103 2514/2177/103
f 2513/1682/105 2514/2177/105 2515/1684/105
f 2515/1684/104 2514/2177/104 2516/2178/104
f 2515/2169/106 2516/2170/106 2517/2167/106
f 2517/2167/106 2516/2170/106 2518/2168/106
f 2517/2167/107 2518/2168/107 2519/2165/107
f 2519/2165/107 2518/2168/107 2520/2166/107
f 2519/2165/1 2520/2166/1 2521/2163/1
f 2521/2163/1 2520/2166/1 2522/2164/1
f 2523/2179/1 2524/2180/1 2525/2181/1
f 2525/2181/1 2524/2180/1 2526/2182/1
f 2525/2181/108 2526/2182/108 2527/2183/108
f 2527/2183/108 2526/2182/108 2528/2184/108
f 2527/2183/109 2528/2184/109 2529/2185/109
f 2529/2185/109 2528/2184/109 2530/2186/109
f 2529/1684/111 2530/2178/111 2531/1682/111
f 2531/1682/110 2530/2178/110 2532/2177/110
f 2531/1682/112 2532/2177/112 2533/1664/112
f 2533/1664/112 2532/2177/112 2534/2176/112
f 2533/1664/3 2534/2176/3 2535/1671/3
f 2535/1671/3 2534/2176/3 2536/2175/3
f 2535/1671/168 2536/2175/168 2537/2173/168
f 2537/2173/168 2536/2175/168 2538/2174/168
f 2537/2173/169 2538/2174/169 2539/2171/169
f 2539/2171/170 2538/2174/170 2540/2172/170
f 2539/2185/171 2540/2186/171 2541/2183/171
f 2541/2183/171 2540/2186/171 2542/2184/171
f 2541/2183/172 2542/2184/172 2543/2181/172
f 2543/2181/172 2542/2184/172 2544/2182/172
f 2543/2181/6 2544/2182/6 2545/2179/6
f 2545/2179/6 2544/2182/6 2546/2180/6
f 2547/2187/6 2548/2188/6 2549/2189/6
f 2549/2189/6 2548/2188/6 2550/2190/6
f 2549/2189/163 2550/2190/163 2551/2191/163
f 2551/2191/163 2550/2190/163 2552/2192/163
f 2551/2191/164 2552/2192/164 2553/2193/164
f 2553/2193/164 2552/2192/164 2554/2194/164
f 2553/2195/165 2554/2196/165 2555/2197/165
f 2555/2197/166 2554/2196/166 2556/2198/166
f 2555/2197/167 2556/2198/167 2557/2199/167
f 2557/2199/167 2556/2198/167 2558/1655/167
f 2557/2199/5 2558/1655/5 2559/2200/5
f 2559/2200/5 2558/1655/5 2560/1656/5
f 2559/2200/103 2560/1656/103 2561/2201/103
f 2561/2201/103 2560/1656/103 2562/1673/103
f 2561/2201/105 2562/1673/105 2563/2202/105
f 2563/2202/104 2562/1673/104 2564/1675/104
f 2563/2193/106 2564/2194/106 2565/2191/106
f 2565/2191/106 2564/2194/106 2566/2192/106
f 2565/2191/107 2566/2192/107 2567/2189/107
f 2567/2189/107 2566/2192/107 2568/2190/107
f 2567/2189/1 2568/2190/1 2569/2187/1
f 2569/2187/1 2568/2190/1 2570/2188/1
f 1795/1653/173 1798/1655/173 2239/2203/173
f 2239/2203/174 1798/1655/174 2571/2198/174
f 2239/2203/175 2571/2198/175 2255/2204/175
f 2255/2204/170 2571/2198/170 2572/2196/170
f 2255/2204/170 2572/2196/170 2254/2205/170
f 2254/2206/171 2572/1703/171 2573/1701/171
f 2254/2206/176 2573/1701/176 2247/2053/176
f 2247/2053/177 2573/1701/177 2574/1695/177
f 2247/2053/178 2574/1695/178 2248/2054/178
f 2249/2055/6 2248/2054/6 2575/1694/6
f 2575/1694/6 2248/2054/6 2574/1695/6
f 2576/2207/1 2577/2208/1 2578/2209/1
f 2578/2209/1 2577/2208/1 2579/2210/1
f 2578/2209/108 2579/2210/108 2580/2211/108
f 2580/2211/108 2579/2210/108 2581/2212/108
f 2580/2211/109 2581/2212/109 2582/2213/109
f 2582/2213/109 2581/2212/109 2583/2214/109
f 2582/2202/111 2583/1675/111 2584/2201/111
f 2584/2201/110 2583/1675/110 2585/1673/110
f 2584/2201/112 2585/1673/112 2586/2200/112
f 2586/2200/112 2585/1673/112 2587/1656/112
f 2586/2200/3 2587/1656/3 2588/2199/3
f 2588/2199/3 2587/1656/3 2589/1655/3
f 2588/2199/168 2589/1655/168 2590/2197/168
f 2590/2197/168 2589/1655/168 2591/2198/168
f 2590/2197/169 2591/2198/169 2592/2195/169
f 2592/2195/170 2591/2198/170 2593/2196/170
f 2592/2213/171 2593/2214/171 2594/2211/171
f 2594/2211/171 2593/2214/171 2595/2212/171
f 2594/2211/172 2595/2212/172 2596/2209/172
f 2596/2209/172 2595/2212/172 2597/2210/172
f 2596/2209/6 2597/2210/6 2598/2207/6
f 2598/2207/6 2597/2210/6 2599/2208/6
f 2600/2215/6 2601/2216/6 2602/1681/6
f 2602/1681/6 2601/2216/6 2603/1692/6
f 2600/2215/163 2602/1681/163 2604/1679/163
f 2600/2215/163 2604/1679/163 2605/2217/163
f 2605/2217/164 2604/1679/164 2606/1677/164
f 2605/2217/179 2606/1677/179 2607/2218/179
f 2607/2219/180 2606/2196/180 2608/2198/180
f 2607/2219/181 2608/2198/181 2609/2204/181
f 2609/2204/182 2608/2198/182 2610/2203/182
f 2610/2203/183 2608/2198/183 1757/1655/183
f 2610/2203/184 1757/1655/184 1755/1653/184
f 2611/2220/3 2612/2221/3 2613/2222/3
f 2613/2222/3 2612/2221/3 2614/2223/3
f 2615/2224/6 2616/2225/6 2617/2226/6
f 2617/2226/6 2616/2225/6 2618/2227/6
f 2617/2226/163 2618/2227/163 2619/2228/163
f 2619/2228/163 2618/2227/163 2620/2229/163
f 2619/2228/164 2620/2229/164 2621/2230/164
f 2621/2230/164 2620/2229/164 2622/2231/164
f 2621/2232/165 2622/2233/165 2623/2234/165
f 2623/2234/166 2622/2233/166 2624/2235/166
f 2623/2234/167 2624/2235/167 2625/2222/167
f 2625/2222/167 2624/2235/167 2626/2223/167
f 2625/2222/5 2626/2223/5 2627/2220/5
f 2627/2220/5 2626/2223/5 2628/2221/5
f 2627/2220/103 2628/2221/103 2629/2236/103
f 2629/2236/103 2628/2221/103 2630/2237/103
f 2629/2236/105 2630/2237/105 2631/2238/105
f 2631/2238/104 2630/2237/104 2632/2239/104
f 2631/2230/106 2632/2231/106 2633/2228/106
f 2633/2228/106 2632/2231/106 2634/2229/106
f 2633/2228/107 2634/2229/107 2635/2226/107
f 2635/2226/107 2634/2229/107 2636/2227/107
f 2635/2226/1 2636/2227/1 2637/2224/1
f 2637/2224/1 2636/2227/1 2638/2225/1
f 2639/2240/1 2640/2241/1 2641/2242/1
f 2641/2242/1 2640/2241/1 2642/2243/1
f 2641/2242/108 2642/2243/108 2643/2244/108
f 2643/2244/108 2642/2243/108 2644/2245/108
f 2643/2244/109 2644/2245/109 2645/2246/109
f 2645/2246/109 2644/2245/109 2646/2247/109
f 2645/2238/110 2646/2239/110 2647/2236/110
f 2647/2236/111 2646/2239/111 2648/2237/111
f 2647/2236/112 2648/2237/112 2611/2220/112
f 2611/2220/112 2648/2237/112 2612/2221/112
f 2613/2222/168 2614/2223/168 2649/2234/168
f 2649/2234/168 2614/2223/168 2650/2235/168
f 2649/2234/170 2650/2235/170 2651/2232/170
f 2651/2232/169 2650/2235/169 2652/2233/169
f 2651/2246/171 2652/2247/171 2653/2244/171
f 2653/2244/171 2652/2247/171 2654/2245/171
f 2653/2244/172 2654/2245/172 2655/2242/172
f 2655/2242/172 2654/2245/172 2656/2243/172
f 2655/2242/6 2656/2243/6 2657/2240/6
f 2657/2240/6 2656/2243/6 2658/2241/6
f 2659/2222/5 2660/2223/5 2661/2220/5
f 2661/2220/5 2660/2223/5 2662/2221/5
f 2661/2220/103 2662/2221/103 2663/2236/103
f 2663/2236/103 2662/2221/103 2664/2237/103
f 2663/2236/104 2664/2237/104 2665/2238/104
f 2665/2238/105 2664/2237/105 2666/2239/105
f 2665/2248/106 2666/2249/106 2667/2250/106
f 2667/2250/106 2666/2249/106 2668/2251/106
f 2667/2250/107 2668/2251/107 2669/2252/107
f 2669/2252/107 2668/2251/107 2670/2253/107
f 2669/2252/1 2670/2253/1 2671/2254/1
f 2671/2254/1 2670/2253/1 2672/2255/1
f 2673/2256/1 2674/2257/1 2675/2258/1
f 2675/2258/1 2674/2257/1 2676/2259/1
f 2675/2258/108 2676/2259/108 2677/2260/108
f 2677/2260/108 2676/2259/108 2678/2261/108
f 2677/2260/109 2678/2261/109 2679/2262/109
f 2679/2262/109 2678/2261/109 2680/2263/109
f 2679/2238/111 2680/2239/111 2681/2236/111
f 2681/2236/110 2680/2239/110 2682/2237/110
f 2681/2236/112 2682/2237/112 2683/2220/112
f 2683/2220/112 2682/2237/112 2684/2221/112
f 2683/2220/3 2684/2221/3 2685/2222/3
f 2685/2222/3 2684/2221/3 2686/2223/3
f 2685/2222/168 2686/2223/168 2687/2234/168
f 2687/2234/168 2686/2223/168 2688/2235/168
f 2687/2234/169 2688/2235/169 2689/2232/169
f 2689/2232/170 2688/2235/170 2690/2233/170
f 2689/2262/171 2690/2263/171 2691/2260/171
f 2691/2260/171 2690/2263/171 2692/2261/171
f 2691/2260/172 2692/2261/172 2693/2258/172
f 2693/2258/172 2692/2261/172 2694/2259/172
f 2693/2258/6 2694/2259/6 2695/2256/6
f 2695/2256/6 2694/2259/6 2696/2257/6
f 2697/2254/6 2698/2255/6 2699/2252/6
f 2699/2252/6 2698/2255/6 2700/2253/6
f 2699/2252/163 2700/2253/163 2701/2250/163
f 2701/2250/163 2700/2253/163 2702/2251/163
f 2701/2250/164 2702/2251/164 2703/2248/164
f 2703/2248/164 2702/2251/164 2704/2249/164
f 2703/2232/166 2704/2233/166 2705/2234/166
f 2705/2234/165 2704/2233/165 2706/2235/165
f 2705/2234/167 2706/2235/167 2659/2222/167
f 2659/2222/167 2706/2235/167 2660/2223/167
f 2707/2264/3 2708/2265/3 2709/2266/3
f 2709/2266/3 2708/2265/3 2710/2267/3
f 2711/2268/6 2712/2269/6 2713/2270/6
f 2713/2270/6 2712/2269/6 2714/2271/6
f 2713/2270/163 2714/2271/163 2715/2272/163
f 2715/2272/163 2714/2271/163 2716/2273/163
f 2715/2272/164 2716/2273/164 2717/2274/164
f 2717/2274/164 2716/2273/164 2718/2275/164
f 2717/2276/165 2718/2277/165 2719/2278/165
f 2719/2278/166 2718/2277/166 2720/2279/166
f 2719/2278/167 2720/2279/167 2721/2266/167
f 2721/2266/167 2720/2279/167 2722/2267/167
f 2721/2266/5 2722/2267/5 2723/2264/5
f 2723/2264/5 2722/2267/5 2724/2265/5
f 2723/2264/103 2724/2265/103 2725/2280/103
f 2725/2280/103 2724/2265/103 2726/2281/103
f 2725/2280/105 2726/2281/105 2727/2282/105
f 2727/2282/104 2726/2281/104 2728/2283/104
f 2727/2274/106 2728/2275/106 2729/2272/106
f 2729/2272/106 2728/2275/106 2730/2273/106
f 2729/2272/107 2730/2273/107 2731/2270/107
f 2731/2270/107 2730/2273/107 2732/2271/107
f 2731/2270/1 2732/2271/1 2733/2268/1
f 2733/2268/1 2732/2271/1 2734/2269/1
f 2735/2284/1 2736/2285/1 2737/2286/1
f 2737/2286/1 2736/2285/1 2738/2287/1
f 2737/2286/108 2738/2287/108 2739/2288/108
f 2739/2288/108 2738/2287/108 2740/2289/108
f 2739/2288/109 2740/2289/109 2741/2290/109
f 2741/2290/109 2740/2289/109 2742/2291/109
f 2741/2282/110 2742/2283/110 2743/2280/110
f 2743/2280/111 2742/2283/111 2744/2281/111
f 2743/2280/112 2744/2281/112 2707/2264/112
f 2707/2264/112 2744/2281/112 2708/2265/112
f 2709/2266/168 2710/2267/168 2745/2278/168
f 2745/2278/168 2710/2267/168 2746/2279/168
f 2745/2278/170 2746/2279/170 2747/2276/170
f 2747/2276/169 2746/2279/169 2748/2277/169
f 2747/2290/171 2748/2291/171 2749/2288/171
f 2749/2288/171 2748/2291/171 2750/2289/171
f 2749/2288/172 2750/2289/172 2751/2286/172
f 2751/2286/172 2750/2289/172 2752/2287/172
f 2751/2286/6 2752/2287/6 2753/2284/6
f 2753/2284/6 2752/2287/6 2754/2285/6
f 2755/2266/5 2756/2267/5 2757/2264/5
f 2757/2264/5 2756/2267/5 2758/2265/5
f 2757/2264/103 2758/2265/103 2759/2280/103
f 2759/2280/103 2758/2265/103 2760/2281/103
f 2759/2280/104 2760/2281/104 2761/2282/104
f 2761/2282/105 2760/2281/105 2762/2283/105
f 2761/2292/106 2762/2293/106 2763/2294/106
f 2763/2294/106 2762/2293/106 2764/2295/106
f 2763/2294/107 2764/2295/107 2765/2296/107
f 2765/2296/107 2764/2295/107 2766/2297/107
f 2765/2296/1 2766/2297/1 2767/2298/1
f 2767/2298/1 2766/2297/1 2768/2299/1
f 2769/2300/1 2770/2301/1 2771/2302/1
f 2771/2302/1 2770/2301/1 2772/2303/1
f 2771/2302/108 2772/2303/108 2773/2304/108
f 2773/2304/108 2772/2303/108 2774/2305/108
f 2773/2304/109 2774/2305/109 2775/2306/109
f 2775/2306/109 2774/2305/109 2776/2307/109
f 2775/2282/111 2776/2283/111 2777/2280/111
f 2777/2280/110 2776/2283/110 2778/2281/110
f 2777/2280/112 2778/2281/112 2779/2264/112
f 2779/2264/112 2778/2281/112 2780/2265/112
f 2779/2264/3 2780/2265/3 2781/2266/3
f 2781/2266/3 2780/2265/3 2782/2267/3
f 2781/2266/168 2782/2267/168 2783/2278/168
f 2783/2278/168 2782/2267/168 2784/2279/168
f 2783/2278/169 2784/2279/169 2785/2276/169
f 2785/2276/170 2784/2279/170 2786/2277/170
f 2785/2306/171 2786/2307/171 2787/2304/171
f 2787/2304/171 2786/2307/171 2788/2305/171
f 2787/2304/172 2788/2305/172 2789/2302/172
f 2789/2302/172 2788/2305/172 2790/2303/172
f 2789/2302/6 2790/2303/6 2791/2300/6
f 2791/2300/6 2790/2303/6 2792/2301/6
f 2793/2298/6 2794/2299/6 2795/2296/6
f 2795/2296/6 2794/2299/6 2796/2297/6
f 2795/2296/163 2796/2297/163 2797/2294/163
f 2797/2294/163 2796/2297/163 2798/2295/163
f 2797/2294/164 2798/2295/164 2799/2292/164
f 2799/2292/164 2798/2295/164 2800/2293/164
f 2799/2276/166 2800/2277/166 2801/2278/166
f 2801/2278/165 2800/2277/165 2802/2279/165
f 2801/2278/167 2802/2279/167 2755/2266/167
f 2755/2266/167 2802/2279/167 2756/2267/167
f 2803/2308/6 2804/2309/6 2805/2310/6
f 2805/2310/6 2804/2309/6 2806/2311/6
f 2805/2310/163 2806/2311/163 2807/2312/163
f 2807/2312/163 2806/2311/163 2808/2313/163
f 2807/2312/164 2808/2313/164 2809/2314/164
f 2809/2314/164 2808/2313/164 2810/2315/164
f 2809/2316/165 2810/2317/165 2811/2318/165
f 2811/2318/166 2810/2317/166 2812/2319/166
f 2811/2318/167 2812/2319/167 2813/1737/167
f 2813/1737/167 2812/2319/167 2814/1722/167
f 2813/1737/5 2814/1722/5 2815/1735/5
f 2815/1735/5 2814/1722/5 2816/1723/5
f 2815/1735/103 2816/1723/103 2817/1754/103
f 2817/1754/103 2816/1723/103 2818/1745/103
f 2817/1754/105 2818/1745/105 2819/1756/105
f 2819/1756/104 2818/1745/104 2820/1747/104
f 2819/2314/106 2820/2315/106 2821/2312/106
f 2821/2312/106 2820/2315/106 2822/2313/106
f 2821/2312/107 2822/2313/107 2823/2310/107
f 2823/2310/107 2822/2313/107 2824/2311/107
f 2823/2310/1 2824/2311/1 2825/2308/1
f 2825/2308/1 2824/2311/1 2826/2309/1
f 1886/1721/173 1889/1722/173 2375/2320/173
f 2375/2320/185 1889/1722/185 2827/2319/185
f 2375/2320/175 2827/2319/175 2373/2321/175
f 2373/2321/170 2827/2319/170 2828/2317/170
f 2373/2321/186 2828/2317/186 2372/2322/186
f 2372/2323/187 2828/1775/187 2829/1773/187
f 2372/2323/188 2829/1773/188 2365/2109/188
f 2365/2109/172 2829/1773/172 2830/1767/172
f 2365/2109/172 2830/1767/172 2366/2110/172
f 2367/2111/6 2366/2110/6 2831/1766/6
f 2831/1766/6 2366/2110/6 2830/1767/6
f 2832/2324/1 2833/2325/1 2834/2326/1
f 2834/2326/1 2833/2325/1 2835/2327/1
f 2834/2326/108 2835/2327/108 2836/2328/108
f 2836/2328/108 2835/2327/108 2837/2329/108
f 2836/2328/109 2837/2329/109 2838/2330/109
f 2838/2330/109 2837/2329/109 2839/2331/109
f 2838/1756/111 2839/1747/111 2840/1754/111
f 2840/1754/110 2839/1747/110 2841/1745/110
f 2840/1754/112 2841/1745/112 2842/1735/112
f 2842/1735/112 2841/1745/112 2843/1723/112
f 2842/1735/3 2843/1723/3 2844/1737/3
f 2844/1737/3 2843/1723/3 2845/1722/3
f 2844/1737/168 2845/1722/168 2846/2318/168
f 2846/2318/168 2845/1722/168 2847/2319/168
f 2846/2318/169 2847/2319/169 2848/2316/169
f 2848/2316/170 2847/2319/170 2849/2317/170
f 2848/2330/171 2849/2331/171 2850/2328/171
f 2850/2328/171 2849/2331/171 2851/2329/171
f 2850/2328/172 2851/2329/172 2852/2326/172
f 2852/2326/172 2851/2329/172 2853/2327/172
f 2852/2326/6 2853/2327/6 2854/2324/6
f 2854/2324/6 2853/2327/6 2855/2325/6
f 2856/2332/6 2857/2333/6 2858/1753/6
f 2858/1753/6 2857/2333/6 2859/1764/6
f 2856/2332/163 2858/1753/163 2860/1751/163
f 2856/2332/189 2860/1751/189 2861/2334/189
f 2861/2334/190 2860/1751/190 2862/1749/190
f 2861/2334/191 2862/1749/191 2863/2335/191
f 2863/2336/165 2862/2317/165 2864/2319/165
f 2863/2336/165 2864/2319/165 2865/2321/165
f 2865/2321/182 2864/2319/182 2866/2320/182
f 2866/2320/192 2864/2319/192 1845/1722/192
f 2866/2320/184 1845/1722/184 1844/1721/184
f 2867/2337/3 2868/2338/3 2869/2339/3
f 2869/2339/3 2868/2338/3 2870/2340/3
f 2871/2341/6 2872/2342/6 2873/2343/6
f 2873/2343/6 2872/2342/6 2874/2344/6
f 2873/2343/163 2874/2344/163 2875/2345/163
f 2875/2345/163 2874/2344/163 2876/2346/163
f 2875/2345/164 2876/2346/164 2877/2347/164
f 2877/2347/164 2876/2346/164 2878/2348/164
f 2877/2349/165 2878/2350/165 2879/2351/165
f 2879/2351/166 2878/2350/166 2880/2352/166
f 2879/2351/167 2880/2352/167 2881/2339/167
f 2881/2339/167 2880/2352/167 2882/2340/167
f 2881/2339/5 2882/2340/5 2883/2337/5
f 2883/2337/5 2882/2340/5 2884/2338/5
f 2883/2337/103 2884/2338/103 2885/2353/103
f 2885/2353/103 2884/2338/103 2886/2354/103
f 2885/2353/105 2886/2354/105 2887/2355/105
f 2887/2355/104 2886/2354/104 2888/2356/104
f 2887/2347/106 2888/2348/106 2889/2345/106
f 2889/2345/106 2888/2348/106 2890/2346/106
f 2889/2345/107 2890/2346/107 2891/2343/107
f 2891/2343/107 2890/2346/107 2892/2344/107
f 2891/2343/1 2892/2344/1 2893/2341/1
f 2893/2341/1 2892/2344/1 2894/2342/1
f 2895/2357/1 2896/2358/1 2897/2359/1
f 2897/2359/1 2896/2358/1 2898/2360/1
f 2897/2359/108 2898/2360/108 2899/2361/108
f 2899/2361/108 2898/2360/108 2900/2362/108
f 2899/2361/109 2900/2362/109 2901/2363/109
f 2901/2363/109 2900/2362/109 2902/2364/109
f 2901/2355/110 2902/2356/110 2903/2353/110
f 2903/2353/111 2902/2356/111 2904/2354/111
f 2903/2353/112 2904/2354/112 2867/2337/112
f 2867/2337/112 2904/2354/112 2868/2338/112
f 2869/2339/168 2870/2340/168 2905/2351/168
f 2905/2351/168 2870/2340/168 2906/2352/168
f 2905/2351/170 2906/2352/170 2907/2349/170
f 2907/2349/169 2906/2352/169 2908/2350/169
f 2907/2363/171 2908/2364/171 2909/2361/171
f 2909/2361/171 2908/2364/171 2910/2362/171
f 2909/2361/172 2910/2362/172 2911/2359/172
f 2911/2359/172 2910/2362/172 2912/2360/172
f 2911/2359/6 2912/2360/6 2913/2357/6
f 2913/2357/6 2912/2360/6 2914/2358/6
f 2915/2339/5 2916/2340/5 2917/2337/5
f 2917/2337/5 2916/2340/5 2918/2338/5
f 2917/2337/103 2918/2338/103 2919/2353/103
f 2919/2353/103 2918/2338/103 2920/2354/103
f 2919/2353/104 2920/2354/104 2921/2355/104
f 2921/2355/105 2920/2354/105 2922/2356/105
f 2921/2365/106 2922/2366/106 2923/2367/106
f 2923/2367/106 2922/2366/106 2924/2368/106
f 2923/2367/107 2924/2368/107 2925/2369/107
f 2925/2369/107 2924/2368/107 2926/2370/107
f 2925/2369/1 2926/2370/1 2927/2371/1
f 2927/2371/1 2926/2370/1 2928/2372/1
f 2929/2373/1 2930/2374/1 2931/2375/1
f 2931/2375/1 2930/2374/1 2932/2376/1
f 2931/2375/108 2932/2376/108 2933/2377/108
f 2933/2377/108 2932/2376/108 2934/2378/108
f 2933/2377/109 2934/2378/109 2935/2379/109
f 2935/2379/109 2934/2378/109 2936/2380/109
f 2935/2355/111 2936/2356/111 2937/2353/111
f 2937/2353/110 2936/2356/110 2938/2354/110
f 2937/2353/112 2938/2354/112 2939/2337/112
f 2939/2337/112 2938/2354/112 2940/2338/112
f 2939/2337/3 2940/2338/3 2941/2339/3
f 2941/2339/3 2940/2338/3 2942/2340/3
f 2941/2339/168 2942/2340/168 2943/2351/168
f 2943/2351/168 2942/2340/168 2944/2352/168
f 2943/2351/169 2944/2352/169 2945/2349/169
f 2945/2349/170 2944/2352/170 2946/2350/170
f 2945/2379/171 2946/2380/171 2947/2377/171
f 2947/2377/171 2946/2380/171 2948/2378/171
f 2947/2377/172 2948/2378/172 2949/2375/172
f 2949/2375/172 2948/2378/172 2950/2376/172
f 2949/2375/6 2950/2376/6 2951/2373/6
f 2951/2373/6 2950/2376/6 2952/2374/6
f 2953/2371/6 2954/2372/6 2955/2369/6
f 2955/2369/6 2954/2372/6 2956/2370/6
f 2955/2369/163 2956/2370/163 2957/2367/163
f 2957/2367/163 2956/2370/163 2958/2368/163
f 2957/2367/164 2958/2368/164 2959/2365/164
f 2959/2365/164 2958/2368/164 2960/2366/164
f 2959/2349/166 2960/2350/166 2961/2351/166
f 2961/2351/165 2960/2350/165 2962/2352/165
f 2961/2351/167 2962/2352/167 2915/2339/167
f 2915/2339/167 2962/2352/167 2916/2340/167
f 2963/2381/3 2964/2382/3 2965/2383/3
f 2965/2383/3 2964/2382/3 2966/2384/3
f 2967/2385/6 2968/2386/6 2969/2387/6
f 2969/2387/6 2968/2386/6 2970/2388/6
f 2969/2387/163 2970/2388/163 2971/2389/163
f 2971/2389/163 2970/2388/163 2972/2390/163
f 2971/2389/164 2972/2390/164 2973/2391/164
f 2973/2391/164 2972/2390/164 2974/2392/164
f 2973/2393/165 2974/2394/165 2975/2395/165
f 2975/2395/166 2974/2394/166 2976/2396/166
f 2975/2395/167 2976/2396/167 2977/2383/167
f 2977/2383/167 2976/2396/167 2978/2384/167
f 2977/2383/5 2978/2384/5 2979/2381/5
f 2979/2381/5 2978/2384/5 2980/2382/5
f 2979/2381/103 2980/2382/103 2981/2397/103
f 2981/2397/103 2980/2382/103 2982/2398/103
f 2981/2397/105 2982/2398/105 2983/2399/105
f 2983/2399/104 2982/2398/104 2984/2400/104
f 2983/2391/106 2984/2392/106 2985/2389/106
f 2985/2389/106 2984/2392/106 2986/2390/106
f 2985/2389/107 2986/2390/107 2987/2387/107
f 2987/2387/107 2986/2390/107 2988/2388/107
f 2987/2387/1 2988/2388/1 2989/2385/1
f 2989/2385/1 2988/2388/1 2990/2386/1
f 2991/2401/1 2992/2402/1 2993/2403/1
f 2993/2403/1 2992/2402/1 2994/2404/1
f 2993/2403/108 2994/2404/108 2995/2405/108
f 2995/2405/108 2994/2404/108 2996/2406/108
f 2995/2405/109 2996/2406/109 2997/2407/109
f 2997/2407/109 2996/2406/109 2998/2408/109
f 2997/2399/110 2998/2400/110 2999/2397/110
f 2999/2397/111 2998/2400/111 3000/2398/111
f 2999/2397/112 3000/2398/112 2963/2381/112
f 2963/2381/112 3000/2398/112 2964/2382/112
f 2965/2383/168 2966/2384/168 3001/2395/168
f 3001/2395/168 2966/2384/168 3002/2396/168
f 3001/2395/170 3002/2396/170 3003/2393/170
f 3003/2393/169 3002/2396/169 3004/2394/169
f 3003/2407/171 3004/2408/171 3005/2405/171
f 3005/2405/171 3004/2408/171 3006/2406/171
f 3005/2405/172 3006/2406/172 3007/2403/172
f 3007/2403/172 3006/2406/172 3008/2404/172
f 3007/2403/6 3008/2404/6 3009/2401/6
f 3009/2401/6 3008/2404/6 3010/2402/6
f 3011/2383/5 3012/2384/5 3013/2381/5
f 3013/2381/5 3012/2384/5 3014/2382/5
f 3013/2381/103 3014/2382/103 3015/2397/103
f 3015/2397/103 3014/2382/103 3016/2398/103
f 3015/2397/104 3016/2398/104 3017/2399/104
f 3017/2399/105 3016/2398/105 3018/2400/105
f 3017/2409/106 3018/2410/106 3019/2411/106
f 3019/2411/106 3018/2410/106 3020/2412/106
f 3019/2411/107 3020/2412/107 3021/2413/107
f 3021/2413/107 3020/2412/107 3022/2414/107
f 3021/2413/1 3022/2414/1 3023/2415/1
f 3023/2415/1 3022/2414/1 3024/2416/1
f 3025/2417/1 3026/2418/1 3027/2419/1
f 3027/2419/1 3026/2418/1 3028/2420/1
f 3027/2419/108 3028/2420/108 3029/2421/108
f 3029/2421/108 3028/2420/108 3030/2422/108
f 3029/2421/109 3030/2422/109 3031/2423/109
f 3031/2423/109 3030/2422/109 3032/2424/109
f 3031/2399/111 3032/2400/111 3033/2397/111
f 3033/2397/110 3032/2400/110 3034/2398/110
f 3033/2397/112 3034/2398/112 3035/2381/112
f 3035/2381/112 3034/2398/112 3036/2382/112
f 3035/2381/3 3036/2382/3 3037/2383/3
f 3037/2383/3 3036/2382/3 3038/2384/3
f 3037/2383/168 3038/2384/168 3039/2395/168
f 3039/2395/168 3038/2384/168 3040/2396/168
f 3039/2395/169 3040/2396/169 3041/2393/169
f 3041/2393/170 3040/2396/170 3042/2394/170
f 3041/2423/171 3042/2424/171 3043/2421/171
f 3043/2421/171 3042/2424/171 3044/2422/171
f 3043/2421/172 3044/2422/172 3045/2419/172
f 3045/2419/172 3044/2422/172 3046/2420/172
f 3045/2419/6 3046/2420/6 3047/2417/6
f 3047/2417/6 3046/2420/6 3048/2418/6
f 3049/2415/6 3050/2416/6 3051/2413/6
f 3051/2413/6 3050/2416/6 3052/2414/6
f 3051/2413/163 3052/2414/163 3053/2411/163
f 3053/2411/163 3052/2414/163 3054/2412/163
f 3053/2411/164 3054/2412/164 3055/2409/164
f 3055/2409/164 3054/2412/164 3056/2410/164
f 3055/2393/166 3056/2394/166 3057/2395/166
f 3057/2395/165 3056/2394/165 3058/2396/165
f 3057/2395/167 3058/2396/167 3011/2383/167
f 3011/2383/167 3058/2396/167 3012/2384/167
f 3059/2425/6 3060/2426/6 3061/2427/6
f 3061/2427/6 3060/2426/6 3062/2428/6
f 3061/2427/163 3062/2428/163 3063/2429/163
f 3063/2429/163 3062/2428/163 3064/2430/163
f 3063/2429/164 3064/2430/164 3065/2431/164
f 3065/2431/164 3064/2430/164 3066/2432/164
f 3065/2433/165 3066/2434/165 3067/2435/165
f 3067/2435/166 3066/2434/166 3068/2436/166
f 3067/2435/167 3068/2436/167 3069/1807/167
f 3069/1807/167 3068/2436/167 3070/2437/167
f 3069/1807/5 3070/2437/5 3071/1806/5
f 3071/1806/5 3070/2437/5 3072/2438/5
f 3071/1806/103 3072/2438/103 3073/1823/103
f 3073/1823/103 3072/2438/103 3074/2439/103
f 3073/1823/105 3074/2439/105 3075/1825/105
f 3075/1825/104 3074/2439/104 3076/2440/104
f 3075/2431/106 3076/2432/106 3077/2429/106
f 3077/2429/106 3076/2432/106 3078/2430/106
f 3077/2429/107 3078/2430/107 3079/2427/107
f 3079/2427/107 3078/2430/107 3080/2428/107
f 3079/2427/1 3080/2428/1 3081/2425/1
f 3081/2425/1 3080/2428/1 3082/2426/1
f 3083/2441/1 3084/2442/1 3085/2443/1
f 3085/2443/1 3084/2442/1 3086/2444/1
f 3085/2443/108 3086/2444/108 3087/2445/108
f 3087/2445/108 3086/2444/108 3088/2446/108
f 3087/2445/109 3088/2446/109 3089/2447/109
f 3089/2447/109 3088/2446/109 3090/2448/109
f 3089/1825/111 3090/2440/111 3091/1823/111
f 3091/1823/110 3090/2440/110 3092/2439/110
f 3091/1823/112 3092/2439/112 3093/1806/112
f 3093/1806/112 3092/2439/112 3094/2438/112
f 3093/1806/3 3094/2438/3 3095/1807/3
f 3095/1807/3 3094/2438/3 3096/2437/3
f 3095/1807/168 3096/2437/168 3097/2435/168
f 3097/2435/168 3096/2437/168 3098/2436/168
f 3097/2435/169 3098/2436/169 3099/2433/169
f 3099/2433/170 3098/2436/170 3100/2434/170
f 3099/2447/171 3100/2448/171 3101/2445/171
f 3101/2445/171 3100/2448/171 3102/2446/171
f 3101/2445/172 3102/2446/172 3103/2443/172
f 3103/2443/172 3102/2446/172 3104/2444/172
f 3103/2443/6 3104/2444/6 3105/2441/6
f 3105/2441/6 3104/2444/6 3106/2442/6
f 1975/1793/173 1974/1794/173 2106/2449/173
f 2106/2449/174 1974/1794/174 3107/2450/174
f 2106/2449/193 3107/2450/193 2122/2451/193
f 2122/2451/170 3107/2450/170 3108/2452/170
f 2122/2451/170 3108/2452/170 2121/2453/170
f 2121/2454/171 3108/1844/171 3109/1842/171
f 2121/2454/176 3109/1842/176 2114/1950/176
f 2114/1950/177 3109/1842/177 3110/1836/177
f 2114/1950/178 3110/1836/178 2115/1951/178
f 2116/1952/6 2115/1951/6 3111/1835/6
f 3111/1835/6 2115/1951/6 3110/1836/6
f 3112/2455/6 3113/2456/6 3114/2457/6
f 3114/2457/6 3113/2456/6 3115/2458/6
f 3114/2457/163 3115/2458/163 3116/2459/163
f 3116/2459/163 3115/2458/163 3117/2460/163
f 3116/2459/164 3117/2460/164 3118/2461/164
f 3118/2461/164 3117/2460/164 3119/2462/164
f 3118/2463/165 3119/2452/165 3120/2464/165
f 3120/2464/166 3119/2452/166 3121/2450/166
f 3120/2464/167 3121/2450/167 3122/2465/167
f 3122/2465/167 3121/2450/167 3123/1794/167
f 3122/2465/5 3123/1794/5 3124/2466/5
f 3124/2466/5 3123/1794/5 3125/1800/5
f 3124/2466/103 3125/1800/103 3126/2467/103
f 3126/2467/103 3125/1800/103 3127/1814/103
f 3126/2467/105 3127/1814/105 3128/2468/105
f 3128/2468/104 3127/1814/104 3129/1816/104
f 3128/2461/106 3129/2462/106 3130/2459/106
f 3130/2459/106 3129/2462/106 3131/2460/106
f 3130/2459/107 3131/2460/107 3132/2457/107
f 3132/2457/107 3131/2460/107 3133/2458/107
f 3132/2457/1 3133/2458/1 3134/2455/1
f 3134/2455/1 3133/2458/1 3135/2456/1
f 3136/2469/6 3137/2470/6 3138/1822/6
f 3138/1822/6 3137/2470/6 3139/1833/6
f 3136/2469/163 3138/1822/163 3140/1820/163
f 3136/2469/163 3140/1820/163 3141/2471/163
f 3141/2471/164 3140/1820/164 3142/1818/164
f 3141/2471/194 3142/1818/194 3143/2472/194
f 3143/2473/195 3142/2452/195 3144/2450/195
f 3143/2473/181 3144/2450/181 3145/2451/181
f 3145/2451/196 3144/2450/196 3146/2449/196
f 3146/2449/183 3144/2450/183 1937/1794/183
f 3146/2449/184 1937/1794/184 1936/1793/184
f 3147/2474/1 3148/2475/1 3149/2476/1
f 3149/2476/1 3148/2475/1 3150/2477/1
f 3149/2476/108 3150/2477/108 3151/2478/108
f 3151/2478/108 3150/2477/108 3152/2479/108
f 3151/2478/109 3152/2479/109 3153/2480/109
f 3153/2480/109 3152/2479/109 3154/2481/109
f 3153/2468/111 3154/1816/111 3155/2467/111
f 3155/2467/110 3154/1816/110 3156/1814/110
f 3155/2467/112 3156/1814/112 3157/2466/112
f 3157/2466/112 3156/1814/112 3158/1800/112
f 3157/2466/3 3158/1800/3 3159/2465/3
f 3159/2465/3 3158/1800/3 3160/1794/3
f 3159/2465/168 3160/1794/168 3161/2464/168
f 3161/2464/168 3160/1794/168 3162/2450/168
f 3161/2464/169 3162/2450/169 3163/2463/169
f 3163/2463/170 3162/2450/170 3164/2452/170
f 3163/2480/171 3164/2481/171 3165/2478/171
f 3165/2478/171 3164/2481/171 3166/2479/171
f 3165/2478/172 3166/2479/172 3167/2476/172
f 3167/2476/172 3166/2479/172 3168/2477/172
f 3167/2476/6 3168/2477/6 3169/2474/6
f 3169/2474/6 3168/2477/6 3170/2475/6
f 2395/2125/172 3171/1769/172 3172/1776/172
f 2395/2125/197 3172/1776/197 2394/2126/197
f 2394/2126/198 3172/1776/198 3173/1778/198
f 2394/2126/199 3173/1778/199 2391/2482/199
f 2391/2483/170 3173/2316/170 3174/2318/170
f 2391/2483/170 3174/2318/170 2390/2484/170
f 2390/2484/175 3174/2318/175 2389/2485/175
f 2389/2485/200 3174/2318/200 1895/1737/200
f 2389/2485/173 1895/1737/173 1894/1741/173
f 2261/2057/172 3175/1697/172 3176/1704/172
f 2261/2057/172 3176/1704/172 2260/2058/172
f 2260/2058/171 3176/1704/171 3177/1706/171
f 2260/2058/201 3177/1706/201 2258/2486/201
f 2258/2487/202 3177/2171/202 3178/2173/202
f 2258/2487/203 3178/2173/203 2256/2488/203
f 2256/2488/193 3178/2173/193 2242/2489/193
f 2242/2489/204 3178/2173/204 1809/1671/204
f 2242/2489/173 1809/1671/173 1807/1670/173
f 3171/1769/6 2395/2125/6 3179/1770/6
f 3179/1770/6 2395/2125/6 2396/2127/6
f 3175/1697/6 2261/2057/6 3180/1698/6
f 3180/1698/6 2261/2057/6 2262/2059/6
f 3181/1765/6 3182/2490/6 3183/1762/6
f 3183/1762/6 3182/2490/6 3184/2491/6
f 3185/1693/6 3186/2492/6 3187/1690/6
f 3187/1690/6 3186/2492/6 3188/2493/6
f 1860/1741/184 1856/1737/184 3189/2485/184
f 3189/2485/205 1856/1737/205 3190/2318/205
f 3189/2485/182 3190/2318/182 3191/2484/182
f 3191/2484/165 3190/2318/165 3192/2316/165
f 3191/2484/206 3192/2316/206 3193/2494/206
f 3193/2495/207 3192/1758/207 3194/1760/207
f 3193/2495/208 3194/1760/208 3195/2496/208
f 3195/2496/163 3194/1760/163 3183/1762/163
f 3195/2496/163 3183/1762/163 3184/2491/163
f 1770/1670/184 1771/1671/184 3196/2489/184
f 3196/2489/209 1771/1671/209 3197/2173/209
f 3196/2489/196 3197/2173/196 3198/2488/196
f 3198/2488/165 3197/2173/165 3199/2171/165
f 3198/2488/165 3199/2171/165 3200/2497/165
f 3200/2498/164 3199/1686/164 3201/1688/164
f 3200/2498/210 3201/1688/210 3202/2499/210
f 3202/2499/211 3201/1688/211 3187/1690/211
f 3202/2499/212 3187/1690/212 3188/2493/212
f 2128/1961/172 3203/1838/172 3204/1845/172
f 2128/1961/172 3204/1845/172 2127/1962/172
f 2127/1962/171 3204/1845/171 3205/1847/171
f 2127/1962/213 3205/1847/213 2125/2500/213
f 2125/2501/214 3205/2433/214 3206/2435/214
f 2125/2501/203 3206/2435/203 2123/2502/203
f 2123/2502/175 3206/2435/175 2109/2503/175
f 2109/2503/204 3206/2435/204 1986/1807/204
f 2109/2503/173 1986/1807/173 1992/1811/173
f 3203/1838/6 2128/1961/6 3207/1839/6
f 3207/1839/6 2128/1961/6 2129/1963/6
f 3208/1834/6 3209/2504/6 3210/1831/6
f 3210/1831/6 3209/2504/6 3211/2505/6
f 1952/1811/184 1948/1807/184 3212/2503/184
f 3212/2503/209 1948/1807/209 3213/2435/209
f 3212/2503/182 3213/2435/182 3214/2502/182
f 3214/2502/165 3213/2435/165 3215/2433/165
f 3214/2502/165 3215/2433/165 3216/2506/165
f 3216/2507/164 3215/1827/164 3217/1829/164
f 3216/2507/210 3217/1829/210 3218/2508/210
f 3218/2508/211 3217/1829/211 3210/1831/211
f 3218/2508/212 3210/1831/212 3211/2505/212
f 3219/2509/6 3220/2510/6 3221/2511/6
f 3221/2511/6 3220/2510/6 3222/2512/6
f 2865/2513/144 2866/2514/144 3223/2515/144
f 2865/2513/215 3223/2515/215 2863/2516/215
f 3223/2515/216 3224/2517/216 2863/2516/216
f 2863/2516/217 3224/2517/217 3225/2518/217
f 2863/2516/218 3225/2518/218 2861/2519/218
f 3221/2511/121 3222/2512/121 3226/2520/121
f 3226/2520/121 3222/2512/121 3227/2521/121
f 3226/2520/139 3227/2521/139 3225/2522/139
f 3225/2522/219 3227/2521/219 2857/2333/219
f 3225/2522/220 2857/2333/220 2861/2334/220
f 2861/2334/120 2857/2333/120 2856/2332/120
f 1843/2523/4 3228/2524/4 1844/2525/4
f 1844/2525/4 3228/2524/4 3223/2515/4
f 1844/2525/4 3223/2515/4 2866/2514/4
f 3228/2524/113 1843/2523/113 3229/2526/113
f 3229/2526/113 1843/2523/113 1850/2527/113
f 3229/2526/114 1850/2527/114 3230/2528/114
f 3230/2528/114 1850/2527/114 1849/2529/114
f 3230/2522/115 1849/2530/115 3231/2520/115
f 3231/2520/115 1849/2530/115 1851/2531/115
f 3231/2520/116 1851/2531/116 3232/2511/116
f 3232/2511/116 1851/2531/116 1852/2532/116
f 3232/2511/1 1852/2532/1 3233/2509/1
f 3233/2509/1 1852/2532/1 1848/1712/1
f 1834/2533/4 1884/2534/4 2381/2535/4
f 2426/2536/4 1835/2537/4 2425/2538/4
f 2425/2538/4 1835/2537/4 1834/2533/4
f 2474/2539/4 2452/2540/4 2404/2541/4
f 2362/2542/4 3234/2543/4 2364/2544/4
f 2364/2544/4 3234/2543/4 2451/2545/4
f 2364/2544/4 2451/2545/4 2381/2535/4
f 2381/2535/4 2451/2545/4 2473/2546/4
f 2381/2535/4 2473/2546/4 1834/2533/4
f 1834/2533/4 2473/2546/4 2474/2539/4
f 1834/2533/4 2474/2539/4 2425/2538/4
f 2425/2538/4 2474/2539/4 2404/2541/4
f 3235/2547/4 3220/2548/4 3219/2549/4
f 1848/2550/4 1835/2537/4 3233/2551/4
f 3233/2551/4 1835/2537/4 2426/2536/4
f 3233/2551/4 2426/2536/4 3219/2549/4
f 3219/2549/4 2426/2536/4 2406/2552/4
f 3219/2549/4 2406/2552/4 3235/2547/4
f 3235/2547/4 2406/2552/4 2404/2541/4
f 3235/2547/4 2404/2541/4 3234/2543/4
f 3234/2543/4 2404/2541/4 2452/2540/4
f 3234/2543/4 2452/2540/4 2451/2545/4
f 2498/2540/2 3236/2547/2 3237/2543/2
f 2402/2544/2 2475/2546/2 2497/2545/2
f 3238/2549/2 3239/2548/2 3236/2547/2
f 1898/2534/2 1838/2533/2 2383/2535/2
f 2383/2535/2 1838/2533/2 1833/2537/2
f 2401/2542/2 2402/2544/2 3237/2543/2
f 3237/2543/2 2402/2544/2 2497/2545/2
f 3237/2543/2 2497/2545/2 2498/2540/2
f 1833/2537/2 1855/2550/2 3240/2551/2
f 2428/2538/2 1833/2537/2 2430/2536/2
f 2430/2536/2 1833/2537/2 3240/2551/2
f 2430/2536/2 3240/2551/2 2450/2552/2
f 3240/2551/2 3238/2549/2 2450/2552/2
f 2450/2552/2 3238/2549/2 3236/2547/2
f 2450/2552/2 3236/2547/2 2449/2541/2
f 2449/2541/2 3236/2547/2 2498/2540/2
f 2449/2541/2 2498/2540/2 2428/2538/2
f 2428/2538/2 2498/2540/2 2476/2539/2
f 2428/2538/2 2476/2539/2 1833/2537/2
f 1833/2537/2 2476/2539/2 2475/2546/2
f 1833/2537/2 2475/2546/2 2383/2535/2
f 2383/2535/2 2475/2546/2 2402/2544/2
f 3240/2553/1 1855/1710/1 3241/2554/1
f 3241/2554/1 1855/1710/1 1861/2555/1
f 3241/2554/153 1861/2555/153 3242/2556/153
f 3242/2556/153 1861/2555/153 1862/2557/153
f 3242/2556/154 1862/2557/154 3243/2558/154
f 3243/2558/154 1862/2557/154 1859/2559/154
f 3243/2528/155 1859/2529/155 3244/2526/155
f 3244/2526/155 1859/2529/155 1858/2527/155
f 3244/2526/156 1858/2527/156 3245/2524/156
f 3245/2524/156 1858/2527/156 1857/2523/156
f 3189/2514/2 3246/2515/2 1860/2525/2
f 1860/2525/2 3246/2515/2 3245/2524/2
f 1860/2525/2 3245/2524/2 1857/2523/2
f 3195/2496/134 3184/2491/134 3182/2490/134
f 3247/2560/138 3248/2554/138 3249/2561/138
f 3249/2561/138 3248/2554/138 3250/2556/138
f 3249/2561/221 3250/2556/221 3182/2490/221
f 3182/2490/222 3250/2556/222 3251/2558/222
f 3182/2490/223 3251/2558/223 3195/2496/223
f 3195/2562/224 3251/2518/224 3252/2517/224
f 3195/2562/225 3252/2517/225 3193/2563/225
f 3193/2563/131 3252/2517/131 3191/2513/131
f 3191/2513/226 3252/2517/226 3246/2515/226
f 3191/2513/129 3246/2515/129 3189/2514/129
f 3248/2554/6 3247/2560/6 3238/2553/6
f 3238/2553/6 3247/2560/6 3239/2564/6
f 3253/1949/1 3254/1968/1 3255/2565/1
f 3255/2565/1 3254/1968/1 3256/2566/1
f 3257/1901/1 3258/1894/1 3253/1949/1
f 3253/1949/1 3258/1894/1 3259/1896/1
f 3253/1949/1 3259/1896/1 3254/1968/1
f 3254/1968/1 3259/1896/1 3260/1898/1
f 3236/2564/1 3235/2510/1 3237/2130/1
f 3237/2130/1 3235/2510/1 3234/2106/1
f 3260/1898/1 3261/1911/1 3254/1968/1
f 3254/1968/1 3261/1911/1 3262/1910/1
f 3254/1968/1 3262/1910/1 3234/2106/1
f 3263/1872/1 3236/2564/1 3264/2567/1
f 3265/2568/1 3264/2567/1 3266/2064/1
f 3266/2064/1 3264/2567/1 3267/2052/1
f 3268/1850/1 3269/1876/1 3265/2568/1
f 3265/2568/1 3269/1876/1 3270/1874/1
f 3265/2568/1 3270/1874/1 3264/2567/1
f 3264/2567/1 3270/1874/1 3271/1873/1
f 3264/2567/1 3271/1873/1 3263/1872/1
f 3263/1872/1 3272/1871/1 3236/2564/1
f 3236/2564/1 3272/1871/1 3273/1870/1
f 3236/2564/1 3273/1870/1 3235/2510/1
f 3235/2510/1 3273/1870/1 3274/1869/1
f 3235/2510/1 3274/1869/1 3256/2566/1
f 3256/2566/1 3274/1869/1 3275/1863/1
f 3256/2566/1 3275/1863/1 3255/2565/1
f 3255/2565/1 3275/1863/1 3276/1864/1
f 3255/2565/1 3276/1864/1 3277/1852/1
f 3277/1852/1 3276/1864/1 3278/1866/1
f 3277/1852/1 3278/1866/1 3279/1868/1
f 3280/1887/1 3281/1903/1 3282/1889/1
f 3282/1889/1 3281/1903/1 3266/2064/1
f 3282/1889/1 3266/2064/1 3283/1906/1
f 3283/1906/1 3266/2064/1 3267/2052/1
f 3283/1906/1 3267/2052/1 3284/1907/1
f 3284/1907/1 3267/2052/1 3237/2130/1
f 3284/1907/1 3237/2130/1 3285/1908/1
f 3285/1908/1 3237/2130/1 3234/2106/1
f 3285/1908/1 3234/2106/1 3286/1909/1
f 3286/1909/1 3234/2106/1 3262/1910/1
f 3287/2569/5 2056/2570/5 2058/2571/5
f 3287/2569/5 3288/2572/5 3258/2573/5
f 3258/2573/5 3288/2572/5 3259/2574/5
f 3112/2575/5 3260/2576/5 3113/2577/5
f 3113/2577/5 3260/2576/5 3259/2574/5
f 3113/2577/5 3259/2574/5 3135/2578/5
f 3135/2578/5 3259/2574/5 3288/2572/5
f 3135/2578/5 3288/2572/5 3134/2579/5
f 3134/2579/5 3288/2572/5 3289/2580/5
f 3134/2579/5 3289/2580/5 3112/2575/5
f 3112/2575/5 3289/2580/5 3260/2576/5
f 3059/2581/5 3261/2582/5 3060/2583/5
f 3060/2583/5 3261/2582/5 3260/2576/5
f 3060/2583/5 3260/2576/5 3082/2584/5
f 3082/2584/5 3260/2576/5 3289/2580/5
f 3082/2584/5 3289/2580/5 3081/2585/5
f 3081/2585/5 3289/2580/5 3290/2586/5
f 3081/2585/5 3290/2586/5 3059/2581/5
f 3059/2581/5 3290/2586/5 3261/2582/5
f 2967/2587/5 3262/2588/5 2968/2589/5
f 2968/2589/5 3262/2588/5 3261/2582/5
f 2968/2589/5 3261/2582/5 2990/2590/5
f 2990/2590/5 3261/2582/5 3290/2586/5
f 2990/2590/5 3290/2586/5 2989/2591/5
f 2989/2591/5 3290/2586/5 3291/2592/5
f 2989/2591/5 3291/2592/5 2967/2587/5
f 2967/2587/5 3291/2592/5 3262/2588/5
f 2871/2593/5 3286/2594/5 2872/2595/5
f 2872/2595/5 3286/2594/5 3262/2588/5
f 2872/2595/5 3262/2588/5 2894/2596/5
f 2894/2596/5 3262/2588/5 3291/2592/5
f 2894/2596/5 3291/2592/5 2893/2597/5
f 2893/2597/5 3291/2592/5 3292/2598/5
f 2893/2597/5 3292/2598/5 2871/2593/5
f 2871/2593/5 3292/2598/5 3286/2594/5
f 2803/2599/5 3285/2600/5 2804/2601/5
f 2804/2601/5 3285/2600/5 3286/2594/5
f 2804/2601/5 3286/2594/5 2826/2602/5
f 2826/2602/5 3286/2594/5 3292/2598/5
f 2826/2602/5 3292/2598/5 2825/2603/5
f 2825/2603/5 3292/2598/5 3293/2604/5
f 2825/2603/5 3293/2604/5 2803/2599/5
f 2803/2599/5 3293/2604/5 3285/2600/5
f 2711/2605/5 3284/2606/5 2712/2607/5
f 2712/2607/5 3284/2606/5 3285/2600/5
f 2712/2607/5 3285/2600/5 2734/2608/5
f 2734/2608/5 3285/2600/5 3293/2604/5
f 2734/2608/5 3293/2604/5 2733/2609/5
f 2733/2609/5 3293/2604/5 3294/2610/5
f 2733/2609/5 3294/2610/5 2711/2605/5
f 2711/2605/5 3294/2610/5 3284/2606/5
f 2615/2611/5 3283/2612/5 2616/2613/5
f 2616/2613/5 3283/2612/5 3284/2606/5
f 2616/2613/5 3284/2606/5 2638/2614/5
f 2638/2614/5 3284/2606/5 3294/2610/5
f 2638/2614/5 3294/2610/5 2637/2615/5
f 2637/2615/5 3294/2610/5 3295/2616/5
f 2637/2615/5 3295/2616/5 2615/2611/5
f 2615/2611/5 3295/2616/5 3283/2612/5
f 2547/2617/5 3282/2618/5 2548/2619/5
f 2548/2619/5 3282/2618/5 3283/2612/5
f 2548/2619/5 3283/2612/5 2570/2620/5
f 2570/2620/5 3283/2612/5 3295/2616/5
f 2570/2620/5 3295/2616/5 2569/2621/5
f 2569/2621/5 3295/2616/5 3296/2622/5
f 2569/2621/5 3296/2622/5 2547/2617/5
f 2547/2617/5 3296/2622/5 3282/2618/5
f 2499/2623/5 3280/2624/5 2500/2625/5
f 2500/2625/5 3280/2624/5 3282/2618/5
f 2500/2625/5 3282/2618/5 2522/2626/5
f 2522/2626/5 3282/2618/5 3296/2622/5
f 2522/2626/5 3296/2622/5 2521/2627/5
f 2521/2627/5 3296/2622/5 3297/2628/5
f 2521/2627/5 3297/2628/5 2499/2623/5
f 2499/2623/5 3297/2628/5 3280/2624/5
f 3287/2569/5 2058/2571/5 3288/2572/5
f 3288/2572/5 2058/2571/5 2060/2629/5
f 3288/2572/5 2060/2629/5 3289/2580/5
f 3289/2580/5 2060/2629/5 2073/2630/5
f 3289/2580/5 2073/2630/5 3290/2586/5
f 3290/2586/5 2073/2630/5 2072/2631/5
f 3290/2586/5 2072/2631/5 3291/2592/5
f 3291/2592/5 2072/2631/5 2071/2632/5
f 3291/2592/5 2071/2632/5 3292/2598/5
f 3292/2598/5 2071/2632/5 2070/2633/5
f 3292/2598/5 2070/2633/5 3293/2604/5
f 3293/2604/5 2070/2633/5 2069/2634/5
f 3293/2604/5 2069/2634/5 3294/2610/5
f 3294/2610/5 2069/2634/5 2068/2635/5
f 3294/2610/5 2068/2635/5 3295/2616/5
f 3295/2616/5 2068/2635/5 2051/2636/5
f 3295/2616/5 2051/2636/5 3296/2622/5
f 3296/2622/5 2051/2636/5 2049/2637/5
f 3296/2622/5 2049/2637/5 3297/2628/5
f 3111/2577/3 2111/2638/3 2116/2639/3
f 2116/2639/3 2111/2638/3 2110/2640/3
f 2116/2639/3 2110/2640/3 2117/2641/3
f 3253/2642/3 2111/2638/3 3257/2573/3
f 3257/2573/3 2111/2638/3 3111/2577/3
f 3257/2573/3 3111/2577/3 2063/2570/3
f 2063/2570/3 3111/2577/3 1993/2578/3
f 2063/2570/3 1993/2578/3 1995/2643/3
f 3234/2644/3 3009/2587/3 3010/2589/3
f 2753/2605/3 2754/2607/3 3237/2645/3
f 3254/2646/3 3207/2581/3 2134/2647/3
f 2134/2647/3 3207/2581/3 2129/2648/3
f 2134/2647/3 2129/2648/3 2132/2649/3
f 2132/2649/98 2129/2648/98 2130/2650/98
f 1842/1726/3 1840/1732/3 1905/2651/3
f 1905/2651/3 1840/1732/3 1910/2652/3
f 2397/2653/3 2399/2654/3 2396/2655/3
f 2396/2655/98 2399/2654/98 2401/2656/98
f 2396/2655/3 2401/2656/3 3179/2599/3
f 1998/2585/3 2063/2570/3 2000/2657/3
f 2000/2657/3 2063/2570/3 1995/2643/3
f 2000/2657/3 1995/2643/3 1932/1804/3
f 1932/1804/3 1995/2643/3 1934/1796/3
f 3234/2644/3 2362/2658/3 2831/2601/3
f 2831/2601/3 2362/2658/3 2367/2659/3
f 2367/2659/98 2362/2658/98 2361/2660/98
f 2367/2659/99 2361/2660/99 2368/2661/99
f 3254/2646/3 3234/2644/3 3207/2581/3
f 3207/2581/3 3234/2644/3 3010/2589/3
f 3207/2581/3 3010/2589/3 1998/2585/3
f 1998/2585/3 3010/2589/3 2992/2590/3
f 1998/2585/3 2992/2590/3 2063/2570/3
f 2063/2570/3 2992/2590/3 2991/2591/3
f 2735/2609/3 2065/2637/3 2736/2608/3
f 2736/2608/227 2065/2637/227 1908/2603/227
f 2736/2608/3 1908/2603/3 2754/2607/3
f 2754/2607/3 1908/2603/3 3179/2599/3
f 2754/2607/3 3179/2599/3 3237/2645/3
f 3237/2645/3 3179/2599/3 2401/2656/3
f 2658/2613/3 3267/2662/3 2657/2611/3
f 2657/2611/3 3267/2662/3 2244/2663/3
f 2895/2597/3 2063/2570/3 2896/2596/3
f 2896/2596/3 2063/2570/3 2991/2591/3
f 2896/2596/3 2991/2591/3 2914/2595/3
f 2991/2591/3 3009/2587/3 2914/2595/3
f 2914/2595/228 3009/2587/228 3234/2644/228
f 2914/2595/3 3234/2644/3 2913/2593/3
f 2913/2593/3 3234/2644/3 2831/2601/3
f 2913/2593/3 2831/2601/3 2895/2597/3
f 2895/2597/3 2831/2601/3 1903/2602/3
f 2895/2597/227 1903/2602/227 2063/2570/227
f 2063/2570/3 1903/2602/3 1905/2651/3
f 2063/2570/3 1905/2651/3 2065/2637/3
f 2065/2637/229 1905/2651/229 1910/2652/229
f 2065/2637/3 1910/2652/3 1908/2603/3
f 1811/2620/3 1813/2664/3 2065/2637/3
f 2639/2615/3 2657/2611/3 2575/2619/3
f 2575/2619/3 2657/2611/3 2244/2663/3
f 2575/2619/3 2244/2663/3 2249/2665/3
f 2249/2665/3 2244/2663/3 2243/2666/3
f 2249/2665/98 2243/2666/98 2250/2667/98
f 2575/2619/3 1811/2620/3 2639/2615/3
f 2639/2615/3 1811/2620/3 2065/2637/3
f 2639/2615/3 2065/2637/3 2640/2614/3
f 2640/2614/3 2065/2637/3 2735/2609/3
f 2640/2614/3 2735/2609/3 2658/2613/3
f 2658/2613/3 2735/2609/3 2753/2605/3
f 2658/2613/228 2753/2605/228 3267/2662/228
f 3267/2662/3 2753/2605/3 3237/2645/3
f 2267/2668/3 3266/2669/3 3281/2624/3
f 1752/1650/3 1750/1661/3 1813/2664/3
f 1813/2664/3 1750/1661/3 1818/2670/3
f 1813/2664/3 1818/2670/3 2065/2637/3
f 2065/2637/3 1818/2670/3 1816/2627/3
f 2065/2637/3 1816/2627/3 3281/2624/3
f 3281/2624/3 1816/2627/3 3180/2623/3
f 3281/2624/3 3180/2623/3 2267/2668/3
f 2267/2668/3 3180/2623/3 2262/2671/3
f 2267/2668/3 2262/2671/3 2265/2672/3
f 2265/2672/3 2262/2671/3 2263/2673/3
f 2067/2674/2 2065/2675/2 3281/2543/2
f 3298/1918/2 3299/1917/2 2048/2676/2
f 2048/2676/2 3299/1917/2 2067/2674/2
f 3281/2543/2 3280/2677/2 2067/2674/2
f 2067/2674/2 3280/2677/2 3297/2678/2
f 2067/2674/2 3297/2678/2 2048/2676/2
f 2048/2676/2 3297/2678/2 2049/2679/2
f 3258/2677/4 3257/2543/4 2063/2675/4
f 3300/1917/4 3301/1918/4 2062/2674/4
f 2062/2674/4 3301/1918/4 2057/2676/4
f 2063/2675/4 2062/2674/4 3258/2677/4
f 3258/2677/4 2062/2674/4 2057/2676/4
f 3258/2677/4 2057/2676/4 3287/2678/4
f 3287/2678/4 2057/2676/4 2056/2679/4
f 3302/2680/3 3279/2573/3 3278/2574/3
f 3302/2680/3 3303/2681/3 2032/2570/3
f 2032/2570/3 3303/2681/3 2030/2571/3
f 3147/2579/3 2028/2629/3 3148/2578/3
f 3148/2578/3 2028/2629/3 2030/2571/3
f 3148/2578/3 2030/2571/3 3170/2577/3
f 3170/2577/3 2030/2571/3 3303/2681/3
f 3170/2577/3 3303/2681/3 3169/2575/3
f 3169/2575/3 3303/2681/3 3304/2682/3
f 3169/2575/3 3304/2682/3 3147/2579/3
f 3147/2579/3 3304/2682/3 2028/2629/3
f 3083/2585/3 2027/2630/3 3084/2584/3
f 3084/2584/3 2027/2630/3 2028/2629/3
f 3084/2584/3 2028/2629/3 3106/2583/3
f 3106/2583/3 2028/2629/3 3304/2682/3
f 3106/2583/3 3304/2682/3 3105/2581/3
f 3105/2581/3 3304/2682/3 3305/2683/3
f 3105/2581/3 3305/2683/3 3083/2585/3
f 3083/2585/3 3305/2683/3 2027/2630/3
f 3025/2591/3 2033/2631/3 3026/2590/3
f 3026/2590/3 2033/2631/3 2027/2630/3
f 3026/2590/3 2027/2630/3 3048/2589/3
f 3048/2589/3 2027/2630/3 3305/2683/3
f 3048/2589/3 3305/2683/3 3047/2587/3
f 3047/2587/3 3305/2683/3 3306/2684/3
f 3047/2587/3 3306/2684/3 3025/2591/3
f 3025/2591/3 3306/2684/3 2033/2631/3
f 2929/2597/3 2034/2632/3 2930/2596/3
f 2930/2596/3 2034/2632/3 2033/2631/3
f 2930/2596/3 2033/2631/3 2952/2595/3
f 2952/2595/3 2033/2631/3 3306/2684/3
f 2952/2595/3 3306/2684/3 2951/2593/3
f 2951/2593/3 3306/2684/3 3307/2685/3
f 2951/2593/3 3307/2685/3 2929/2597/3
f 2929/2597/3 3307/2685/3 2034/2632/3
f 2832/2603/3 2035/2633/3 2833/2602/3
f 2833/2602/3 2035/2633/3 2034/2632/3
f 2833/2602/3 2034/2632/3 2855/2601/3
f 2855/2601/3 2034/2632/3 3307/2685/3
f 2855/2601/3 3307/2685/3 2854/2599/3
f 2854/2599/3 3307/2685/3 3308/2686/3
f 2854/2599/3 3308/2686/3 2832/2603/3
f 2832/2603/3 3308/2686/3 2035/2633/3
f 2769/2609/3 2036/2634/3 2770/2608/3
f 2770/2608/3 2036/2634/3 2035/2633/3
f 2770/2608/3 2035/2633/3 2792/2607/3
f 2792/2607/3 2035/2633/3 3308/2686/3
f 2792/2607/3 3308/2686/3 2791/2605/3
f 2791/2605/3 3308/2686/3 3309/2687/3
f 2791/2605/3 3309/2687/3 2769/2609/3
f 2769/2609/3 3309/2687/3 2036/2634/3
f 2673/2615/3 2037/2635/3 2674/2614/3
f 2674/2614/3 2037/2635/3 2036/2634/3
f 2674/2614/3 2036/2634/3 2696/2613/3
f 2696/2613/3 2036/2634/3 3309/2687/3
f 2696/2613/3 3309/2687/3 2695/2611/3
f 2695/2611/3 3309/2687/3 3310/2688/3
f 2695/2611/3 3310/2688/3 2673/2615/3
f 2673/2615/3 3310/2688/3 2037/2635/3
f 2576/2621/3 2038/2636/3 2577/2620/3
f 2577/2620/3 2038/2636/3 2037/2635/3
f 2577/2620/3 2037/2635/3 2599/2619/3
f 2599/2619/3 2037/2635/3 3310/2688/3
f 2599/2619/3 3310/2688/3 2598/2617/3
f 2598/2617/3 3310/2688/3 3311/2689/3
f 2598/2617/3 3311/2689/3 2576/2621/3
f 2576/2621/3 3311/2689/3 2038/2636/3
f 2523/2627/3 2040/2637/3 2524/2626/3
f 2524/2626/3 2040/2637/3 2038/2636/3
f 2524/2626/3 2038/2636/3 2546/2625/3
f 2546/2625/3 2038/2636/3 3311/2689/3
f 2546/2625/3 3311/2689/3 2545/2623/3
f 2545/2623/3 3311/2689/3 3312/2690/3
f 2545/2623/3 3312/2690/3 2523/2627/3
f 2523/2627/3 3312/2690/3 2040/2637/3
f 3302/2680/3 3278/2574/3 3303/2681/3
f 3303/2681/3 3278/2574/3 3276/2576/3
f 3303/2681/3 3276/2576/3 3304/2682/3
f 3304/2682/3 3276/2576/3 3275/2582/3
f 3304/2682/3 3275/2582/3 3305/2683/3
f 3305/2683/3 3275/2582/3 3274/2588/3
f 3305/2683/3 3274/2588/3 3306/2684/3
f 3306/2684/3 3274/2588/3 3273/2594/3
f 3306/2684/3 3273/2594/3 3307/2685/3
f 3307/2685/3 3273/2594/3 3272/2600/3
f 3307/2685/3 3272/2600/3 3308/2686/3
f 3308/2686/3 3272/2600/3 3263/2606/3
f 3308/2686/3 3263/2606/3 3309/2687/3
f 3309/2687/3 3263/2606/3 3271/2612/3
f 3309/2687/3 3271/2612/3 3310/2688/3
f 3310/2688/3 3271/2612/3 3270/2618/3
f 3310/2688/3 3270/2618/3 3311/2689/3
f 3311/2689/3 3270/2618/3 3269/2624/3
f 3311/2689/3 3269/2624/3 3312/2690/3
f 1973/2657/5 1923/1804/5 1928/1796/5
f 2014/2637/5 2671/2615/5 2672/2614/5
f 3239/2656/5 2794/2607/5 3236/2645/5
f 3236/2645/5 2794/2607/5 2793/2605/5
f 3236/2645/5 2793/2605/5 3264/2662/5
f 3235/2644/5 3256/2646/5 3208/2581/5
f 3208/2581/5 3256/2646/5 3313/2647/5
f 3208/2581/5 3313/2647/5 3209/2648/5
f 3209/2648/5 3313/2647/5 3314/2649/5
f 3209/2648/230 3314/2649/230 3315/2650/230
f 2928/2596/5 2016/2570/5 2927/2597/5
f 2927/2597/5 2016/2570/5 2014/2637/5
f 3316/2638/5 3255/2642/5 3277/2573/5
f 2953/2593/5 1879/2602/5 2859/2601/5
f 3317/2641/5 3318/2640/5 3137/2639/5
f 3137/2639/5 3318/2640/5 3316/2638/5
f 3137/2639/5 3316/2638/5 3139/2577/5
f 3139/2577/5 3316/2638/5 3277/2573/5
f 3139/2577/5 3277/2573/5 1970/2578/5
f 1970/2578/5 3277/2573/5 2016/2570/5
f 1970/2578/5 2016/2570/5 1971/2643/5
f 2768/2608/5 2794/2607/5 3181/2599/5
f 3181/2599/5 2794/2607/5 3239/2656/5
f 3181/2599/5 3239/2656/5 3182/2655/5
f 3182/2655/230 3239/2656/230 3247/2654/230
f 3182/2655/102 3247/2654/102 3249/2653/102
f 3024/2590/5 2016/2570/5 3023/2591/5
f 3023/2591/5 2016/2570/5 2928/2596/5
f 3023/2591/5 2928/2596/5 3049/2587/5
f 2014/2637/5 1881/2603/5 1882/2652/5
f 2954/2595/5 2953/2593/5 3235/2644/5
f 3235/2644/231 2953/2593/231 2859/2601/231
f 3235/2644/5 2859/2601/5 3220/2658/5
f 3220/2658/5 2859/2601/5 2857/2659/5
f 3220/2658/5 2857/2659/5 3222/2660/5
f 3222/2660/102 2857/2659/102 3227/2661/102
f 1928/1796/5 1971/2643/5 1973/2657/5
f 1973/2657/5 1971/2643/5 2016/2570/5
f 1973/2657/5 2016/2570/5 1972/2585/5
f 1972/2585/5 2016/2570/5 3024/2590/5
f 1972/2585/5 3024/2590/5 3208/2581/5
f 3208/2581/5 3024/2590/5 3050/2589/5
f 3208/2581/5 3050/2589/5 3235/2644/5
f 3235/2644/5 3050/2589/5 3049/2587/5
f 3235/2644/232 3049/2587/232 2954/2595/232
f 2954/2595/5 3049/2587/5 2928/2596/5
f 2953/2593/5 2927/2597/5 1879/2602/5
f 1879/2602/5 2927/2597/5 2014/2637/5
f 1879/2602/5 2014/2637/5 1880/2651/5
f 1880/2651/5 2014/2637/5 1882/2652/5
f 1880/2651/5 1882/2652/5 1836/1726/5
f 1836/1726/5 1882/2652/5 1831/1732/5
f 3268/2624/5 3265/2669/5 3185/2623/5
f 3185/2623/5 3265/2669/5 3319/2668/5
f 3185/2623/5 3319/2668/5 3186/2671/5
f 3186/2671/5 3319/2668/5 3320/2672/5
f 3186/2671/5 3320/2672/5 3321/2673/5
f 3268/2624/5 3185/2623/5 2014/2637/5
f 2014/2637/5 3185/2623/5 1790/2627/5
f 2014/2637/5 1790/2627/5 1791/2670/5
f 2697/2611/5 2671/2615/5 1788/2620/5
f 1788/2620/5 2671/2615/5 2014/2637/5
f 1788/2620/5 2014/2637/5 1789/2664/5
f 1789/2664/5 2014/2637/5 1791/2670/5
f 1789/2664/5 1791/2670/5 1746/1650/5
f 1746/1650/5 1791/2670/5 1741/1661/5
f 3264/2662/5 2603/2619/5 3322/2663/5
f 3322/2663/5 2603/2619/5 2601/2665/5
f 3322/2663/5 2601/2665/5 3323/2666/5
f 3323/2666/230 2601/2665/230 3324/2667/230
f 1788/2620/5 2603/2619/5 2697/2611/5
f 2697/2611/5 2603/2619/5 3264/2662/5
f 2697/2611/5 3264/2662/5 2698/2613/5
f 2698/2613/233 3264/2662/233 2793/2605/233
f 2698/2613/5 2793/2605/5 2672/2614/5
f 2672/2614/5 2793/2605/5 2767/2609/5
f 2672/2614/5 2767/2609/5 2014/2637/5
f 2014/2637/5 2767/2609/5 2768/2608/5
f 2014/2637/234 2768/2608/234 1881/2603/234
f 1881/2603/5 2768/2608/5 3181/2599/5
f 3269/2691/2 3268/2547/2 3312/2692/2
f 3312/2692/2 3268/2547/2 2014/2693/2
f 3312/2692/2 2014/2693/2 2013/2694/2
f 2040/2695/2 3312/2692/2 2041/2696/2
f 2041/2696/2 3312/2692/2 2013/2694/2
f 2041/2696/2 2013/2694/2 3325/1880/2
f 3325/1880/2 2013/2694/2 3326/1881/2
f 3277/2547/4 3279/2691/4 3302/2692/4
f 3302/2692/4 2032/2695/4 2031/2696/4
f 3327/1880/4 3328/1881/4 2031/2696/4
f 2031/2696/4 3328/1881/4 2018/2694/4
f 2031/2696/4 2018/2694/4 3302/2692/4
f 3302/2692/4 2018/2694/4 2016/2693/4
f 3302/2692/4 2016/2693/4 3277/2547/4
f 3329/2524/113 1935/2523/113 3330/2526/113
f 3330/2526/113 1935/2523/113 1944/2527/113
f 3330/2526/114 1944/2527/114 3331/2528/114
f 3331/2528/114 1944/2527/114 1943/2529/114
f 3331/2697/115 1943/2698/115 3332/2699/115
f 3332/2699/115 1943/2698/115 1942/2700/115
f 3332/2699/116 1942/2700/116 3333/2701/116
f 3333/2701/116 1942/2700/116 1939/2702/116
f 3333/2701/1 1939/2702/1 3334/2703/1
f 3334/2703/1 1939/2702/1 1940/1784/1
f 1926/2533/4 1979/2534/4 2100/2535/4
f 2147/2536/4 1927/2537/4 2146/2538/4
f 2146/2538/4 1927/2537/4 1926/2533/4
f 2193/2539/4 2209/2540/4 2163/2541/4
f 2111/2542/4 3253/2543/4 2113/2544/4
f 2113/2544/4 3253/2543/4 2208/2545/4
f 2113/2544/4 2208/2545/4 2100/2535/4
f 2100/2535/4 2208/2545/4 2192/2546/4
f 2100/2535/4 2192/2546/4 1926/2533/4
f 1926/2533/4 2192/2546/4 2193/2539/4
f 1926/2533/4 2193/2539/4 2146/2538/4
f 2146/2538/4 2193/2539/4 2163/2541/4
f 3255/2547/4 3316/2548/4 3335/2549/4
f 1940/2550/4 1927/2537/4 3334/2551/4
f 3334/2551/4 1927/2537/4 2147/2536/4
f 3334/2551/4 2147/2536/4 3335/2549/4
f 3335/2549/4 2147/2536/4 2165/2552/4
f 3335/2549/4 2165/2552/4 3255/2547/4
f 3255/2547/4 2165/2552/4 2163/2541/4
f 3255/2547/4 2163/2541/4 3253/2543/4
f 3253/2543/4 2163/2541/4 2209/2540/4
f 3253/2543/4 2209/2540/4 2208/2545/4
f 2227/2540/2 3256/2547/2 3254/2543/2
f 2135/2544/2 2194/2546/2 2226/2545/2
f 3336/2549/2 3313/2548/2 3256/2547/2
f 1985/2534/2 1930/2533/2 2102/2535/2
f 2102/2535/2 1930/2533/2 1925/2537/2
f 2134/2542/2 2135/2544/2 3254/2543/2
f 3254/2543/2 2135/2544/2 2226/2545/2
f 3254/2543/2 2226/2545/2 2227/2540/2
f 1925/2537/2 1947/2550/2 3337/2551/2
f 2149/2538/2 1925/2537/2 2151/2536/2
f 2151/2536/2 1925/2537/2 3337/2551/2
f 2151/2536/2 3337/2551/2 2181/2552/2
f 3337/2551/2 3336/2549/2 2181/2552/2
f 2181/2552/2 3336/2549/2 3256/2547/2
f 2181/2552/2 3256/2547/2 2180/2541/2
f 2180/2541/2 3256/2547/2 2227/2540/2
f 2180/2541/2 2227/2540/2 2149/2538/2
f 2149/2538/2 2227/2540/2 2195/2539/2
f 2149/2538/2 2195/2539/2 1925/2537/2
f 1925/2537/2 2195/2539/2 2194/2546/2
f 1925/2537/2 2194/2546/2 2102/2535/2
f 2102/2535/2 2194/2546/2 2135/2544/2
f 3337/2704/1 1947/1782/1 3338/2705/1
f 3338/2705/1 1947/1782/1 1953/2706/1
f 3338/2705/117 1953/2706/117 3339/2707/117
f 3339/2707/117 1953/2706/117 1951/2708/117
f 3339/2707/118 1951/2708/118 3340/2709/118
f 3340/2709/118 1951/2708/118 1950/2710/118
f 3340/2711/119 1950/2712/119 3341/2524/119
f 3341/2524/119 1950/2712/119 1949/2523/119
f 1935/2523/4 3329/2524/4 1936/2525/4
f 1936/2525/4 3329/2524/4 3342/2515/4
f 1936/2525/4 3342/2515/4 3146/2514/4
f 3212/2514/2 3343/2515/2 1952/2525/2
f 1952/2525/2 3343/2515/2 3341/2524/2
f 1952/2525/2 3341/2524/2 1949/2523/2
f 3335/2703/6 3316/2565/6 3344/2701/6
f 3344/2701/6 3316/2565/6 3318/2713/6
f 3146/2514/128 3342/2515/128 3145/2513/128
f 3145/2513/235 3342/2515/235 3345/2517/235
f 3145/2513/236 3345/2517/236 3143/2563/236
f 3143/2563/124 3345/2517/124 3346/2518/124
f 3143/2563/237 3346/2518/237 3141/2562/237
f 3344/2701/121 3318/2713/121 3347/2699/121
f 3347/2699/121 3318/2713/121 3317/2714/121
f 3347/2699/139 3317/2714/139 3346/2697/139
f 3346/2697/238 3317/2714/238 3137/2470/238
f 3346/2697/239 3137/2470/239 3141/2471/239
f 3141/2471/148 3137/2470/148 3136/2469/148
f 3218/2508/161 3211/2505/161 3209/2504/161
f 3314/2715/138 3348/2705/138 3315/2716/138
f 3315/2716/138 3348/2705/138 3349/2717/138
f 3315/2716/221 3349/2717/221 3209/2504/221
f 3209/2504/222 3349/2717/222 3350/2718/222
f 3209/2504/161 3350/2718/161 3218/2508/161
f 3218/2519/132 3350/2518/132 3351/2517/132
f 3218/2519/240 3351/2517/240 3216/2516/240
f 3216/2516/241 3351/2517/241 3214/2513/241
f 3214/2513/226 3351/2517/226 3343/2515/226
f 3214/2513/129 3343/2515/129 3212/2514/129
f 3348/2705/6 3314/2715/6 3336/2704/6
f 3336/2704/6 3314/2715/6 3313/2566/6
f 3352/2524/113 1754/2523/113 3353/2526/113
f 3353/2526/113 1754/2523/113 1760/2527/113
f 3353/2526/114 1760/2527/114 3354/2528/114
f 3354/2528/114 1760/2527/114 1759/2529/114
f 3354/2719/115 1759/2720/115 3355/2721/115
f 3355/2721/115 1759/2720/115 1761/2722/115
f 3355/2721/116 1761/2722/116 3356/2723/116
f 3356/2723/116 1761/2722/116 1762/2724/116
f 3356/2723/1 1762/2724/1 3357/2725/1
f 3357/2725/1 1762/2724/1 1756/1641/1
f 1744/2533/4 1793/2534/4 2233/2535/4
f 2280/2536/4 1745/2537/4 2279/2538/4
f 2279/2538/4 1745/2537/4 1744/2533/4
f 2326/2539/4 2342/2540/4 2296/2541/4
f 2244/2542/4 3267/2543/4 2246/2544/4
f 2246/2544/4 3267/2543/4 2341/2545/4
f 2246/2544/4 2341/2545/4 2233/2535/4
f 2233/2535/4 2341/2545/4 2325/2546/4
f 2233/2535/4 2325/2546/4 1744/2533/4
f 1744/2533/4 2325/2546/4 2326/2539/4
f 1744/2533/4 2326/2539/4 2279/2538/4
f 2279/2538/4 2326/2539/4 2296/2541/4
f 3264/2547/4 3322/2548/4 3358/2549/4
f 1756/2550/4 1745/2537/4 3357/2551/4
f 3357/2551/4 1745/2537/4 2280/2536/4
f 3357/2551/4 2280/2536/4 3358/2549/4
f 3358/2549/4 2280/2536/4 2298/2552/4
f 3358/2549/4 2298/2552/4 3264/2547/4
f 3264/2547/4 2298/2552/4 2296/2541/4
f 3264/2547/4 2296/2541/4 3267/2543/4
f 3267/2543/4 2296/2541/4 2342/2540/4
f 3267/2543/4 2342/2540/4 2341/2545/4
f 2360/2540/2 3265/2547/2 3266/2543/2
f 2268/2544/2 2327/2546/2 2359/2545/2
f 3359/2549/2 3319/2548/2 3265/2547/2
f 1808/2534/2 1748/2533/2 2235/2535/2
f 2235/2535/2 1748/2533/2 1743/2537/2
f 2267/2542/2 2268/2544/2 3266/2543/2
f 3266/2543/2 2268/2544/2 2359/2545/2
f 3266/2543/2 2359/2545/2 2360/2540/2
f 1743/2537/2 1765/2550/2 3360/2551/2
f 2282/2538/2 1743/2537/2 2284/2536/2
f 2284/2536/2 1743/2537/2 3360/2551/2
f 2284/2536/2 3360/2551/2 2314/2552/2
f 3360/2551/2 3359/2549/2 2314/2552/2
f 2314/2552/2 3359/2549/2 3265/2547/2
f 2314/2552/2 3265/2547/2 2313/2541/2
f 2313/2541/2 3265/2547/2 2360/2540/2
f 2313/2541/2 2360/2540/2 2282/2538/2
f 2282/2538/2 2360/2540/2 2328/2539/2
f 2282/2538/2 2328/2539/2 1743/2537/2
f 1743/2537/2 2328/2539/2 2327/2546/2
f 1743/2537/2 2327/2546/2 2235/2535/2
f 2235/2535/2 2327/2546/2 2268/2544/2
f 3360/2726/1 1765/1639/1 3361/2727/1
f 3361/2727/1 1765/1639/1 1769/2728/1
f 3361/2727/117 1769/2728/117 3362/2729/117
f 3362/2729/117 1769/2728/117 1767/2730/117
f 3362/2729/118 1767/2730/118 3363/2731/118
f 3363/2731/118 1767/2730/118 1766/2732/118
f 3363/2711/119 1766/2712/119 3364/2524/119
f 3364/2524/119 1766/2712/119 1768/2523/119
f 1754/2523/4 3352/2524/4 1755/2525/4
f 1755/2525/4 3352/2524/4 3365/2515/4
f 1755/2525/4 3365/2515/4 2610/2514/4
f 3196/2514/2 3366/2515/2 1770/2525/2
f 1770/2525/2 3366/2515/2 3364/2524/2
f 1770/2525/2 3364/2524/2 1768/2523/2
f 3358/2725/6 3322/2567/6 3367/2723/6
f 3367/2723/6 3322/2567/6 3323/2733/6
f 2610/2514/144 3365/2515/144 2609/2513/144
f 2609/2513/235 3365/2515/235 3368/2517/235
f 2609/2513/152 3368/2517/152 2607/2563/152
f 2607/2563/124 3368/2517/124 3369/2518/124
f 2607/2563/237 3369/2518/237 2605/2562/237
f 3367/2723/121 3323/2733/121 3370/2721/121
f 3370/2721/121 3323/2733/121 3324/2734/121
f 3370/2721/139 3324/2734/139 3369/2719/139
f 3369/2719/219 3324/2734/219 2601/2216/219
f 3369/2719/239 2601/2216/239 2605/2217/239
f 2605/2217/148 2601/2216/148 2600/2215/148
f 3202/2499/161 3188/2493/161 3186/2492/161
f 3320/2735/138 3371/2727/138 3321/2736/138
f 3321/2736/138 3371/2727/138 3372/2737/138
f 3321/2736/242 3372/2737/242 3186/2492/242
f 3186/2492/222 3372/2737/222 3373/2738/222
f 3186/2492/161 3373/2738/161 3202/2499/161
f 3202/2519/132 3373/2518/132 3374/2517/132
f 3202/2519/240 3374/2517/240 3200/2516/240
f 3200/2516/243 3374/2517/243 3198/2513/243
f 3198/2513/226 3374/2517/226 3366/2515/226
f 3198/2513/145 3366/2515/145 3196/2514/145
f 3371/2727/6 3320/2735/6 3359/2726/6
f 3359/2726/6 3320/2735/6 3319/2568/6
f 3375/2739/6 3301/1895/6 3376/2740/6
f 3376/2740/6 3301/1895/6 3300/1900/6
f 3376/2740/6 3300/1900/6 3377/2741/6
f 3377/2741/6 3300/1900/6 2092/2742/6
f 3377/2741/6 2092/2742/6 3378/2743/6
f 3378/2743/6 2092/2742/6 2091/2744/6
f 3378/2743/6 2091/2744/6 3375/2739/6
f 3375/2739/6 2091/2744/6 3301/1895/6
f 2092/2745/3 3300/2746/3 2093/2747/3
f 2093/2747/3 3300/2746/3 2062/2570/3
f 2093/2747/3 2062/2570/3 2064/2748/3
f 3301/2746/5 2091/2745/5 2057/2570/5
f 2057/2570/5 2091/2745/5 2090/2747/5
f 2057/2570/5 2090/2747/5 2059/2748/5
f 3377/2749/4 3378/2750/4 3379/1922/4
f 3379/1922/4 3378/2750/4 3380/1921/4
f 3378/2751/3 3375/2752/3 3380/2753/3
f 3380/2753/3 3375/2752/3 3381/2754/3
f 3375/2750/2 3376/2749/2 3381/1921/2
f 3381/1921/2 3376/2749/2 3382/1922/2
f 3376/2752/5 3377/2751/5 3382/2754/5
f 3382/2754/5 3377/2751/5 3379/2753/5
f 3380/2743/6 3381/2739/6 3379/2741/6
f 3379/2741/6 3381/2739/6 3382/2740/6
f 3383/2755/6 3328/1854/6 3384/2756/6
f 3384/2756/6 3328/1854/6 3327/1867/6
f 3384/2756/6 3327/1867/6 3385/2757/6
f 3385/2757/6 3327/1867/6 2086/2758/6
f 3385/2757/6 2086/2758/6 3386/2759/6
f 3386/2759/6 2086/2758/6 2085/2760/6
f 3386/2759/6 2085/2760/6 3383/2755/6
f 3383/2755/6 2085/2760/6 3328/1854/6
f 2086/2745/3 3327/2746/3 2087/2747/3
f 2087/2747/3 3327/2746/3 2031/2570/3
f 2087/2747/3 2031/2570/3 2029/2748/3
f 3328/2746/5 2085/2745/5 2018/2570/5
f 2018/2570/5 2085/2745/5 2084/2747/5
f 2018/2570/5 2084/2747/5 2017/2748/5
f 3385/2761/4 3386/2762/4 3387/1885/4
f 3387/1885/4 3386/2762/4 3388/1884/4
f 3386/2751/3 3383/2752/3 3388/2753/3
f 3388/2753/3 3383/2752/3 3389/2754/3
f 3383/2762/2 3384/2761/2 3389/1884/2
f 3389/1884/2 3384/2761/2 3390/1885/2
f 3384/2752/5 3385/2751/5 3390/2754/5
f 3390/2754/5 3385/2751/5 3387/2753/5
f 3388/2759/6 3389/2755/6 3387/2757/6
f 3387/2757/6 3389/2755/6 3390/2756/6
f 3391/2763/6 2080/2764/6 3392/2765/6
f 3392/2765/6 2080/2764/6 2079/2766/6
f 3392/2765/6 2079/2766/6 3393/2767/6
f 3393/2767/6 2079/2766/6 3299/1905/6
f 3393/2767/6 3299/1905/6 3394/2768/6
f 3394/2768/6 3299/1905/6 3298/1886/6
f 3394/2768/6 3298/1886/6 3391/2763/6
f 3391/2763/6 3298/1886/6 2080/2764/6
f 3299/2769/3 2079/2770/3 2067/2637/3
f 2067/2637/3 2079/2770/3 2078/2771/3
f 2067/2637/3 2078/2771/3 2066/2772/3
f 2080/2770/5 3298/2769/5 2081/2771/5
f 2081/2771/5 3298/2769/5 2048/2637/5
f 2081/2771/5 2048/2637/5 2050/2772/5
f 3393/2749/4 3394/2750/4 3395/1922/4
f 3395/1922/4 3394/2750/4 3396/1921/4
f 3394/2773/3 3391/2774/3 3396/2775/3
f 3396/2775/3 3391/2774/3 3397/2776/3
f 3391/2750/2 3392/2749/2 3397/1921/2
f 3397/1921/2 3392/2749/2 3398/1922/2
f 3392/2774/5 3393/2773/5 3398/2776/5
f 3398/2776/5 3393/2773/5 3395/2775/5
f 3396/2768/6 3397/2763/6 3395/2767/6
f 3395/2767/6 3397/2763/6 3398/2765/6
f 3399/2777/6 2045/2778/6 3400/2779/6
f 3400/2779/6 2045/2778/6 2044/2780/6
f 3400/2779/6 2044/2780/6 3401/2781/6
f 3401/2781/6 2044/2780/6 3325/1877/6
f 3401/2781/6 3325/1877/6 3402/2782/6
f 3402/2782/6 3325/1877/6 3326/1849/6
f 3402/2782/6 3326/1849/6 3399/2777/6
f 3399/2777/6 3326/1849/6 2045/2778/6
f 3325/2769/3 2044/2770/3 2041/2637/3
f 2041/2637/3 2044/2770/3 2043/2771/3
f 2041/2637/3 2043/2771/3 2039/2772/3
f 2045/2770/5 3326/2769/5 2046/2771/5
f 2046/2771/5 3326/2769/5 2013/2637/5
f 2046/2771/5 2013/2637/5 2015/2772/5
f 3401/2761/4 3402/2762/4 3403/1885/4
f 3403/1885/4 3402/2762/4 3404/1884/4
f 3402/2773/3 3399/2774/3 3404/2775/3
f 3404/2775/3 3399/2774/3 3405/2776/3
f 3399/2762/2 3400/2761/2 3405/1884/2
f 3405/1884/2 3400/2761/2 3406/1885/2
f 3400/2774/5 3401/2773/5 3406/2776/5
f 3406/2776/5 3401/2773/5 3403/2775/5
f 3404/2782/6 3405/2777/6 3403/2781/6
f 3403/2781/6 3405/2777/6 3406/2779/6
f 3168/2783/2 3160/2784/2 3170/2785/2
f 3170/2785/2 3160/2784/2 3150/2786/2
f 3170/2785/2 3150/2786/2 3148/2787/2
f 3168/2783/2 3166/2788/2 3160/2784/2
f 3160/2784/244 3166/2788/244 3164/2789/244
f 3160/2784/245 3164/2789/245 3162/2790/245
f 3154/2791/2 3152/2792/2 3156/2793/2
f 3156/2793/246 3152/2792/246 3150/2786/246
f 3156/2793/2 3150/2786/2 3158/2794/2
f 3158/2794/2 3150/2786/2 3160/2784/2
f 1941/2795/2 1970/2796/2 1961/2797/2
f 1937/2525/247 3144/2513/247 3142/2516/247
f 1970/2796/2 1941/2795/2 3139/2798/2
f 3139/2798/2 1941/2795/2 1937/2525/2
f 3139/2798/2 1937/2525/2 3138/2799/2
f 3138/2799/2 1937/2525/2 3142/2516/2
f 3138/2799/2 3142/2516/2 3140/2562/2
f 1961/2797/2 1959/2800/2 1941/2795/2
f 1941/2795/248 1959/2800/248 1957/2801/248
f 1941/2795/245 1957/2801/245 1955/2802/245
f 3110/2803/2 1974/1947/2 3111/2804/2
f 3111/2804/2 1974/1947/2 1994/2805/2
f 3111/2804/2 1994/2805/2 1993/2806/2
f 3110/2803/2 3109/1960/2 1974/1947/2
f 1974/1947/244 3109/1960/244 3108/1957/244
f 1974/1947/245 3108/1957/245 3107/1958/245
f 2004/2807/2 2002/2808/2 2006/2809/2
f 2006/2809/246 2002/2808/246 1994/2805/246
f 2006/2809/2 1994/2805/2 1978/2810/2
f 1978/2810/2 1994/2805/2 1974/1947/2
f 3125/2811/2 3135/2812/2 3133/2813/2
f 3123/2814/247 3121/2815/247 3119/2816/247
f 3135/2812/2 3125/2811/2 3113/2817/2
f 3113/2817/2 3125/2811/2 3123/2814/2
f 3113/2817/2 3123/2814/2 3115/2818/2
f 3115/2818/2 3123/2814/2 3119/2816/2
f 3115/2818/2 3119/2816/2 3117/2819/2
f 3133/2813/2 3131/2820/2 3125/2811/2
f 3125/2811/248 3131/2820/248 3129/2821/248
f 3125/2811/245 3129/2821/245 3127/2822/245
f 3104/2783/2 3096/2784/2 3106/2785/2
f 3106/2785/2 3096/2784/2 3086/2786/2
f 3106/2785/2 3086/2786/2 3084/2787/2
f 3104/2783/2 3102/2788/2 3096/2784/2
f 3096/2784/246 3102/2788/246 3100/2789/246
f 3096/2784/244 3100/2789/244 3098/2790/244
f 3090/2791/2 3088/2792/2 3092/2793/2
f 3092/2793/2 3088/2792/2 3086/2786/2
f 3092/2793/2 3086/2786/2 3094/2794/2
f 3094/2794/2 3086/2786/2 3096/2784/2
f 3169/2785/4 3147/2787/4 3159/2784/4
f 3159/2784/4 3147/2787/4 3149/2786/4
f 3159/2784/4 3149/2786/4 3157/2794/4
f 3159/2784/249 3161/2790/249 3163/2789/249
f 3169/2785/4 3159/2784/4 3167/2783/4
f 3167/2783/4 3159/2784/4 3163/2789/4
f 3167/2783/4 3163/2789/4 3165/2788/4
f 3151/2792/4 3153/2791/4 3149/2786/4
f 3149/2786/4 3153/2791/4 3155/2793/4
f 3149/2786/4 3155/2793/4 3157/2794/4
f 3072/2811/2 3082/2812/2 3080/2813/2
f 3070/2814/250 3068/2815/250 3066/2816/250
f 3082/2812/2 3072/2811/2 3060/2817/2
f 3060/2817/2 3072/2811/2 3070/2814/2
f 3060/2817/2 3070/2814/2 3062/2818/2
f 3062/2818/2 3070/2814/2 3066/2816/2
f 3062/2818/244 3066/2816/244 3064/2819/244
f 3080/2813/2 3078/2820/2 3072/2811/2
f 3072/2811/248 3078/2820/248 3076/2821/248
f 3072/2811/250 3076/2821/250 3074/2822/250
f 3122/2814/4 3112/2817/4 3114/2818/4
f 3114/2818/251 3116/2819/251 3122/2814/251
f 3122/2814/252 3116/2819/252 3118/2816/252
f 3122/2814/253 3118/2816/253 3120/2815/253
f 3124/2811/253 3126/2822/253 3128/2821/253
f 3112/2817/4 3122/2814/4 3134/2812/4
f 3134/2812/4 3122/2814/4 3124/2811/4
f 3134/2812/4 3124/2811/4 3132/2813/4
f 3132/2813/4 3124/2811/4 3128/2821/4
f 3132/2813/4 3128/2821/4 3130/2820/4
f 1948/2525/4 3208/2798/4 3210/2799/4
f 3210/2799/252 3217/2562/252 1948/2525/252
f 1948/2525/4 3217/2562/4 3215/2516/4
f 1948/2525/253 3215/2516/253 3213/2513/253
f 1946/2795/4 1962/2802/4 1964/2801/4
f 3208/2798/4 1948/2525/4 1972/2796/4
f 1972/2796/4 1948/2525/4 1946/2795/4
f 1972/2796/4 1946/2795/4 1968/2797/4
f 1968/2797/4 1946/2795/4 1964/2801/4
f 1968/2797/4 1964/2801/4 1966/2800/4
f 3014/2795/2 3024/2796/2 3022/2797/2
f 3012/2525/2 3058/2513/2 3056/2516/2
f 3024/2796/2 3014/2795/2 3050/2798/2
f 3050/2798/2 3014/2795/2 3012/2525/2
f 3050/2798/2 3012/2525/2 3052/2799/2
f 3052/2799/2 3012/2525/2 3056/2516/2
f 3052/2799/248 3056/2516/248 3054/2562/248
f 3022/2797/2 3020/2800/2 3014/2795/2
f 3014/2795/2 3020/2800/2 3018/2801/2
f 3014/2795/2 3018/2801/2 3016/2802/2
f 3046/2783/2 3038/2784/2 3048/2785/2
f 3048/2785/2 3038/2784/2 3028/2786/2
f 3048/2785/2 3028/2786/2 3026/2787/2
f 3046/2783/2 3044/2788/2 3038/2784/2
f 3038/2784/2 3044/2788/2 3042/2789/2
f 3038/2784/2 3042/2789/2 3040/2790/2
f 3032/2791/2 3030/2792/2 3034/2793/2
f 3034/2793/2 3030/2792/2 3028/2786/2
f 3034/2793/2 3028/2786/2 3036/2794/2
f 3036/2794/2 3028/2786/2 3038/2784/2
f 3105/2785/4 3083/2787/4 3095/2784/4
f 3095/2784/4 3083/2787/4 3085/2786/4
f 3095/2784/4 3085/2786/4 3093/2794/4
f 3095/2784/249 3097/2790/249 3099/2789/249
f 3105/2785/4 3095/2784/4 3103/2783/4
f 3103/2783/251 3095/2784/251 3099/2789/251
f 3103/2783/4 3099/2789/4 3101/2788/4
f 3087/2792/4 3089/2791/4 3085/2786/4
f 3085/2786/4 3089/2791/4 3091/2793/4
f 3085/2786/4 3091/2793/4 3093/2794/4
f 3008/2803/2 2966/1947/2 3010/2804/2
f 3010/2804/2 2966/1947/2 2994/2805/2
f 3010/2804/2 2994/2805/2 2992/2806/2
f 3008/2803/2 3006/1960/2 2966/1947/2
f 2966/1947/2 3006/1960/2 3004/1957/2
f 2966/1947/2 3004/1957/2 3002/1958/2
f 2998/2807/2 2996/2808/2 3000/2809/2
f 3000/2809/2 2996/2808/2 2994/2805/2
f 3000/2809/2 2994/2805/2 2964/2810/2
f 2964/2810/2 2994/2805/2 2966/1947/2
f 3207/2804/4 1998/2806/4 1986/1947/4
f 1986/1947/4 1998/2806/4 1997/2805/4
f 1986/1947/4 1997/2805/4 1987/2810/4
f 1986/1947/249 3206/1958/249 3205/1957/249
f 3207/2804/4 1986/1947/4 3203/2803/4
f 3203/2803/251 1986/1947/251 3205/1957/251
f 3203/2803/4 3205/1957/4 3204/1960/4
f 2007/2808/4 2009/2807/4 1997/2805/4
f 1997/2805/4 2009/2807/4 2011/2809/4
f 1997/2805/4 2011/2809/4 1987/2810/4
f 2980/2811/2 2990/2812/2 2988/2813/2
f 2978/2814/2 2976/2815/2 2974/2816/2
f 2990/2812/2 2980/2811/2 2968/2817/2
f 2968/2817/2 2980/2811/2 2978/2814/2
f 2968/2817/2 2978/2814/2 2970/2818/2
f 2970/2818/2 2978/2814/2 2974/2816/2
f 2970/2818/248 2974/2816/248 2972/2819/248
f 2988/2813/2 2986/2820/2 2980/2811/2
f 2980/2811/2 2986/2820/2 2984/2821/2
f 2980/2811/2 2984/2821/2 2982/2822/2
f 3069/2814/4 3059/2817/4 3061/2818/4
f 3061/2818/252 3063/2819/252 3069/2814/252
f 3069/2814/4 3063/2819/4 3065/2816/4
f 3069/2814/253 3065/2816/253 3067/2815/253
f 3071/2811/4 3073/2822/4 3075/2821/4
f 3059/2817/4 3069/2814/4 3081/2812/4
f 3081/2812/4 3069/2814/4 3071/2811/4
f 3081/2812/4 3071/2811/4 3079/2813/4
f 3079/2813/4 3071/2811/4 3075/2821/4
f 3079/2813/4 3075/2821/4 3077/2820/4
f 3011/2525/4 3049/2798/4 3051/2799/4
f 3051/2799/4 3053/2562/4 3011/2525/4
f 3011/2525/4 3053/2562/4 3055/2516/4
f 3011/2525/252 3055/2516/252 3057/2513/252
f 3013/2795/252 3015/2802/252 3017/2801/252
f 3049/2798/4 3011/2525/4 3023/2796/4
f 3023/2796/4 3011/2525/4 3013/2795/4
f 3023/2796/4 3013/2795/4 3021/2797/4
f 3021/2797/4 3013/2795/4 3017/2801/4
f 3021/2797/4 3017/2801/4 3019/2800/4
f 2918/2795/2 2928/2796/2 2926/2797/2
f 2916/2525/248 2962/2513/248 2960/2516/248
f 2928/2796/2 2918/2795/2 2954/2798/2
f 2954/2798/2 2918/2795/2 2916/2525/2
f 2954/2798/2 2916/2525/2 2956/2799/2
f 2956/2799/2 2916/2525/2 2960/2516/2
f 2956/2799/2 2960/2516/2 2958/2562/2
f 2926/2797/2 2924/2800/2 2918/2795/2
f 2918/2795/2 2924/2800/2 2922/2801/2
f 2918/2795/2 2922/2801/2 2920/2802/2
f 2950/2783/2 2942/2784/2 2952/2785/2
f 2952/2785/2 2942/2784/2 2932/2786/2
f 2952/2785/2 2932/2786/2 2930/2787/2
f 2950/2783/2 2948/2788/2 2942/2784/2
f 2942/2784/2 2948/2788/2 2946/2789/2
f 2942/2784/246 2946/2789/246 2944/2790/246
f 2936/2791/2 2934/2792/2 2938/2793/2
f 2938/2793/2 2934/2792/2 2932/2786/2
f 2938/2793/2 2932/2786/2 2940/2794/2
f 2940/2794/2 2932/2786/2 2942/2784/2
f 3047/2785/4 3025/2787/4 3037/2784/4
f 3037/2784/4 3025/2787/4 3027/2786/4
f 3037/2784/4 3027/2786/4 3035/2794/4
f 3037/2784/251 3039/2790/251 3041/2789/251
f 3047/2785/4 3037/2784/4 3045/2783/4
f 3045/2783/4 3037/2784/4 3041/2789/4
f 3045/2783/4 3041/2789/4 3043/2788/4
f 3029/2792/4 3031/2791/4 3027/2786/4
f 3027/2786/4 3031/2791/4 3033/2793/4
f 3027/2786/4 3033/2793/4 3035/2794/4
f 2912/2803/2 2870/1947/2 2914/2804/2
f 2914/2804/2 2870/1947/2 2898/2805/2
f 2914/2804/2 2898/2805/2 2896/2806/2
f 2912/2803/2 2910/1960/2 2870/1947/2
f 2870/1947/2 2910/1960/2 2908/1957/2
f 2870/1947/246 2908/1957/246 2906/1958/246
f 2902/2807/2 2900/2808/2 2904/2809/2
f 2904/2809/2 2900/2808/2 2898/2805/2
f 2904/2809/2 2898/2805/2 2868/2810/2
f 2868/2810/2 2898/2805/2 2870/1947/2
f 3009/2804/4 2991/2806/4 2965/1947/4
f 2965/1947/4 2991/2806/4 2993/2805/4
f 2965/1947/4 2993/2805/4 2963/2810/4
f 2965/1947/251 3001/1958/251 3003/1957/251
f 3009/2804/4 2965/1947/4 3007/2803/4
f 3007/2803/4 2965/1947/4 3003/1957/4
f 3007/2803/4 3003/1957/4 3005/1960/4
f 2995/2808/4 2997/2807/4 2993/2805/4
f 2993/2805/4 2997/2807/4 2999/2809/4
f 2993/2805/4 2999/2809/4 2963/2810/4
f 2884/2811/2 2894/2812/2 2892/2813/2
f 2882/2814/248 2880/2815/248 2878/2816/248
f 2894/2812/2 2884/2811/2 2872/2817/2
f 2872/2817/2 2884/2811/2 2882/2814/2
f 2872/2817/2 2882/2814/2 2874/2818/2
f 2874/2818/2 2882/2814/2 2878/2816/2
f 2874/2818/2 2878/2816/2 2876/2819/2
f 2892/2813/2 2890/2820/2 2884/2811/2
f 2884/2811/2 2890/2820/2 2888/2821/2
f 2884/2811/2 2888/2821/2 2886/2822/2
f 2977/2814/4 2967/2817/4 2969/2818/4
f 2969/2818/4 2971/2819/4 2977/2814/4
f 2977/2814/4 2971/2819/4 2973/2816/4
f 2977/2814/252 2973/2816/252 2975/2815/252
f 2979/2811/252 2981/2822/252 2983/2821/252
f 2967/2817/4 2977/2814/4 2989/2812/4
f 2989/2812/4 2977/2814/4 2979/2811/4
f 2989/2812/4 2979/2811/4 2987/2813/4
f 2987/2813/4 2979/2811/4 2983/2821/4
f 2987/2813/4 2983/2821/4 2985/2820/4
f 2915/2525/4 2953/2798/4 2955/2799/4
f 2955/2799/4 2957/2562/4 2915/2525/4
f 2915/2525/4 2957/2562/4 2959/2516/4
f 2915/2525/4 2959/2516/4 2961/2513/4
f 2917/2795/4 2919/2802/4 2921/2801/4
f 2953/2798/4 2915/2525/4 2927/2796/4
f 2927/2796/4 2915/2525/4 2917/2795/4
f 2927/2796/4 2917/2795/4 2925/2797/4
f 2925/2797/4 2917/2795/4 2921/2801/4
f 2925/2797/4 2921/2801/4 2923/2800/4
f 1846/2795/2 1879/2796/2 1870/2797/2
f 1845/2525/2 2864/2513/2 2862/2516/2
f 1879/2796/2 1846/2795/2 2859/2798/2
f 2859/2798/2 1846/2795/2 1845/2525/2
f 2859/2798/2 1845/2525/2 2858/2799/2
f 2858/2799/2 1845/2525/2 2862/2516/2
f 2858/2799/2 2862/2516/2 2860/2562/2
f 1870/2797/2 1868/2800/2 1846/2795/2
f 1846/2795/2 1868/2800/2 1866/2801/2
f 1846/2795/2 1866/2801/2 1864/2802/2
f 2853/2783/2 2845/2784/2 2855/2785/2
f 2855/2785/2 2845/2784/2 2835/2786/2
f 2855/2785/2 2835/2786/2 2833/2787/2
f 2853/2783/2 2851/2788/2 2845/2784/2
f 2845/2784/2 2851/2788/2 2849/2789/2
f 2845/2784/2 2849/2789/2 2847/2790/2
f 2839/2791/2 2837/2792/2 2841/2793/2
f 2841/2793/2 2837/2792/2 2835/2786/2
f 2841/2793/2 2835/2786/2 2843/2794/2
f 2843/2794/2 2835/2786/2 2845/2784/2
f 2951/2785/4 2929/2787/4 2941/2784/4
f 2941/2784/4 2929/2787/4 2931/2786/4
f 2941/2784/4 2931/2786/4 2939/2794/4
f 2941/2784/4 2943/2790/4 2945/2789/4
f 2951/2785/4 2941/2784/4 2949/2783/4
f 2949/2783/4 2941/2784/4 2945/2789/4
f 2949/2783/4 2945/2789/4 2947/2788/4
f 2933/2792/4 2935/2791/4 2931/2786/4
f 2931/2786/4 2935/2791/4 2937/2793/4
f 2931/2786/4 2937/2793/4 2939/2794/4
f 2830/2803/2 1889/1947/2 2831/2804/2
f 2831/2804/2 1889/1947/2 1904/2805/2
f 2831/2804/2 1904/2805/2 1903/2806/2
f 2830/2803/2 2829/1960/2 1889/1947/2
f 1889/1947/2 2829/1960/2 2828/1957/2
f 1889/1947/2 2828/1957/2 2827/1958/2
f 1914/2807/2 1912/2808/2 1916/2809/2
f 1916/2809/2 1912/2808/2 1904/2805/2
f 1916/2809/2 1904/2805/2 1888/2810/2
f 1888/2810/2 1904/2805/2 1889/1947/2
f 2913/2804/4 2895/2806/4 2869/1947/4
f 2869/1947/4 2895/2806/4 2897/2805/4
f 2869/1947/4 2897/2805/4 2867/2810/4
f 2869/1947/4 2905/1958/4 2907/1957/4
f 2913/2804/4 2869/1947/4 2911/2803/4
f 2911/2803/4 2869/1947/4 2907/1957/4
f 2911/2803/4 2907/1957/4 2909/1960/4
f 2899/2808/4 2901/2807/4 2897/2805/4
f 2897/2805/4 2901/2807/4 2903/2809/4
f 2897/2805/4 2903/2809/4 2867/2810/4
f 2816/2811/2 2826/2812/2 2824/2813/2
f 2814/2814/2 2812/2815/2 2810/2816/2
f 2826/2812/2 2816/2811/2 2804/2817/2
f 2804/2817/2 2816/2811/2 2814/2814/2
f 2804/2817/2 2814/2814/2 2806/2818/2
f 2806/2818/2 2814/2814/2 2810/2816/2
f 2806/2818/2 2810/2816/2 2808/2819/2
f 2824/2813/2 2822/2820/2 2816/2811/2
f 2816/2811/2 2822/2820/2 2820/2821/2
f 2816/2811/2 2820/2821/2 2818/2822/2
f 2881/2814/4 2871/2817/4 2873/2818/4
f 2873/2818/4 2875/2819/4 2881/2814/4
f 2881/2814/4 2875/2819/4 2877/2816/4
f 2881/2814/4 2877/2816/4 2879/2815/4
f 2883/2811/4 2885/2822/4 2887/2821/4
f 2871/2817/4 2881/2814/4 2893/2812/4
f 2893/2812/4 2881/2814/4 2883/2811/4
f 2893/2812/4 2883/2811/4 2891/2813/4
f 2891/2813/4 2883/2811/4 2887/2821/4
f 2891/2813/4 2887/2821/4 2889/2820/4
f 1856/2525/4 3181/2798/4 3183/2799/4
f 3183/2799/4 3194/2562/4 1856/2525/4
f 1856/2525/4 3194/2562/4 3192/2516/4
f 1856/2525/4 3192/2516/4 3190/2513/4
f 1854/2795/4 1871/2802/4 1873/2801/4
f 3181/2798/4 1856/2525/4 1881/2796/4
f 1881/2796/4 1856/2525/4 1854/2795/4
f 1881/2796/4 1854/2795/4 1877/2797/4
f 1877/2797/4 1854/2795/4 1873/2801/4
f 1877/2797/4 1873/2801/4 1875/2800/4
f 2758/2795/2 2768/2796/2 2766/2797/2
f 2756/2525/2 2802/2513/2 2800/2516/2
f 2768/2796/2 2758/2795/2 2794/2798/2
f 2794/2798/2 2758/2795/2 2756/2525/2
f 2794/2798/2 2756/2525/2 2796/2799/2
f 2796/2799/2 2756/2525/2 2800/2516/2
f 2796/2799/2 2800/2516/2 2798/2562/2
f 2766/2797/2 2764/2800/2 2758/2795/2
f 2758/2795/2 2764/2800/2 2762/2801/2
f 2758/2795/2 2762/2801/2 2760/2802/2
f 2790/2783/2 2782/2784/2 2792/2785/2
f 2792/2785/2 2782/2784/2 2772/2786/2
f 2792/2785/2 2772/2786/2 2770/2787/2
f 2790/2783/2 2788/2788/2 2782/2784/2
f 2782/2784/2 2788/2788/2 2786/2789/2
f 2782/2784/2 2786/2789/2 2784/2790/2
f 2776/2791/2 2774/2792/2 2778/2793/2
f 2778/2793/2 2774/2792/2 2772/2786/2
f 2778/2793/2 2772/2786/2 2780/2794/2
f 2780/2794/2 2772/2786/2 2782/2784/2
f 2854/2785/4 2832/2787/4 2844/2784/4
f 2844/2784/4 2832/2787/4 2834/2786/4
f 2844/2784/4 2834/2786/4 2842/2794/4
f 2844/2784/4 2846/2790/4 2848/2789/4
f 2854/2785/4 2844/2784/4 2852/2783/4
f 2852/2783/4 2844/2784/4 2848/2789/4
f 2852/2783/4 2848/2789/4 2850/2788/4
f 2836/2792/4 2838/2791/4 2834/2786/4
f 2834/2786/4 2838/2791/4 2840/2793/4
f 2834/2786/4 2840/2793/4 2842/2794/4
f 2752/2803/2 2710/1947/2 2754/2804/2
f 2754/2804/2 2710/1947/2 2738/2805/2
f 2754/2804/2 2738/2805/2 2736/2806/2
f 2752/2803/2 2750/1960/2 2710/1947/2
f 2710/1947/2 2750/1960/2 2748/1957/2
f 2710/1947/2 2748/1957/2 2746/1958/2
f 2742/2807/2 2740/2808/2 2744/2809/2
f 2744/2809/2 2740/2808/2 2738/2805/2
f 2744/2809/2 2738/2805/2 2708/2810/2
f 2708/2810/2 2738/2805/2 2710/1947/2
f 3179/2804/4 1908/2806/4 1895/1947/4
f 1895/1947/4 1908/2806/4 1907/2805/4
f 1895/1947/4 1907/2805/4 1899/2810/4
f 1895/1947/4 3174/1958/4 3173/1957/4
f 3179/2804/4 1895/1947/4 3171/2803/4
f 3171/2803/4 1895/1947/4 3173/1957/4
f 3171/2803/4 3173/1957/4 3172/1960/4
f 1917/2808/4 1919/2807/4 1907/2805/4
f 1907/2805/4 1919/2807/4 1921/2809/4
f 1907/2805/4 1921/2809/4 1899/2810/4
f 2724/2811/2 2734/2812/2 2732/2813/2
f 2722/2814/2 2720/2815/2 2718/2816/2
f 2734/2812/2 2724/2811/2 2712/2817/2
f 2712/2817/2 2724/2811/2 2722/2814/2
f 2712/2817/2 2722/2814/2 2714/2818/2
f 2714/2818/2 2722/2814/2 2718/2816/2
f 2714/2818/2 2718/2816/2 2716/2819/2
f 2732/2813/2 2730/2820/2 2724/2811/2
f 2724/2811/2 2730/2820/2 2728/2821/2
f 2724/2811/2 2728/2821/2 2726/2822/2
f 2813/2814/4 2803/2817/4 2805/2818/4
f 2805/2818/4 2807/2819/4 2813/2814/4
f 2813/2814/4 2807/2819/4 2809/2816/4
f 2813/2814/4 2809/2816/4 2811/2815/4
f 2815/2811/4 2817/2822/4 2819/2821/4
f 2803/2817/4 2813/2814/4 2825/2812/4
f 2825/2812/4 2813/2814/4 2815/2811/4
f 2825/2812/4 2815/2811/4 2823/2813/4
f 2823/2813/4 2815/2811/4 2819/2821/4
f 2823/2813/4 2819/2821/4 2821/2820/4
f 2755/2525/4 2793/2798/4 2795/2799/4
f 2795/2799/4 2797/2562/4 2755/2525/4
f 2755/2525/4 2797/2562/4 2799/2516/4
f 2755/2525/252 2799/2516/252 2801/2513/252
f 2757/2795/4 2759/2802/4 2761/2801/4
f 2793/2798/4 2755/2525/4 2767/2796/4
f 2767/2796/4 2755/2525/4 2757/2795/4
f 2767/2796/4 2757/2795/4 2765/2797/4
f 2765/2797/4 2757/2795/4 2761/2801/4
f 2765/2797/4 2761/2801/4 2763/2800/4
f 2662/2795/2 2672/2796/2 2670/2797/2
f 2660/2525/248 2706/2513/248 2704/2516/248
f 2672/2796/2 2662/2795/2 2698/2798/2
f 2698/2798/2 2662/2795/2 2660/2525/2
f 2698/2798/2 2660/2525/2 2700/2799/2
f 2700/2799/2 2660/2525/2 2704/2516/2
f 2700/2799/2 2704/2516/2 2702/2562/2
f 2670/2797/2 2668/2800/2 2662/2795/2
f 2662/2795/2 2668/2800/2 2666/2801/2
f 2662/2795/248 2666/2801/248 2664/2802/248
f 2694/2783/2 2686/2784/2 2696/2785/2
f 2696/2785/2 2686/2784/2 2676/2786/2
f 2696/2785/2 2676/2786/2 2674/2787/2
f 2694/2783/2 2692/2788/2 2686/2784/2
f 2686/2784/2 2692/2788/2 2690/2789/2
f 2686/2784/246 2690/2789/246 2688/2790/246
f 2680/2791/250 2678/2792/250 2682/2793/250
f 2682/2793/2 2678/2792/2 2676/2786/2
f 2682/2793/2 2676/2786/2 2684/2794/2
f 2684/2794/2 2676/2786/2 2686/2784/2
f 2791/2785/4 2769/2787/4 2781/2784/4
f 2781/2784/4 2769/2787/4 2771/2786/4
f 2781/2784/4 2771/2786/4 2779/2794/4
f 2781/2784/251 2783/2790/251 2785/2789/251
f 2791/2785/4 2781/2784/4 2789/2783/4
f 2789/2783/4 2781/2784/4 2785/2789/4
f 2789/2783/4 2785/2789/4 2787/2788/4
f 2773/2792/4 2775/2791/4 2771/2786/4
f 2771/2786/4 2775/2791/4 2777/2793/4
f 2771/2786/4 2777/2793/4 2779/2794/4
f 2656/2803/2 2614/1947/2 2658/2804/2
f 2658/2804/2 2614/1947/2 2642/2805/2
f 2658/2804/2 2642/2805/2 2640/2806/2
f 2656/2803/2 2654/1960/2 2614/1947/2
f 2614/1947/2 2654/1960/2 2652/1957/2
f 2614/1947/246 2652/1957/246 2650/1958/246
f 2646/2807/250 2644/2808/250 2648/2809/250
f 2648/2809/2 2644/2808/2 2642/2805/2
f 2648/2809/2 2642/2805/2 2612/2810/2
f 2612/2810/2 2642/2805/2 2614/1947/2
f 2753/2804/4 2735/2806/4 2709/1947/4
f 2709/1947/4 2735/2806/4 2737/2805/4
f 2709/1947/4 2737/2805/4 2707/2810/4
f 2709/1947/251 2745/1958/251 2747/1957/251
f 2753/2804/4 2709/1947/4 2751/2803/4
f 2751/2803/4 2709/1947/4 2747/1957/4
f 2751/2803/4 2747/1957/4 2749/1960/4
f 2739/2808/4 2741/2807/4 2737/2805/4
f 2737/2805/4 2741/2807/4 2743/2809/4
f 2737/2805/4 2743/2809/4 2707/2810/4
f 2628/2811/2 2638/2812/2 2636/2813/2
f 2626/2814/248 2624/2815/248 2622/2816/248
f 2638/2812/2 2628/2811/2 2616/2817/2
f 2616/2817/2 2628/2811/2 2626/2814/2
f 2616/2817/2 2626/2814/2 2618/2818/2
f 2618/2818/2 2626/2814/2 2622/2816/2
f 2618/2818/2 2622/2816/2 2620/2819/2
f 2636/2813/2 2634/2820/2 2628/2811/2
f 2628/2811/2 2634/2820/2 2632/2821/2
f 2628/2811/248 2632/2821/248 2630/2822/248
f 2721/2814/4 2711/2817/4 2713/2818/4
f 2713/2818/4 2715/2819/4 2721/2814/4
f 2721/2814/4 2715/2819/4 2717/2816/4
f 2721/2814/252 2717/2816/252 2719/2815/252
f 2723/2811/4 2725/2822/4 2727/2821/4
f 2711/2817/4 2721/2814/4 2733/2812/4
f 2733/2812/4 2721/2814/4 2723/2811/4
f 2733/2812/4 2723/2811/4 2731/2813/4
f 2731/2813/4 2723/2811/4 2727/2821/4
f 2731/2813/4 2727/2821/4 2729/2820/4
f 2659/2525/4 2697/2798/4 2699/2799/4
f 2699/2799/4 2701/2562/4 2659/2525/4
f 2659/2525/4 2701/2562/4 2703/2516/4
f 2659/2525/4 2703/2516/4 2705/2513/4
f 2661/2795/4 2663/2802/4 2665/2801/4
f 2697/2798/4 2659/2525/4 2671/2796/4
f 2671/2796/4 2659/2525/4 2661/2795/4
f 2671/2796/4 2661/2795/4 2669/2797/4
f 2669/2797/252 2661/2795/252 2665/2801/252
f 2669/2797/252 2665/2801/252 2667/2800/252
f 1758/2795/2 1788/2796/2 1779/2797/2
f 1757/2525/250 2608/2513/250 2606/2516/250
f 1788/2796/2 1758/2795/2 2603/2798/2
f 2603/2798/2 1758/2795/2 1757/2525/2
f 2603/2798/2 1757/2525/2 2602/2799/2
f 2602/2799/248 1757/2525/248 2606/2516/248
f 2602/2799/2 2606/2516/2 2604/2562/2
f 1779/2797/246 1777/2800/246 1758/2795/246
f 1758/2795/2 1777/2800/2 1775/2801/2
f 1758/2795/2 1775/2801/2 1773/2802/2
f 2597/2783/2 2589/2784/2 2599/2785/2
f 2599/2785/2 2589/2784/2 2579/2786/2
f 2599/2785/2 2579/2786/2 2577/2787/2
f 2597/2783/246 2595/2788/246 2589/2784/246
f 2589/2784/2 2595/2788/2 2593/2789/2
f 2589/2784/244 2593/2789/244 2591/2790/244
f 2583/2791/2 2581/2792/2 2585/2793/2
f 2585/2793/2 2581/2792/2 2579/2786/2
f 2585/2793/2 2579/2786/2 2587/2794/2
f 2587/2794/2 2579/2786/2 2589/2784/2
f 2695/2785/4 2673/2787/4 2685/2784/4
f 2685/2784/4 2673/2787/4 2675/2786/4
f 2685/2784/4 2675/2786/4 2683/2794/4
f 2685/2784/4 2687/2790/4 2689/2789/4
f 2695/2785/4 2685/2784/4 2693/2783/4
f 2693/2783/4 2685/2784/4 2689/2789/4
f 2693/2783/251 2689/2789/251 2691/2788/251
f 2677/2792/4 2679/2791/4 2675/2786/4
f 2675/2786/251 2679/2791/251 2681/2793/251
f 2675/2786/4 2681/2793/4 2683/2794/4
f 2574/2803/2 1798/1947/2 2575/2804/2
f 2575/2804/2 1798/1947/2 1812/2805/2
f 2575/2804/2 1812/2805/2 1811/2806/2
f 2574/2803/246 2573/1960/246 1798/1947/246
f 1798/1947/2 2573/1960/2 2572/1957/2
f 1798/1947/244 2572/1957/244 2571/1958/244
f 1822/2807/2 1820/2808/2 1824/2809/2
f 1824/2809/2 1820/2808/2 1812/2805/2
f 1824/2809/2 1812/2805/2 1797/2810/2
f 1797/2810/2 1812/2805/2 1798/1947/2
f 2657/2804/4 2639/2806/4 2613/1947/4
f 2613/1947/4 2639/2806/4 2641/2805/4
f 2613/1947/4 2641/2805/4 2611/2810/4
f 2613/1947/4 2649/1958/4 2651/1957/4
f 2657/2804/4 2613/1947/4 2655/2803/4
f 2655/2803/4 2613/1947/4 2651/1957/4
f 2655/2803/251 2651/1957/251 2653/1960/251
f 2643/2808/4 2645/2807/4 2641/2805/4
f 2641/2805/251 2645/2807/251 2647/2809/251
f 2641/2805/4 2647/2809/4 2611/2810/4
f 2560/2811/2 2570/2812/2 2568/2813/2
f 2558/2814/250 2556/2815/250 2554/2816/250
f 2570/2812/2 2560/2811/2 2548/2817/2
f 2548/2817/2 2560/2811/2 2558/2814/2
f 2548/2817/2 2558/2814/2 2550/2818/2
f 2550/2818/248 2558/2814/248 2554/2816/248
f 2550/2818/2 2554/2816/2 2552/2819/2
f 2568/2813/246 2566/2820/246 2560/2811/246
f 2560/2811/2 2566/2820/2 2564/2821/2
f 2560/2811/2 2564/2821/2 2562/2822/2
f 2625/2814/4 2615/2817/4 2617/2818/4
f 2617/2818/4 2619/2819/4 2625/2814/4
f 2625/2814/4 2619/2819/4 2621/2816/4
f 2625/2814/4 2621/2816/4 2623/2815/4
f 2627/2811/4 2629/2822/4 2631/2821/4
f 2615/2817/4 2625/2814/4 2637/2812/4
f 2637/2812/4 2625/2814/4 2627/2811/4
f 2637/2812/4 2627/2811/4 2635/2813/4
f 2635/2813/252 2627/2811/252 2631/2821/252
f 2635/2813/252 2631/2821/252 2633/2820/252
f 2544/2783/2 2536/2784/2 2546/2785/2
f 2546/2785/2 2536/2784/2 2526/2786/2
f 2546/2785/2 2526/2786/2 2524/2787/2
f 2544/2783/248 2542/2788/248 2536/2784/248
f 2536/2784/246 2542/2788/246 2540/2789/246
f 2536/2784/244 2540/2789/244 2538/2790/244
f 2530/2791/2 2528/2792/2 2532/2793/2
f 2532/2793/2 2528/2792/2 2526/2786/2
f 2532/2793/2 2526/2786/2 2534/2794/2
f 2534/2794/2 2526/2786/2 2536/2784/2
f 2598/2785/4 2576/2787/4 2588/2784/4
f 2588/2784/4 2576/2787/4 2578/2786/4
f 2588/2784/4 2578/2786/4 2586/2794/4
f 2588/2784/249 2590/2790/249 2592/2789/249
f 2598/2785/4 2588/2784/4 2596/2783/4
f 2596/2783/4 2588/2784/4 2592/2789/4
f 2596/2783/253 2592/2789/253 2594/2788/253
f 2580/2792/253 2582/2791/253 2578/2786/253
f 2578/2786/252 2582/2791/252 2584/2793/252
f 2578/2786/4 2584/2793/4 2586/2794/4
f 2512/2811/2 2522/2812/2 2520/2813/2
f 2510/2814/250 2508/2815/250 2506/2816/250
f 2522/2812/2 2512/2811/2 2500/2817/2
f 2500/2817/2 2512/2811/2 2510/2814/2
f 2500/2817/2 2510/2814/2 2502/2818/2
f 2502/2818/2 2510/2814/2 2506/2816/2
f 2502/2818/2 2506/2816/2 2504/2819/2
f 2520/2813/246 2518/2820/246 2512/2811/246
f 2512/2811/248 2518/2820/248 2516/2821/248
f 2512/2811/250 2516/2821/250 2514/2822/250
f 2557/2814/4 2547/2817/4 2549/2818/4
f 2549/2818/4 2551/2819/4 2557/2814/4
f 2557/2814/252 2551/2819/252 2553/2816/252
f 2557/2814/253 2553/2816/253 2555/2815/253
f 2559/2811/253 2561/2822/253 2563/2821/253
f 2547/2817/4 2557/2814/4 2569/2812/4
f 2569/2812/4 2557/2814/4 2559/2811/4
f 2569/2812/4 2559/2811/4 2567/2813/4
f 2567/2813/4 2559/2811/4 2563/2821/4
f 2567/2813/249 2563/2821/249 2565/2820/249
f 1771/2525/4 3185/2798/4 3187/2799/4
f 3187/2799/4 3201/2562/4 1771/2525/4
f 1771/2525/253 3201/2562/253 3199/2516/253
f 1771/2525/254 3199/2516/254 3197/2513/254
f 1764/2795/255 1780/2802/255 1782/2801/255
f 3185/2798/4 1771/2525/4 1790/2796/4
f 1790/2796/4 1771/2525/4 1764/2795/4
f 1790/2796/4 1764/2795/4 1786/2797/4
f 1786/2797/4 1764/2795/4 1782/2801/4
f 1786/2797/4 1782/2801/4 1784/2800/4
f 2545/2785/4 2523/2787/4 2535/2784/4
f 2535/2784/4 2523/2787/4 2525/2786/4
f 2535/2784/4 2525/2786/4 2533/2794/4
f 2535/2784/255 2537/2790/255 2539/2789/255
f 2545/2785/4 2535/2784/4 2543/2783/4
f 2543/2783/4 2535/2784/4 2539/2789/4
f 2543/2783/4 2539/2789/4 2541/2788/4
f 2527/2792/4 2529/2791/4 2525/2786/4
f 2525/2786/4 2529/2791/4 2531/2793/4
f 2525/2786/252 2531/2793/252 2533/2794/252
f 3180/2804/4 1816/2806/4 1809/1947/4
f 1809/1947/4 1816/2806/4 1815/2805/4
f 1809/1947/4 1815/2805/4 1810/2810/4
f 1809/1947/255 3178/1958/255 3177/1957/255
f 3180/2804/4 1809/1947/4 3175/2803/4
f 3175/2803/4 1809/1947/4 3177/1957/4
f 3175/2803/4 3177/1957/4 3176/1960/4
f 1825/2808/4 1827/2807/4 1815/2805/4
f 1815/2805/4 1827/2807/4 1829/2809/4
f 1815/2805/252 1829/2809/252 1810/2810/252
f 2509/2814/4 2499/2817/4 2501/2818/4
f 2501/2818/4 2503/2819/4 2509/2814/4
f 2509/2814/253 2503/2819/253 2505/2816/253
f 2509/2814/254 2505/2816/254 2507/2815/254
f 2511/2811/255 2513/2822/255 2515/2821/255
f 2499/2817/4 2509/2814/4 2521/2812/4
f 2521/2812/4 2509/2814/4 2511/2811/4
f 2521/2812/4 2511/2811/4 2519/2813/4
f 2519/2813/4 2511/2811/4 2515/2821/4
f 2519/2813/4 2515/2821/4 2517/2820/4
f 2443/2823/3 2445/2653/3 2441/2494/3
f 2441/2494/3 2445/2653/3 2447/2654/3
f 2441/2494/3 2447/2654/3 2439/2485/3
f 2439/2485/3 2447/2654/3 2437/1738/3
f 2433/1740/3 2435/1739/3 2431/1743/3
f 2431/1743/3 2435/1739/3 2437/1738/3
f 2431/1743/3 2437/1738/3 2427/1742/3
f 2427/1742/3 2437/1738/3 2447/2654/3
f 2427/1742/3 2447/2654/3 2428/1736/3
f 2428/1736/3 2447/2654/3 2449/2656/3
f 2476/1736/5 2498/2656/5 2478/1742/5
f 2478/1742/5 2498/2656/5 2496/2654/5
f 2496/2654/5 2494/2653/5 2492/2823/5
f 2486/1738/5 2484/1739/5 2482/1740/5
f 2492/2823/5 2490/2494/5 2496/2654/5
f 2496/2654/5 2490/2494/5 2488/2485/5
f 2496/2654/5 2488/2485/5 2478/1742/5
f 2478/1742/5 2488/2485/5 2486/1738/5
f 2478/1742/5 2486/1738/5 2480/1743/5
f 2480/1743/5 2486/1738/5 2482/1740/5
f 2474/1727/5 2464/1720/5 2452/2658/5
f 2452/2658/5 2464/1720/5 2462/2320/5
f 2452/2658/5 2462/2320/5 2454/2660/5
f 2460/2322/5 2458/2824/5 2462/2320/5
f 2462/2320/5 2458/2824/5 2456/2661/5
f 2462/2320/5 2456/2661/5 2454/2660/5
f 2468/1728/5 2466/1729/5 2470/1730/5
f 2470/1730/5 2466/1729/5 2464/1720/5
f 2470/1730/5 2464/1720/5 2472/1731/5
f 2472/1731/5 2464/1720/5 2474/1727/5
f 2404/2658/3 2413/2320/3 2425/1727/3
f 2425/1727/3 2413/2320/3 2415/1720/3
f 2425/1727/3 2415/1720/3 2423/1731/3
f 2409/2824/3 2411/2322/3 2407/2661/3
f 2407/2661/3 2411/2322/3 2413/2320/3
f 2407/2661/3 2413/2320/3 2403/2660/3
f 2403/2660/3 2413/2320/3 2404/2658/3
f 2417/1729/3 2419/1728/3 2415/1720/3
f 2415/1720/3 2419/1728/3 2421/1730/3
f 2415/1720/3 2421/1730/3 2423/1731/3
f 3251/2823/98 3250/2653/98 3252/2494/98
f 3252/2494/3 3250/2653/3 3248/2654/3
f 3252/2494/3 3248/2654/3 3246/2485/3
f 3246/2485/3 3248/2654/3 3245/1738/3
f 3243/1740/99 3244/1739/99 3242/1743/99
f 3242/1743/3 3244/1739/3 3245/1738/3
f 3242/1743/3 3245/1738/3 3241/1742/3
f 3241/1742/3 3245/1738/3 3248/2654/3
f 3241/1742/3 3248/2654/3 3240/1736/3
f 3240/1736/3 3248/2654/3 3238/2656/3
f 2430/1736/5 2450/2656/5 2429/1742/5
f 2429/1742/5 2450/2656/5 2448/2654/5
f 2448/2654/230 2446/2653/230 2444/2823/230
f 2438/1738/5 2436/1739/5 2434/1740/5
f 2444/2823/5 2442/2494/5 2448/2654/5
f 2448/2654/5 2442/2494/5 2440/2485/5
f 2448/2654/5 2440/2485/5 2429/1742/5
f 2429/1742/5 2440/2485/5 2438/1738/5
f 2429/1742/5 2438/1738/5 2432/1743/5
f 2432/1743/5 2438/1738/5 2434/1740/5
f 2426/1727/5 2416/1720/5 2406/2658/5
f 2406/2658/5 2416/1720/5 2414/2320/5
f 2406/2658/5 2414/2320/5 2405/2660/5
f 2412/2322/5 2410/2824/5 2414/2320/5
f 2414/2320/5 2410/2824/5 2408/2661/5
f 2414/2320/5 2408/2661/5 2405/2660/5
f 2420/1728/5 2418/1729/5 2422/1730/5
f 2422/1730/5 2418/1729/5 2416/1720/5
f 2422/1730/5 2416/1720/5 2424/1731/5
f 2424/1731/5 2416/1720/5 2426/1727/5
f 3219/2658/3 3223/2320/3 3233/1727/3
f 3233/1727/3 3223/2320/3 3228/1720/3
f 3233/1727/3 3228/1720/3 3232/1731/3
f 3225/2824/98 3224/2322/98 3226/2661/98
f 3226/2661/3 3224/2322/3 3223/2320/3
f 3226/2661/3 3223/2320/3 3221/2660/3
f 3221/2660/3 3223/2320/3 3219/2658/3
f 3229/1729/3 3230/1728/3 3228/1720/3
f 3228/1720/3 3230/1728/3 3231/1730/3
f 3228/1720/3 3231/1730/3 3232/1731/3
f 2491/2823/3 2493/2653/3 2489/2494/3
f 2489/2494/3 2493/2653/3 2495/2654/3
f 2489/2494/3 2495/2654/3 2487/2485/3
f 2487/2485/3 2495/2654/3 2485/1738/3
f 2481/1740/3 2483/1739/3 2479/1743/3
f 2479/1743/3 2483/1739/3 2485/1738/3
f 2479/1743/3 2485/1738/3 2477/1742/3
f 2477/1742/3 2485/1738/3 2495/2654/3
f 2477/1742/3 2495/2654/3 2475/1736/3
f 2475/1736/3 2495/2654/3 2497/2656/3
f 2383/1736/5 2402/2656/5 2382/1742/5
f 2382/1742/5 2402/2656/5 2400/2654/5
f 2400/2654/5 2398/2653/5 2393/2823/5
f 2387/1738/5 2386/1739/5 2385/1740/5
f 2393/2823/5 2392/2494/5 2400/2654/5
f 2400/2654/5 2392/2494/5 2388/2485/5
f 2400/2654/5 2388/2485/5 2382/1742/5
f 2382/1742/5 2388/2485/5 2387/1738/5
f 2382/1742/5 2387/1738/5 2384/1743/5
f 2384/1743/5 2387/1738/5 2385/1740/5
f 2381/1727/5 2376/1720/5 2364/2658/5
f 2364/2658/5 2376/1720/5 2374/2320/5
f 2364/2658/5 2374/2320/5 2363/2660/5
f 2371/2322/5 2370/2824/5 2374/2320/5
f 2374/2320/5 2370/2824/5 2369/2661/5
f 2374/2320/5 2369/2661/5 2363/2660/5
f 2378/1728/102 2377/1729/102 2379/1730/102
f 2379/1730/5 2377/1729/5 2376/1720/5
f 2379/1730/5 2376/1720/5 2380/1731/5
f 2380/1731/5 2376/1720/5 2381/1727/5
f 2451/2658/3 2461/2320/3 2473/1727/3
f 2473/1727/3 2461/2320/3 2463/1720/3
f 2473/1727/3 2463/1720/3 2471/1731/3
f 2457/2824/3 2459/2322/3 2455/2661/3
f 2455/2661/3 2459/2322/3 2461/2320/3
f 2455/2661/3 2461/2320/3 2453/2660/3
f 2453/2660/3 2461/2320/3 2451/2658/3
f 2465/1729/3 2467/1728/3 2463/1720/3
f 2463/1720/3 2467/1728/3 2469/1730/3
f 2463/1720/3 2469/1730/3 2471/1731/3
f 2311/2672/3 2313/2668/3 2293/2489/3
f 2281/1669/3 2285/1667/3 2287/1666/3
f 2313/2668/3 2282/1665/3 2293/2489/3
f 2293/2489/3 2282/1665/3 2281/1669/3
f 2293/2489/3 2281/1669/3 2289/1668/3
f 2289/1668/3 2281/1669/3 2287/1666/3
f 2305/2487/3 2307/2825/3 2293/2489/3
f 2293/2489/3 2307/2825/3 2309/2673/3
f 2293/2489/3 2309/2673/3 2311/2672/3
f 2330/1669/5 2328/1665/5 2360/2668/5
f 2354/2825/5 2352/2487/5 2356/2673/5
f 2356/2673/5 2352/2487/5 2340/2489/5
f 2356/2673/5 2340/2489/5 2358/2672/5
f 2334/1666/5 2332/1667/5 2336/1668/5
f 2336/1668/5 2332/1667/5 2330/1669/5
f 2336/1668/5 2330/1669/5 2340/2489/5
f 2340/2489/5 2330/1669/5 2360/2668/5
f 2340/2489/5 2360/2668/5 2358/2672/5
f 2326/1654/5 2316/1652/5 2342/2663/5
f 2342/2663/5 2316/1652/5 2338/2203/5
f 2342/2663/5 2338/2203/5 2344/2666/5
f 2350/2219/5 2348/2826/5 2338/2203/5
f 2338/2203/5 2348/2826/5 2346/2667/5
f 2338/2203/5 2346/2667/5 2344/2666/5
f 2320/1657/5 2318/1658/5 2322/1659/5
f 2322/1659/5 2318/1658/5 2316/1652/5
f 2322/1659/5 2316/1652/5 2324/1660/5
f 2324/1660/5 2316/1652/5 2326/1654/5
f 2296/2663/3 2291/2203/3 2279/1654/3
f 2279/1654/3 2291/2203/3 2269/1652/3
f 2279/1654/3 2269/1652/3 2277/1660/3
f 2301/2826/3 2303/2219/3 2299/2667/3
f 2299/2667/3 2303/2219/3 2291/2203/3
f 2299/2667/3 2291/2203/3 2295/2666/3
f 2295/2666/3 2291/2203/3 2296/2663/3
f 2271/1658/3 2273/1657/3 2269/1652/3
f 2269/1652/3 2273/1657/3 2275/1659/3
f 2269/1652/3 2275/1659/3 2277/1660/3
f 3371/2672/3 3359/2668/3 3366/2489/3
f 3361/1669/3 3362/1667/3 3363/1666/3
f 3359/2668/3 3360/1665/3 3366/2489/3
f 3366/2489/3 3360/1665/3 3361/1669/3
f 3366/2489/3 3361/1669/3 3364/1668/3
f 3364/1668/3 3361/1669/3 3363/1666/3
f 3374/2487/3 3373/2825/3 3366/2489/3
f 3366/2489/3 3373/2825/3 3372/2673/3
f 3366/2489/3 3372/2673/3 3371/2672/3
f 2283/1669/5 2284/1665/5 2314/2668/5
f 2308/2825/5 2306/2487/5 2310/2673/5
f 2310/2673/5 2306/2487/5 2294/2489/5
f 2310/2673/5 2294/2489/5 2312/2672/5
f 2288/1666/5 2286/1667/5 2290/1668/5
f 2290/1668/5 2286/1667/5 2283/1669/5
f 2290/1668/5 2283/1669/5 2294/2489/5
f 2294/2489/5 2283/1669/5 2314/2668/5
f 2294/2489/5 2314/2668/5 2312/2672/5
f 2280/1654/5 2270/1652/5 2298/2663/5
f 2298/2663/5 2270/1652/5 2292/2203/5
f 2298/2663/5 2292/2203/5 2297/2666/5
f 2304/2219/5 2302/2826/5 2292/2203/5
f 2292/2203/5 2302/2826/5 2300/2667/5
f 2292/2203/5 2300/2667/5 2297/2666/5
f 2274/1657/5 2272/1658/5 2276/1659/5
f 2276/1659/5 2272/1658/5 2270/1652/5
f 2276/1659/5 2270/1652/5 2278/1660/5
f 2278/1660/5 2270/1652/5 2280/1654/5
f 3356/1660/3 3357/1654/3 3352/1652/3
f 3352/1652/3 3357/1654/3 3365/2203/3
f 3367/2666/3 3370/2667/3 3369/2826/3
f 3353/1658/3 3354/1657/3 3352/1652/3
f 3352/1652/3 3354/1657/3 3355/1659/3
f 3352/1652/3 3355/1659/3 3356/1660/3
f 3357/1654/3 3358/2663/3 3365/2203/3
f 3365/2203/3 3358/2663/3 3367/2666/3
f 3365/2203/3 3367/2666/3 3368/2219/3
f 3368/2219/3 3367/2666/3 3369/2826/3
f 2357/2672/3 2359/2668/3 2339/2489/3
f 2329/1669/3 2331/1667/3 2333/1666/3
f 2359/2668/3 2327/1665/3 2339/2489/3
f 2339/2489/3 2327/1665/3 2329/1669/3
f 2339/2489/3 2329/1669/3 2335/1668/3
f 2335/1668/3 2329/1669/3 2333/1666/3
f 2351/2487/3 2353/2825/3 2339/2489/3
f 2339/2489/3 2353/2825/3 2355/2673/3
f 2339/2489/3 2355/2673/3 2357/2672/3
f 2234/1669/5 2235/1665/5 2268/2668/5
f 2259/2825/5 2257/2487/5 2264/2673/5
f 2264/2673/5 2257/2487/5 2241/2489/5
f 2264/2673/5 2241/2489/5 2266/2672/5
f 2237/1666/5 2236/1667/5 2238/1668/5
f 2238/1668/5 2236/1667/5 2234/1669/5
f 2238/1668/5 2234/1669/5 2241/2489/5
f 2241/2489/5 2234/1669/5 2268/2668/5
f 2241/2489/5 2268/2668/5 2266/2672/5
f 2233/1654/5 2228/1652/5 2246/2663/5
f 2246/2663/5 2228/1652/5 2240/2203/5
f 2246/2663/5 2240/2203/5 2245/2666/5
f 2253/2219/5 2252/2826/5 2240/2203/5
f 2240/2203/5 2252/2826/5 2251/2667/5
f 2240/2203/5 2251/2667/5 2245/2666/5
f 2230/1657/5 2229/1658/5 2231/1659/5
f 2231/1659/5 2229/1658/5 2228/1652/5
f 2231/1659/5 2228/1652/5 2232/1660/5
f 2232/1660/5 2228/1652/5 2233/1654/5
f 2341/2663/3 2337/2203/3 2325/1654/3
f 2325/1654/3 2337/2203/3 2315/1652/3
f 2325/1654/3 2315/1652/3 2323/1660/3
f 2347/2826/3 2349/2219/3 2345/2667/3
f 2345/2667/3 2349/2219/3 2337/2203/3
f 2345/2667/3 2337/2203/3 2343/2666/3
f 2343/2666/3 2337/2203/3 2341/2663/3
f 2317/1658/3 2319/1657/3 2315/1652/3
f 2315/1652/3 2319/1657/3 2321/1659/3
f 2315/1652/3 2321/1659/3 2323/1660/3
f 2178/2649/3 2180/2647/3 2160/2503/3
f 2148/1812/3 2152/1810/3 2154/1809/3
f 2180/2647/3 2149/1387/3 2160/2503/3
f 2160/2503/3 2149/1387/3 2148/1812/3
f 2160/2503/3 2148/1812/3 2156/1808/3
f 2156/1808/3 2148/1812/3 2154/1809/3
f 2172/2501/3 2174/2827/3 2160/2503/3
f 2160/2503/3 2174/2827/3 2176/2650/3
f 2160/2503/3 2176/2650/3 2178/2649/3
f 2197/1812/5 2195/1387/5 2227/2647/5
f 2221/2827/5 2219/2501/5 2223/2650/5
f 2223/2650/5 2219/2501/5 2207/2503/5
f 2223/2650/5 2207/2503/5 2225/2649/5
f 2201/1809/5 2199/1810/5 2203/1808/5
f 2203/1808/5 2199/1810/5 2197/1812/5
f 2203/1808/5 2197/1812/5 2207/2503/5
f 2207/2503/5 2197/1812/5 2227/2647/5
f 2207/2503/5 2227/2647/5 2225/2649/5
f 2193/1799/5 2183/1792/5 2209/2638/5
f 2209/2638/5 2183/1792/5 2205/2449/5
f 2209/2638/5 2205/2449/5 2211/2640/5
f 2217/2473/5 2215/2828/5 2205/2449/5
f 2205/2449/5 2215/2828/5 2213/2641/5
f 2205/2449/5 2213/2641/5 2211/2640/5
f 2187/1802/5 2185/1803/5 2189/1801/5
f 2189/1801/5 2185/1803/5 2183/1792/5
f 2189/1801/5 2183/1792/5 2191/1798/5
f 2191/1798/5 2183/1792/5 2193/1799/5
f 2163/2638/3 2158/2449/3 2146/1799/3
f 2146/1799/3 2158/2449/3 2136/1792/3
f 2146/1799/3 2136/1792/3 2144/1798/3
f 2168/2828/3 2170/2473/3 2166/2641/3
f 2166/2641/3 2170/2473/3 2158/2449/3
f 2166/2641/3 2158/2449/3 2162/2640/3
f 2162/2640/3 2158/2449/3 2163/2638/3
f 2138/1803/3 2140/1802/3 2136/1792/3
f 2136/1792/3 2140/1802/3 2142/1801/3
f 2136/1792/3 2142/1801/3 2144/1798/3
f 3348/2649/3 3336/2647/3 3343/2503/3
f 3338/1812/3 3339/1810/3 3340/1809/3
f 3336/2647/3 3337/1387/3 3343/2503/3
f 3343/2503/3 3337/1387/3 3338/1812/3
f 3343/2503/3 3338/1812/3 3341/1808/3
f 3341/1808/3 3338/1812/3 3340/1809/3
f 3351/2501/3 3350/2827/3 3343/2503/3
f 3343/2503/3 3350/2827/3 3349/2650/3
f 3343/2503/3 3349/2650/3 3348/2649/3
f 2150/1812/5 2151/1387/5 2181/2647/5
f 2175/2827/5 2173/2501/5 2177/2650/5
f 2177/2650/5 2173/2501/5 2161/2503/5
f 2177/2650/5 2161/2503/5 2179/2649/5
f 2155/1809/5 2153/1810/5 2157/1808/5
f 2157/1808/5 2153/1810/5 2150/1812/5
f 2157/1808/5 2150/1812/5 2161/2503/5
f 2161/2503/5 2150/1812/5 2181/2647/5
f 2161/2503/5 2181/2647/5 2179/2649/5
f 2147/1799/5 2137/1792/5 2165/2638/5
f 2165/2638/5 2137/1792/5 2159/2449/5
f 2165/2638/5 2159/2449/5 2164/2640/5
f 2171/2473/5 2169/2828/5 2159/2449/5
f 2159/2449/5 2169/2828/5 2167/2641/5
f 2159/2449/5 2167/2641/5 2164/2640/5
f 2141/1802/5 2139/1803/5 2143/1801/5
f 2143/1801/5 2139/1803/5 2137/1792/5
f 2143/1801/5 2137/1792/5 2145/1798/5
f 2145/1798/5 2137/1792/5 2147/1799/5
f 3333/1798/3 3334/1799/3 3329/1792/3
f 3329/1792/3 3334/1799/3 3342/2449/3
f 3344/2640/3 3347/2641/3 3346/2828/3
f 3330/1803/3 3331/1802/3 3329/1792/3
f 3329/1792/3 3331/1802/3 3332/1801/3
f 3329/1792/3 3332/1801/3 3333/1798/3
f 3334/1799/3 3335/2638/3 3342/2449/3
f 3342/2449/3 3335/2638/3 3344/2640/3
f 3342/2449/3 3344/2640/3 3345/2473/3
f 3345/2473/3 3344/2640/3 3346/2828/3
f 2224/2649/3 2226/2647/3 2206/2503/3
f 2196/1812/3 2198/1810/3 2200/1809/3
f 2226/2647/3 2194/1387/3 2206/2503/3
f 2206/2503/3 2194/1387/3 2196/1812/3
f 2206/2503/3 2196/1812/3 2202/1808/3
f 2202/1808/3 2196/1812/3 2200/1809/3
f 2218/2501/3 2220/2827/3 2206/2503/3
f 2206/2503/3 2220/2827/3 2222/2650/3
f 2206/2503/3 2222/2650/3 2224/2649/3
f 2101/1812/5 2102/1387/5 2135/2647/5
f 2126/2827/5 2124/2501/5 2131/2650/5
f 2131/2650/5 2124/2501/5 2108/2503/5
f 2131/2650/5 2108/2503/5 2133/2649/5
f 2104/1809/5 2103/1810/5 2105/1808/5
f 2105/1808/5 2103/1810/5 2101/1812/5
f 2105/1808/5 2101/1812/5 2108/2503/5
f 2108/2503/5 2101/1812/5 2135/2647/5
f 2108/2503/5 2135/2647/5 2133/2649/5
f 2100/1799/5 2095/1792/5 2113/2638/5
f 2113/2638/5 2095/1792/5 2107/2449/5
f 2113/2638/5 2107/2449/5 2112/2640/5
f 2120/2473/5 2119/2828/5 2107/2449/5
f 2107/2449/5 2119/2828/5 2118/2641/5
f 2107/2449/5 2118/2641/5 2112/2640/5
f 2097/1802/5 2096/1803/5 2098/1801/5
f 2098/1801/5 2096/1803/5 2095/1792/5
f 2098/1801/5 2095/1792/5 2099/1798/5
f 2099/1798/5 2095/1792/5 2100/1799/5
f 2208/2638/3 2204/2449/3 2192/1799/3
f 2192/1799/3 2204/2449/3 2182/1792/3
f 2192/1799/3 2182/1792/3 2190/1798/3
f 2214/2828/3 2216/2473/3 2212/2641/3
f 2212/2641/3 2216/2473/3 2204/2449/3
f 2212/2641/3 2204/2449/3 2210/2640/3
f 2210/2640/3 2204/2449/3 2208/2638/3
f 2184/1803/3 2186/1802/3 2182/1792/3
f 2182/1792/3 2186/1802/3 2188/1801/3
f 2182/1792/3 2188/1801/3 2190/1798/3
f 2061/2748/3 2089/2747/3 2076/2829/3
f 2094/2747/5 2074/2748/5 2075/2829/5
f 2021/2748/3 2083/2747/3 2019/2829/3
f 2088/2747/5 2022/2748/5 2020/2829/5
f 2082/2771/3 2052/2772/3 2055/2830/3
f 2053/2772/5 2077/2771/5 2054/2830/5
f 2047/2771/3 2023/2772/3 2025/2830/3
f 2024/2772/5 2042/2771/5 2026/2830/5
f 2039/2696/256 2043/1879/256 2024/1885/256
f 2024/1885/256 2043/1879/256 2042/1878/256
f 2023/1884/256 2047/1883/256 2015/2694/256
f 2015/2694/256 2047/1883/256 2046/1882/256
f 2052/1921/256 2082/1920/256 2050/2676/256
f 2050/2676/256 2082/1920/256 2081/1919/256
f 2066/2674/256 2078/1916/256 2053/1922/256
f 2053/1922/256 2078/1916/256 2077/1915/256
f 2022/1885/257 2088/1878/257 2029/2696/257
f 2029/2696/257 2088/1878/257 2087/1879/257
f 2017/2694/257 2084/1882/257 2021/1884/257
f 2021/1884/257 2084/1882/257 2083/1883/257
f 2074/1922/257 2094/1915/257 2064/2674/257
f 2064/2674/257 2094/1915/257 2093/1916/257
f 2059/2676/257 2090/1919/257 2061/1921/257
f 2061/1921/257 2090/1919/257 2089/1920/257
f 1934/2831/4 1995/2806/4 1933/2533/4
f 1933/2533/4 1995/2806/4 1996/2805/4
f 1933/2533/4 1996/2805/4 1977/2810/4
f 2001/2808/4 2003/2807/4 1996/2805/4
f 1996/2805/4 2003/2807/4 2005/2809/4
f 1996/2805/251 2005/2809/251 1977/2810/251
f 2000/2806/2 1932/2831/2 1999/2805/2
f 1999/2805/2 1932/2831/2 1931/2533/2
f 2010/2807/245 2008/2808/245 2012/2809/245
f 2012/2809/248 2008/2808/248 1999/2805/248
f 2012/2809/2 1999/2805/2 1984/2810/2
f 1984/2810/2 1999/2805/2 1931/2533/2
f 1938/2795/4 1954/2802/4 1956/2801/4
f 1928/2832/4 1929/2537/4 1971/2796/4
f 1971/2796/4 1929/2537/4 1938/2795/4
f 1971/2796/4 1938/2795/4 1960/2797/4
f 1960/2797/252 1938/2795/252 1956/2801/252
f 1960/2797/4 1956/2801/4 1958/2800/4
f 1924/2537/2 1923/2832/2 1945/2795/2
f 1945/2795/2 1923/2832/2 1973/2796/2
f 1945/2795/2 1973/2796/2 1969/2797/2
f 1969/2797/248 1967/2800/248 1945/2795/248
f 1945/2795/246 1967/2800/246 1965/2801/246
f 1945/2795/244 1965/2801/244 1963/2802/244
f 1842/2831/4 1905/2806/4 1841/2533/4
f 1841/2533/4 1905/2806/4 1906/2805/4
f 1841/2533/4 1906/2805/4 1887/2810/4
f 1911/2808/4 1913/2807/4 1906/2805/4
f 1906/2805/4 1913/2807/4 1915/2809/4
f 1906/2805/4 1915/2809/4 1887/2810/4
f 1910/2806/2 1840/2831/2 1909/2805/2
f 1909/2805/2 1840/2831/2 1839/2533/2
f 1920/2807/2 1918/2808/2 1922/2809/2
f 1922/2809/2 1918/2808/2 1909/2805/2
f 1922/2809/2 1909/2805/2 1896/2810/2
f 1896/2810/2 1909/2805/2 1839/2533/2
f 1847/2795/4 1863/2802/4 1865/2801/4
f 1836/2832/4 1837/2537/4 1880/2796/4
f 1880/2796/4 1837/2537/4 1847/2795/4
f 1880/2796/4 1847/2795/4 1869/2797/4
f 1869/2797/4 1847/2795/4 1865/2801/4
f 1869/2797/4 1865/2801/4 1867/2800/4
f 1832/2537/2 1831/2832/2 1853/2795/2
f 1853/2795/2 1831/2832/2 1882/2796/2
f 1853/2795/2 1882/2796/2 1878/2797/2
f 1878/2797/2 1876/2800/2 1853/2795/2
f 1853/2795/2 1876/2800/2 1874/2801/2
f 1853/2795/2 1874/2801/2 1872/2802/2
f 1752/2831/4 1813/2806/4 1751/2533/4
f 1751/2533/4 1813/2806/4 1814/2805/4
f 1751/2533/4 1814/2805/4 1796/2810/4
f 1819/2808/4 1821/2807/4 1814/2805/4
f 1814/2805/252 1821/2807/252 1823/2809/252
f 1814/2805/251 1823/2809/251 1796/2810/251
f 1818/2806/2 1750/2831/2 1817/2805/2
f 1817/2805/2 1750/2831/2 1749/2533/2
f 1828/2807/2 1826/2808/2 1830/2809/2
f 1830/2809/2 1826/2808/2 1817/2805/2
f 1830/2809/2 1817/2805/2 1802/2810/2
f 1802/2810/2 1817/2805/2 1749/2533/2
f 1753/2795/249 1772/2802/249 1774/2801/249
f 1746/2832/4 1747/2537/4 1789/2796/4
f 1789/2796/4 1747/2537/4 1753/2795/4
f 1789/2796/4 1753/2795/4 1778/2797/4
f 1778/2797/4 1753/2795/4 1774/2801/4
f 1778/2797/4 1774/2801/4 1776/2800/4
f 1742/2537/2 1741/2832/2 1763/2795/2
f 1763/2795/2 1741/2832/2 1791/2796/2
f 1763/2795/2 1791/2796/2 1787/2797/2
f 1787/2797/248 1785/2800/248 1763/2795/248
f 1763/2795/246 1785/2800/246 1783/2801/246
f 1763/2795/2 1783/2801/2 1781/2802/2
f 3407/2833/1 3408/2834/1 3409/2835/1
f 3409/2835/1 3408/2834/1 3410/2836/1
f 3411/2837/1 3412/2838/1 3413/2839/1
f 3413/2839/1 3412/2838/1 3414/2840/1
f 3415/2841/1 3416/2842/1 3417/2843/1
f 3417/2843/1 3416/2842/1 3418/2844/1
f 3419/2845/1 3420/2846/1 3421/2847/1
f 3421/2847/1 3420/2846/1 3422/2848/1
f 3423/2849/1 3424/2850/1 3425/2851/1
f 3425/2851/1 3424/2850/1 3426/2852/1
f 3427/2853/1 3428/2854/1 3429/2855/1
f 3429/2855/1 3428/2854/1 3430/2856/1
f 3431/2857/1 3432/2858/1 3433/2859/1
f 3433/2859/1 3432/2858/1 3434/2860/1
f 3435/2861/1 3436/2862/1 3437/2863/1
f 3437/2863/1 3436/2862/1 3438/2864/1
f 3439/2865/1 3440/2866/1 3441/2867/1
f 3441/2867/1 3440/2866/1 3442/2868/1
f 3443/2869/1 3444/2870/1 3445/2871/1
f 3445/2871/1 3444/2870/1 3446/2872/1
f 3447/2873/1 3448/2874/1 3449/2875/1
f 3449/2875/1 3448/2874/1 3450/2876/1
f 3451/45/2 3448/46/2 3452/47/2
f 3452/47/2 3448/46/2 3447/48/2
f 3452/47/2 3447/48/2 3453/49/2
f 3454/1043/3 3455/1044/3 3456/1045/3
f 3457/1046/3 3458/1047/3 3459/1048/3
f 3459/1048/3 3458/1047/3 3460/1049/3
f 3459/1048/3 3460/1049/3 3408/1050/3
f 3408/1050/3 3460/1049/3 3410/1051/3
f 3457/1046/3 3450/1052/3 3458/1047/3
f 3458/1047/3 3450/1052/3 3448/1053/3
f 3458/1047/3 3448/1053/3 3451/1054/3
f 3456/1045/3 3461/1055/3 3454/1043/3
f 3454/1043/3 3461/1055/3 3462/1056/3
f 3454/1043/3 3462/1056/3 3463/1057/3
f 3463/1057/3 3462/1056/3 3443/1058/3
f 3463/1057/3 3443/1058/3 3445/1059/3
f 3445/1059/3 3464/1060/3 3463/1057/3
f 3463/1057/3 3464/1060/3 3465/1061/3
f 3463/1057/3 3465/1061/3 3466/1062/3
f 3439/1063/3 3441/1064/3 3467/1065/3
f 3465/1061/3 3439/1063/3 3466/1062/3
f 3466/1062/3 3439/1063/3 3467/1065/3
f 3466/1062/3 3467/1065/3 3468/1066/3
f 3468/1066/3 3467/1065/3 3469/1067/3
f 3468/1066/3 3469/1067/3 3435/1068/3
f 3470/1069/3 3471/1070/3 3472/1071/3
f 3472/1071/3 3471/1070/3 3468/1066/3
f 3472/1071/3 3468/1066/3 3437/1072/3
f 3437/1072/3 3468/1066/3 3435/1068/3
f 3431/1073/3 3433/1074/3 3473/1075/3
f 3470/1069/3 3431/1073/3 3471/1070/3
f 3471/1070/3 3431/1073/3 3473/1075/3
f 3471/1070/3 3473/1075/3 3474/1076/3
f 3474/1076/3 3473/1075/3 3475/1077/3
f 3474/1076/3 3475/1077/3 3427/1078/3
f 3427/1078/3 3429/1079/3 3474/1076/3
f 3474/1076/3 3429/1079/3 3476/1080/3
f 3474/1076/3 3476/1080/3 3477/1081/3
f 3477/1081/3 3476/1080/3 3478/1082/3
f 3477/1081/3 3478/1082/3 3423/1083/3
f 3423/1083/3 3425/1084/3 3479/1085/3
f 3423/1083/3 3479/1085/3 3477/1081/3
f 3477/1081/3 3479/1085/3 3480/1086/3
f 3477/1081/3 3480/1086/3 3481/1087/3
f 3419/1088/3 3421/1089/3 3480/1086/3
f 3480/1086/3 3421/1089/3 3482/1090/3
f 3480/1086/3 3482/1090/3 3481/1087/3
f 3481/1087/3 3482/1090/3 3483/1091/3
f 3481/1087/3 3483/1091/3 3415/1092/3
f 3415/1092/3 3417/1093/3 3481/1087/3
f 3481/1087/3 3417/1093/3 3484/1094/3
f 3481/1087/3 3484/1094/3 3485/1095/3
f 3485/1095/3 3484/1094/3 3486/1096/3
f 3485/1095/3 3486/1096/3 3411/1097/3
f 3411/1097/3 3413/1098/3 3485/1095/3
f 3485/1095/3 3413/1098/3 3487/1099/3
f 3485/1095/3 3487/1099/3 3460/1049/3
f 3460/1049/3 3487/1099/3 3488/1100/3
f 3460/1049/3 3488/1100/3 3410/1051/3
f 3489/49/4 3490/48/4 3491/47/4
f 3491/47/4 3490/48/4 3455/46/4
f 3491/47/4 3455/46/4 3454/45/4
f 3492/1047/5 3453/1054/5 3447/1053/5
f 3447/1053/5 3449/1052/5 3493/1046/5
f 3494/1095/5 3495/1049/5 3496/1100/5
f 3496/1100/5 3495/1049/5 3409/1051/5
f 3447/1053/5 3493/1046/5 3492/1047/5
f 3492/1047/5 3493/1046/5 3497/1048/5
f 3492/1047/5 3497/1048/5 3495/1049/5
f 3495/1049/5 3497/1048/5 3407/1050/5
f 3495/1049/5 3407/1050/5 3409/1051/5
f 3496/1100/5 3498/1099/5 3494/1095/5
f 3494/1095/5 3498/1099/5 3414/1098/5
f 3494/1095/5 3414/1098/5 3412/1097/5
f 3412/1097/5 3499/1096/5 3494/1095/5
f 3494/1095/5 3499/1096/5 3500/1094/5
f 3494/1095/5 3500/1094/5 3501/1087/5
f 3501/1087/5 3500/1094/5 3418/1093/5
f 3501/1087/5 3418/1093/5 3416/1092/5
f 3422/1089/5 3420/1088/5 3502/1090/5
f 3502/1090/5 3420/1088/5 3503/1086/5
f 3416/1092/5 3504/1091/5 3501/1087/5
f 3501/1087/5 3504/1091/5 3502/1090/5
f 3501/1087/5 3502/1090/5 3505/1081/5
f 3505/1081/5 3502/1090/5 3503/1086/5
f 3503/1086/5 3506/1085/5 3505/1081/5
f 3505/1081/5 3506/1085/5 3426/1084/5
f 3505/1081/5 3426/1084/5 3424/1083/5
f 3424/1083/5 3507/1082/5 3505/1081/5
f 3505/1081/5 3507/1082/5 3508/1080/5
f 3505/1081/5 3508/1080/5 3509/1076/5
f 3509/1076/5 3508/1080/5 3430/1079/5
f 3509/1076/5 3430/1079/5 3428/1078/5
f 3428/1078/5 3510/1077/5 3509/1076/5
f 3509/1076/5 3510/1077/5 3511/1075/5
f 3509/1076/5 3511/1075/5 3512/1070/5
f 3512/1070/5 3511/1075/5 3434/1074/5
f 3512/1070/5 3434/1074/5 3432/1073/5
f 3432/1073/5 3513/1069/5 3512/1070/5
f 3512/1070/5 3513/1069/5 3514/1071/5
f 3512/1070/5 3514/1071/5 3515/1066/5
f 3515/1066/5 3514/1071/5 3438/1072/5
f 3515/1066/5 3438/1072/5 3436/1068/5
f 3436/1068/5 3516/1067/5 3515/1066/5
f 3515/1066/5 3516/1067/5 3517/1065/5
f 3515/1066/5 3517/1065/5 3518/1062/5
f 3442/1064/5 3440/1063/5 3519/1061/5
f 3520/1060/5 3521/1057/5 3519/1061/5
f 3519/1061/5 3521/1057/5 3518/1062/5
f 3519/1061/5 3518/1062/5 3442/1064/5
f 3442/1064/5 3518/1062/5 3517/1065/5
f 3446/1059/5 3444/1058/5 3522/1056/5
f 3523/1045/5 3490/1044/5 3524/1055/5
f 3524/1055/5 3490/1044/5 3489/1043/5
f 3524/1055/5 3489/1043/5 3522/1056/5
f 3522/1056/5 3489/1043/5 3521/1057/5
f 3522/1056/5 3521/1057/5 3446/1059/5
f 3446/1059/5 3521/1057/5 3520/1060/5
f 3455/2877/1 3490/2878/1 3456/2879/1
f 3456/2879/1 3490/2878/1 3523/2880/1
f 3451/2874/6 3452/2881/6 3458/2882/6
f 3458/2882/6 3452/2881/6 3525/2883/6
f 3458/2882/6 3525/2883/6 3460/2884/6
f 3460/2884/6 3525/2883/6 3526/2885/6
f 3460/2884/6 3526/2885/6 3485/2886/6
f 3485/2886/6 3526/2885/6 3527/2887/6
f 3485/2886/6 3527/2887/6 3481/2888/6
f 3481/2888/6 3527/2887/6 3528/2889/6
f 3481/2888/6 3528/2889/6 3477/2890/6
f 3477/2890/6 3528/2889/6 3529/2891/6
f 3477/2890/6 3529/2891/6 3474/2892/6
f 3474/2892/6 3529/2891/6 3530/2893/6
f 3474/2892/6 3530/2893/6 3471/2894/6
f 3471/2894/6 3530/2893/6 3531/2895/6
f 3471/2894/6 3531/2895/6 3468/2896/6
f 3468/2896/6 3531/2895/6 3532/2897/6
f 3468/2896/6 3532/2897/6 3466/2898/6
f 3466/2898/6 3532/2897/6 3533/2899/6
f 3466/2898/6 3533/2899/6 3463/2900/6
f 3463/2900/6 3533/2899/6 3534/2901/6
f 3463/2900/6 3534/2901/6 3454/2877/6
f 3454/2877/6 3534/2901/6 3491/2902/6
f 3535/2903/6 3536/2904/6 3534/2901/6
f 3534/2901/6 3536/2904/6 3537/2905/6
f 3538/2906/6 3489/2878/6 3539/2907/6
f 3539/2907/6 3489/2878/6 3491/2902/6
f 3539/2907/6 3491/2902/6 3540/2908/6
f 3537/2905/6 3541/2909/6 3534/2901/6
f 3534/2901/6 3541/2909/6 3542/2910/6
f 3534/2901/6 3542/2910/6 3491/2902/6
f 3491/2902/6 3542/2910/6 3543/2911/6
f 3491/2902/6 3543/2911/6 3540/2908/6
f 3538/2906/6 3544/2912/6 3489/2878/6
f 3489/2878/6 3544/2912/6 3545/2913/6
f 3489/2878/6 3545/2913/6 3521/2914/6
f 3521/2914/6 3545/2913/6 3546/2915/6
f 3521/2914/6 3546/2915/6 3535/2903/6
f 3547/2916/6 3548/2917/6 3534/2901/6
f 3549/2918/6 3550/2919/6 3533/2899/6
f 3533/2899/6 3550/2919/6 3551/2920/6
f 3535/2903/6 3534/2901/6 3521/2914/6
f 3521/2914/6 3534/2901/6 3548/2917/6
f 3521/2914/6 3548/2917/6 3552/2921/6
f 3551/2920/6 3553/2922/6 3533/2899/6
f 3533/2899/6 3553/2922/6 3554/2923/6
f 3533/2899/6 3554/2923/6 3534/2901/6
f 3534/2901/6 3554/2923/6 3555/2924/6
f 3534/2901/6 3555/2924/6 3547/2916/6
f 3552/2921/6 3556/2925/6 3521/2914/6
f 3521/2914/6 3556/2925/6 3557/2926/6
f 3521/2914/6 3557/2926/6 3518/2927/6
f 3518/2927/6 3557/2926/6 3558/2928/6
f 3518/2927/6 3558/2928/6 3549/2918/6
f 3559/2929/6 3560/2930/6 3533/2899/6
f 3561/2931/6 3562/2932/6 3532/2897/6
f 3532/2897/6 3562/2932/6 3563/2933/6
f 3549/2918/6 3533/2899/6 3518/2927/6
f 3518/2927/6 3533/2899/6 3560/2930/6
f 3518/2927/6 3560/2930/6 3564/2934/6
f 3563/2933/6 3565/2935/6 3532/2897/6
f 3532/2897/6 3565/2935/6 3566/2936/6
f 3532/2897/6 3566/2936/6 3533/2899/6
f 3533/2899/6 3566/2936/6 3567/2937/6
f 3533/2899/6 3567/2937/6 3559/2929/6
f 3564/2934/6 3568/2938/6 3518/2927/6
f 3518/2927/6 3568/2938/6 3569/2939/6
f 3518/2927/6 3569/2939/6 3515/2940/6
f 3515/2940/6 3569/2939/6 3570/2941/6
f 3515/2940/6 3570/2941/6 3561/2931/6
f 3571/2942/6 3572/2943/6 3531/2895/6
f 3531/2895/6 3572/2943/6 3573/2944/6
f 3532/2897/6 3574/2945/6 3575/2946/6
f 3561/2931/6 3532/2897/6 3515/2940/6
f 3515/2940/6 3532/2897/6 3575/2946/6
f 3515/2940/6 3575/2946/6 3576/2947/6
f 3573/2944/6 3577/2948/6 3531/2895/6
f 3531/2895/6 3577/2948/6 3578/2949/6
f 3531/2895/6 3578/2949/6 3532/2897/6
f 3532/2897/6 3578/2949/6 3579/2950/6
f 3532/2897/6 3579/2950/6 3574/2945/6
f 3576/2947/6 3580/2951/6 3515/2940/6
f 3515/2940/6 3580/2951/6 3581/2952/6
f 3515/2940/6 3581/2952/6 3512/2953/6
f 3512/2953/6 3581/2952/6 3582/2954/6
f 3512/2953/6 3582/2954/6 3571/2942/6
f 3583/2955/6 3584/2956/6 3530/2893/6
f 3530/2893/6 3584/2956/6 3585/2957/6
f 3531/2895/6 3586/2958/6 3587/2959/6
f 3571/2942/6 3531/2895/6 3512/2953/6
f 3512/2953/6 3531/2895/6 3587/2959/6
f 3512/2953/6 3587/2959/6 3588/2960/6
f 3585/2957/6 3589/2961/6 3530/2893/6
f 3530/2893/6 3589/2961/6 3590/2962/6
f 3530/2893/6 3590/2962/6 3531/2895/6
f 3531/2895/6 3590/2962/6 3591/2963/6
f 3531/2895/6 3591/2963/6 3586/2958/6
f 3588/2960/6 3592/2964/6 3512/2953/6
f 3512/2953/6 3592/2964/6 3593/2965/6
f 3512/2953/6 3593/2965/6 3509/2966/6
f 3509/2966/6 3593/2965/6 3594/2967/6
f 3509/2966/6 3594/2967/6 3583/2955/6
f 3595/2968/6 3596/2969/6 3529/2891/6
f 3529/2891/6 3596/2969/6 3597/2970/6
f 3530/2893/6 3598/2971/6 3599/2972/6
f 3583/2955/6 3530/2893/6 3509/2966/6
f 3509/2966/6 3530/2893/6 3599/2972/6
f 3509/2966/6 3599/2972/6 3600/2973/6
f 3597/2970/6 3601/2974/6 3529/2891/6
f 3529/2891/6 3601/2974/6 3602/2975/6
f 3529/2891/6 3602/2975/6 3530/2893/6
f 3530/2893/6 3602/2975/6 3603/2976/6
f 3530/2893/6 3603/2976/6 3598/2971/6
f 3600/2973/6 3604/2977/6 3509/2966/6
f 3509/2966/6 3604/2977/6 3605/2978/6
f 3509/2966/6 3605/2978/6 3505/2979/6
f 3505/2979/6 3605/2978/6 3606/2980/6
f 3505/2979/6 3606/2980/6 3595/2968/6
f 3529/2891/6 3607/2981/6 3608/2982/6
f 3609/2983/6 3610/2984/6 3528/2889/6
f 3528/2889/6 3610/2984/6 3611/2985/6
f 3595/2968/6 3529/2891/6 3505/2979/6
f 3505/2979/6 3529/2891/6 3608/2982/6
f 3505/2979/6 3608/2982/6 3612/2986/6
f 3613/2987/6 3614/2988/6 3528/2889/6
f 3528/2889/6 3614/2988/6 3615/2989/6
f 3528/2889/6 3615/2989/6 3529/2891/6
f 3529/2891/6 3615/2989/6 3616/2990/6
f 3529/2891/6 3616/2990/6 3607/2981/6
f 3611/2985/6 3617/2991/6 3528/2889/6
f 3528/2889/6 3617/2991/6 3618/2992/6
f 3528/2889/6 3618/2992/6 3613/2987/6
f 3612/2986/6 3619/2993/6 3505/2979/6
f 3505/2979/6 3619/2993/6 3620/2994/6
f 3505/2979/6 3620/2994/6 3501/2995/6
f 3501/2995/6 3620/2994/6 3621/2996/6
f 3501/2995/6 3621/2996/6 3622/2997/6
f 3618/2992/6 3623/2998/6 3613/2987/6
f 3613/2987/6 3623/2998/6 3624/2999/6
f 3613/2987/6 3624/2999/6 3625/3000/6
f 3625/3000/6 3624/2999/6 3626/3001/6
f 3625/3000/6 3626/3001/6 3622/2997/6
f 3622/2997/6 3626/3001/6 3627/3002/6
f 3627/3002/6 3628/3003/6 3622/2997/6
f 3622/2997/6 3628/3003/6 3629/3004/6
f 3622/2997/6 3629/3004/6 3501/2995/6
f 3501/2995/6 3629/3004/6 3630/3005/6
f 3501/2995/6 3630/3005/6 3609/2983/6
f 3631/3006/6 3632/3007/6 3528/2889/6
f 3609/2983/6 3528/2889/6 3501/2995/6
f 3501/2995/6 3528/2889/6 3632/3007/6
f 3501/2995/6 3632/3007/6 3633/3008/6
f 3634/3009/6 3635/3010/6 3527/2887/6
f 3527/2887/6 3635/3010/6 3636/3011/6
f 3527/2887/6 3636/3011/6 3528/2889/6
f 3528/2889/6 3636/3011/6 3637/3012/6
f 3528/2889/6 3637/3012/6 3631/3006/6
f 3633/3008/6 3638/3013/6 3501/2995/6
f 3501/2995/6 3638/3013/6 3639/3014/6
f 3501/2995/6 3639/3014/6 3494/3015/6
f 3639/3014/6 3640/3016/6 3494/3015/6
f 3494/3015/6 3640/3016/6 3641/3017/6
f 3494/3015/6 3641/3017/6 3527/2887/6
f 3527/2887/6 3641/3017/6 3642/3018/6
f 3527/2887/6 3642/3018/6 3634/3009/6
f 3643/3019/6 3644/3020/6 3494/3015/6
f 3494/3015/6 3644/3020/6 3495/3021/6
f 3645/3022/6 3527/2887/6 3646/3023/6
f 3646/3023/6 3527/2887/6 3526/2885/6
f 3646/3023/6 3526/2885/6 3647/3024/6
f 3647/3024/6 3526/2885/6 3648/3025/6
f 3645/3022/6 3649/3026/6 3527/2887/6
f 3527/2887/6 3649/3026/6 3650/3027/6
f 3527/2887/6 3650/3027/6 3494/3015/6
f 3494/3015/6 3650/3027/6 3651/3028/6
f 3494/3015/6 3651/3028/6 3643/3019/6
f 3644/3020/6 3652/3029/6 3495/3021/6
f 3495/3021/6 3652/3029/6 3653/3030/6
f 3495/3021/6 3653/3030/6 3526/2885/6
f 3526/2885/6 3653/3030/6 3654/3031/6
f 3526/2885/6 3654/3031/6 3648/3025/6
f 3655/3032/6 3656/3033/6 3525/2883/6
f 3525/2883/6 3656/3033/6 3657/3034/6
f 3658/3035/6 3492/3036/6 3659/3037/6
f 3659/3037/6 3492/3036/6 3495/3021/6
f 3659/3037/6 3495/3021/6 3660/3038/6
f 3661/3039/6 3526/2885/6 3662/3040/6
f 3662/3040/6 3526/2885/6 3525/2883/6
f 3662/3040/6 3525/2883/6 3663/3041/6
f 3663/3041/6 3525/2883/6 3657/3034/6
f 3661/3039/6 3664/3042/6 3526/2885/6
f 3526/2885/6 3664/3042/6 3665/3043/6
f 3526/2885/6 3665/3043/6 3495/3021/6
f 3495/3021/6 3665/3043/6 3666/3044/6
f 3495/3021/6 3666/3044/6 3660/3038/6
f 3452/2881/6 3453/2873/6 3525/2883/6
f 3525/2883/6 3453/2873/6 3492/3036/6
f 3525/2883/6 3492/3036/6 3655/3032/6
f 3655/3032/6 3492/3036/6 3658/3035/6
f 3667/3038/1 3497/2833/1 3668/3037/1
f 3668/3037/1 3497/2833/1 3493/2875/1
f 3668/3037/1 3493/2875/1 3669/3035/1
f 3667/3038/1 3670/3044/1 3497/2833/1
f 3497/2833/1 3670/3044/1 3671/3043/1
f 3497/2833/1 3671/3043/1 3459/2834/1
f 3671/3043/1 3672/3042/1 3459/2834/1
f 3459/2834/1 3672/3042/1 3673/3039/1
f 3459/2834/1 3673/3039/1 3457/2876/1
f 3457/2876/1 3673/3039/1 3674/3040/1
f 3457/2876/1 3674/3040/1 3675/3041/1
f 3675/3041/1 3676/3034/1 3457/2876/1
f 3457/2876/1 3676/3034/1 3677/3033/1
f 3457/2876/1 3677/3033/1 3493/2875/1
f 3493/2875/1 3677/3033/1 3678/3032/1
f 3493/2875/1 3678/3032/1 3669/3035/1
f 3449/48/4 3450/46/4 3493/276/4
f 3493/276/4 3450/46/4 3457/277/4
f 3497/276/2 3459/277/2 3407/48/2
f 3407/48/2 3459/277/2 3408/46/2
f 3665/278/7 3671/279/7 3666/280/7
f 3666/280/23 3671/279/23 3670/281/23
f 3666/1269/9 3670/1270/9 3660/1271/9
f 3660/1271/27 3670/1270/27 3667/1272/27
f 3660/1271/10 3667/1272/10 3659/1273/10
f 3659/1273/10 3667/1272/10 3668/1274/10
f 3659/1273/11 3668/1274/11 3658/1275/11
f 3658/1275/11 3668/1274/11 3669/1276/11
f 3658/1275/12 3669/1276/12 3655/1277/12
f 3655/1277/12 3669/1276/12 3678/1278/12
f 3655/280/13 3678/281/13 3656/278/13
f 3656/278/14 3678/281/14 3677/279/14
f 3656/278/15 3677/279/15 3657/292/15
f 3657/292/16 3677/279/16 3676/293/16
f 3657/1277/17 3676/1278/17 3663/1275/17
f 3663/1275/17 3676/1278/17 3675/1276/17
f 3663/1275/18 3675/1276/18 3662/1273/18
f 3662/1273/18 3675/1276/18 3674/1274/18
f 3662/1273/19 3674/1274/19 3661/1271/19
f 3661/1271/19 3674/1274/19 3673/1272/19
f 3661/1271/30 3673/1272/30 3664/1269/30
f 3664/1269/20 3673/1272/20 3672/1270/20
f 3664/292/26 3672/293/26 3665/278/26
f 3665/278/22 3672/293/22 3671/279/22
f 3679/2908/1 3461/2879/1 3680/2907/1
f 3680/2907/1 3461/2879/1 3524/2880/1
f 3680/2907/1 3524/2880/1 3681/2906/1
f 3682/2909/1 3462/2869/1 3683/2910/1
f 3683/2910/1 3462/2869/1 3461/2879/1
f 3683/2910/1 3461/2879/1 3684/2911/1
f 3684/2911/1 3461/2879/1 3679/2908/1
f 3685/2903/1 3522/2870/1 3686/2904/1
f 3686/2904/1 3522/2870/1 3462/2869/1
f 3686/2904/1 3462/2869/1 3687/2905/1
f 3687/2905/1 3462/2869/1 3682/2909/1
f 3685/2903/1 3688/2915/1 3522/2870/1
f 3522/2870/1 3688/2915/1 3689/2913/1
f 3522/2870/1 3689/2913/1 3524/2880/1
f 3524/2880/1 3689/2913/1 3690/2912/1
f 3524/2880/1 3690/2912/1 3681/2906/1
f 3444/48/4 3443/46/4 3522/276/4
f 3522/276/4 3443/46/4 3462/277/4
f 3524/276/2 3461/277/2 3523/48/2
f 3523/48/2 3461/277/2 3456/46/2
f 3691/2916/1 3464/2871/1 3692/2917/1
f 3692/2917/1 3464/2871/1 3520/2872/1
f 3692/2917/1 3520/2872/1 3693/2921/1
f 3694/2922/1 3465/2865/1 3695/2923/1
f 3695/2923/1 3465/2865/1 3464/2871/1
f 3695/2923/1 3464/2871/1 3696/2924/1
f 3696/2924/1 3464/2871/1 3691/2916/1
f 3697/2918/1 3519/2866/1 3698/2919/1
f 3698/2919/1 3519/2866/1 3465/2865/1
f 3698/2919/1 3465/2865/1 3699/2920/1
f 3699/2920/1 3465/2865/1 3694/2922/1
f 3697/2918/1 3700/2928/1 3519/2866/1
f 3519/2866/1 3700/2928/1 3701/2926/1
f 3519/2866/1 3701/2926/1 3520/2872/1
f 3520/2872/1 3701/2926/1 3702/2925/1
f 3520/2872/1 3702/2925/1 3693/2921/1
f 3440/48/4 3439/46/4 3519/276/4
f 3519/276/4 3439/46/4 3465/277/4
f 3520/276/2 3464/277/2 3446/48/2
f 3446/48/2 3464/277/2 3445/46/2
f 3703/2929/1 3467/2867/1 3704/2930/1
f 3704/2930/1 3467/2867/1 3517/2868/1
f 3704/2930/1 3517/2868/1 3705/2934/1
f 3705/2934/1 3517/2868/1 3706/2938/1
f 3707/2935/1 3469/2861/1 3708/2936/1
f 3708/2936/1 3469/2861/1 3467/2867/1
f 3708/2936/1 3467/2867/1 3709/2937/1
f 3709/2937/1 3467/2867/1 3703/2929/1
f 3707/2935/1 3710/2933/1 3469/2861/1
f 3469/2861/1 3710/2933/1 3711/2932/1
f 3469/2861/1 3711/2932/1 3516/2862/1
f 3711/2932/1 3712/2931/1 3516/2862/1
f 3516/2862/1 3712/2931/1 3713/2941/1
f 3516/2862/1 3713/2941/1 3517/2868/1
f 3517/2868/1 3713/2941/1 3714/2939/1
f 3517/2868/1 3714/2939/1 3706/2938/1
f 3436/48/4 3435/46/4 3516/276/4
f 3516/276/4 3435/46/4 3469/277/4
f 3517/276/2 3467/277/2 3442/48/2
f 3442/48/2 3467/277/2 3441/46/2
f 3715/2945/1 3472/2863/1 3716/2946/1
f 3716/2946/1 3472/2863/1 3514/2864/1
f 3716/2946/1 3514/2864/1 3717/2947/1
f 3717/2947/1 3514/2864/1 3718/2951/1
f 3513/2858/1 3470/2857/1 3719/2943/1
f 3719/2943/1 3470/2857/1 3720/2944/1
f 3719/2943/1 3721/2942/1 3513/2858/1
f 3513/2858/1 3721/2942/1 3722/2954/1
f 3513/2858/1 3722/2954/1 3514/2864/1
f 3514/2864/1 3722/2954/1 3723/2952/1
f 3514/2864/1 3723/2952/1 3718/2951/1
f 3715/2945/1 3724/2950/1 3472/2863/1
f 3472/2863/1 3724/2950/1 3725/2949/1
f 3472/2863/1 3725/2949/1 3470/2857/1
f 3470/2857/1 3725/2949/1 3726/2948/1
f 3470/2857/1 3726/2948/1 3720/2944/1
f 3432/48/4 3431/46/4 3513/276/4
f 3513/276/4 3431/46/4 3470/277/4
f 3514/276/2 3472/277/2 3438/48/2
f 3438/48/2 3472/277/2 3437/46/2
f 3727/2958/1 3473/2859/1 3728/2959/1
f 3728/2959/1 3473/2859/1 3511/2860/1
f 3728/2959/1 3511/2860/1 3729/2960/1
f 3729/2960/1 3511/2860/1 3730/2964/1
f 3510/2854/1 3475/2853/1 3731/2956/1
f 3731/2956/1 3475/2853/1 3732/2957/1
f 3731/2956/1 3733/2955/1 3510/2854/1
f 3510/2854/1 3733/2955/1 3734/2967/1
f 3510/2854/1 3734/2967/1 3511/2860/1
f 3511/2860/1 3734/2967/1 3735/2965/1
f 3511/2860/1 3735/2965/1 3730/2964/1
f 3727/2958/1 3736/2963/1 3473/2859/1
f 3473/2859/1 3736/2963/1 3737/2962/1
f 3473/2859/1 3737/2962/1 3475/2853/1
f 3475/2853/1 3737/2962/1 3738/2961/1
f 3475/2853/1 3738/2961/1 3732/2957/1
f 3428/48/4 3427/46/4 3510/276/4
f 3510/276/4 3427/46/4 3475/277/4
f 3511/276/2 3473/277/2 3434/48/2
f 3434/48/2 3473/277/2 3433/46/2
f 3739/2971/1 3476/2855/1 3740/2972/1
f 3740/2972/1 3476/2855/1 3508/2856/1
f 3740/2972/1 3508/2856/1 3741/2973/1
f 3741/2973/1 3508/2856/1 3742/2977/1
f 3507/2850/1 3478/2849/1 3743/2969/1
f 3743/2969/1 3478/2849/1 3744/2970/1
f 3743/2969/1 3745/2968/1 3507/2850/1
f 3507/2850/1 3745/2968/1 3746/2980/1
f 3507/2850/1 3746/2980/1 3508/2856/1
f 3508/2856/1 3746/2980/1 3747/2978/1
f 3508/2856/1 3747/2978/1 3742/2977/1
f 3739/2971/1 3748/2976/1 3476/2855/1
f 3476/2855/1 3748/2976/1 3749/2975/1
f 3476/2855/1 3749/2975/1 3478/2849/1
f 3478/2849/1 3749/2975/1 3750/2974/1
f 3478/2849/1 3750/2974/1 3744/2970/1
f 3424/48/4 3423/46/4 3507/276/4
f 3507/276/4 3423/46/4 3478/277/4
f 3508/276/2 3476/277/2 3430/48/2
f 3430/48/2 3476/277/2 3429/46/2
f 3751/2981/1 3479/2851/1 3752/2982/1
f 3752/2982/1 3479/2851/1 3506/2852/1
f 3752/2982/1 3506/2852/1 3753/2986/1
f 3753/2986/1 3506/2852/1 3754/2993/1
f 3503/2846/1 3480/2845/1 3755/3000/1
f 3755/3000/1 3480/2845/1 3756/2987/1
f 3755/3000/1 3757/2997/1 3503/2846/1
f 3503/2846/1 3757/2997/1 3758/2996/1
f 3503/2846/1 3758/2996/1 3506/2852/1
f 3506/2852/1 3758/2996/1 3759/2994/1
f 3506/2852/1 3759/2994/1 3754/2993/1
f 3751/2981/1 3760/2990/1 3479/2851/1
f 3479/2851/1 3760/2990/1 3761/2989/1
f 3479/2851/1 3761/2989/1 3480/2845/1
f 3480/2845/1 3761/2989/1 3762/2988/1
f 3480/2845/1 3762/2988/1 3756/2987/1
f 3420/48/4 3419/46/4 3503/276/4
f 3503/276/4 3419/46/4 3480/277/4
f 3506/276/2 3479/277/2 3426/48/2
f 3426/48/2 3479/277/2 3425/46/2
f 3763/3002/1 3764/3001/1 3502/2848/1
f 3765/2991/1 3766/2985/1 3483/2841/1
f 3483/2841/1 3766/2985/1 3767/2984/1
f 3483/2841/1 3767/2984/1 3504/2842/1
f 3504/2842/1 3767/2984/1 3768/2983/1
f 3502/2848/1 3764/3001/1 3482/2847/1
f 3764/3001/1 3769/2999/1 3482/2847/1
f 3482/2847/1 3769/2999/1 3770/2998/1
f 3482/2847/1 3770/2998/1 3483/2841/1
f 3483/2841/1 3770/2998/1 3771/2992/1
f 3483/2841/1 3771/2992/1 3765/2991/1
f 3768/2983/1 3772/3005/1 3504/2842/1
f 3504/2842/1 3772/3005/1 3773/3004/1
f 3504/2842/1 3773/3004/1 3502/2848/1
f 3502/2848/1 3773/3004/1 3774/3003/1
f 3502/2848/1 3774/3003/1 3763/3002/1
f 3416/48/4 3415/46/4 3504/276/4
f 3504/276/4 3415/46/4 3483/277/4
f 3502/276/2 3482/277/2 3422/48/2
f 3422/48/2 3482/277/2 3421/46/2
f 3775/3008/1 3776/3007/1 3500/2844/1
f 3777/3010/1 3778/3009/1 3486/2837/1
f 3486/2837/1 3778/3009/1 3779/3018/1
f 3486/2837/1 3779/3018/1 3499/2838/1
f 3499/2838/1 3779/3018/1 3780/3017/1
f 3500/2844/1 3776/3007/1 3484/2843/1
f 3776/3007/1 3781/3006/1 3484/2843/1
f 3484/2843/1 3781/3006/1 3782/3012/1
f 3484/2843/1 3782/3012/1 3486/2837/1
f 3486/2837/1 3782/3012/1 3783/3011/1
f 3486/2837/1 3783/3011/1 3777/3010/1
f 3780/3017/1 3784/3016/1 3499/2838/1
f 3499/2838/1 3784/3016/1 3785/3014/1
f 3499/2838/1 3785/3014/1 3500/2844/1
f 3500/2844/1 3785/3014/1 3786/3013/1
f 3500/2844/1 3786/3013/1 3775/3008/1
f 3412/48/4 3411/46/4 3499/276/4
f 3499/276/4 3411/46/4 3486/277/4
f 3500/276/2 3484/277/2 3418/48/2
f 3418/48/2 3484/277/2 3417/46/2
f 3787/3028/1 3788/3027/1 3498/2840/1
f 3498/2840/1 3788/3027/1 3487/2839/1
f 3789/3024/1 3790/3025/1 3488/2836/1
f 3488/2836/1 3790/3025/1 3791/3031/1
f 3488/2836/1 3791/3031/1 3496/2835/1
f 3496/2835/1 3791/3031/1 3792/3030/1
f 3792/3030/1 3793/3029/1 3496/2835/1
f 3496/2835/1 3793/3029/1 3794/3020/1
f 3496/2835/1 3794/3020/1 3498/2840/1
f 3498/2840/1 3794/3020/1 3795/3019/1
f 3498/2840/1 3795/3019/1 3787/3028/1
f 3788/3027/1 3796/3026/1 3487/2839/1
f 3487/2839/1 3796/3026/1 3797/3022/1
f 3487/2839/1 3797/3022/1 3488/2836/1
f 3488/2836/1 3797/3022/1 3798/3023/1
f 3488/2836/1 3798/3023/1 3789/3024/1
f 3409/48/4 3410/46/4 3496/276/4
f 3496/276/4 3410/46/4 3488/277/4
f 3498/276/2 3487/277/2 3414/48/2
f 3414/48/2 3487/277/2 3413/46/2
f 3650/278/23 3788/279/23 3651/280/23
f 3651/280/7 3788/279/7 3787/281/7
f 3651/1279/9 3787/1280/9 3643/1281/9
f 3643/1281/9 3787/1280/9 3795/1282/9
f 3643/1281/10 3795/1282/10 3644/1283/10
f 3644/1283/10 3795/1282/10 3794/1284/10
f 3644/1283/11 3794/1284/11 3652/1285/11
f 3652/1285/11 3794/1284/11 3793/1286/11
f 3652/1285/32 3793/1286/32 3653/1287/32
f 3653/1287/12 3793/1286/12 3792/1288/12
f 3653/280/24 3792/281/24 3654/278/24
f 3654/278/13 3792/281/13 3791/279/13
f 3654/278/16 3791/279/16 3648/292/16
f 3648/292/25 3791/279/25 3790/293/25
f 3648/1287/17 3790/1288/17 3647/1285/17
f 3647/1285/33 3790/1288/33 3789/1286/33
f 3647/1285/18 3789/1286/18 3646/1283/18
f 3646/1283/18 3789/1286/18 3798/1284/18
f 3646/1283/19 3798/1284/19 3645/1281/19
f 3645/1281/19 3798/1284/19 3797/1282/19
f 3645/1281/20 3797/1282/20 3649/1279/20
f 3649/1279/20 3797/1282/20 3796/1280/20
f 3649/292/22 3796/293/22 3650/278/22
f 3650/278/26 3796/293/26 3788/279/26
f 3632/278/23 3776/279/23 3633/280/23
f 3633/280/7 3776/279/7 3775/281/7
f 3633/1289/27 3775/1290/27 3638/1291/27
f 3638/1291/9 3775/1290/9 3786/1292/9
f 3638/1291/10 3786/1292/10 3639/1293/10
f 3639/1293/10 3786/1292/10 3785/1294/10
f 3639/1293/11 3785/1294/11 3640/1295/11
f 3640/1295/11 3785/1294/11 3784/1296/11
f 3640/1295/28 3784/1296/28 3641/1297/28
f 3641/1297/12 3784/1296/12 3780/1298/12
f 3641/280/14 3780/281/14 3642/278/14
f 3642/278/13 3780/281/13 3779/279/13
f 3642/278/16 3779/279/16 3634/292/16
f 3634/292/15 3779/279/15 3778/293/15
f 3634/1297/17 3778/1298/17 3635/1295/17
f 3635/1295/29 3778/1298/29 3777/1296/29
f 3635/1295/18 3777/1296/18 3636/1293/18
f 3636/1293/18 3777/1296/18 3783/1294/18
f 3636/1293/19 3783/1294/19 3637/1291/19
f 3637/1291/19 3783/1294/19 3782/1292/19
f 3637/1291/20 3782/1292/20 3631/1289/20
f 3631/1289/30 3782/1292/30 3781/1290/30
f 3631/292/22 3781/293/22 3632/278/22
f 3632/278/26 3781/293/26 3776/279/26
f 3626/278/23 3764/279/23 3627/280/23
f 3627/280/23 3764/279/23 3763/281/23
f 3627/1299/31 3763/1300/31 3628/1301/31
f 3628/1301/9 3763/1300/9 3774/1302/9
f 3628/1301/10 3774/1302/10 3629/1303/10
f 3629/1303/10 3774/1302/10 3773/1304/10
f 3629/1303/11 3773/1304/11 3630/1305/11
f 3630/1305/11 3773/1304/11 3772/1306/11
f 3630/1305/28 3772/1306/28 3609/1307/28
f 3609/1307/32 3772/1306/32 3768/1308/32
f 3609/280/24 3768/281/24 3610/278/24
f 3610/278/13 3768/281/13 3767/279/13
f 3610/278/16 3767/279/16 3611/292/16
f 3611/292/25 3767/279/25 3766/293/25
f 3611/1307/33 3766/1308/33 3617/1305/33
f 3617/1305/29 3766/1308/29 3765/1306/29
f 3617/1305/18 3765/1306/18 3618/1303/18
f 3618/1303/18 3765/1306/18 3771/1304/18
f 3618/1303/19 3771/1304/19 3623/1301/19
f 3623/1301/19 3771/1304/19 3770/1302/19
f 3623/1301/20 3770/1302/20 3624/1299/20
f 3624/1299/34 3770/1302/34 3769/1300/34
f 3624/292/26 3769/293/26 3626/278/26
f 3626/278/26 3769/293/26 3764/279/26
f 3608/278/23 3752/279/23 3612/280/23
f 3612/280/23 3752/279/23 3753/281/23
f 3612/1309/31 3753/1310/31 3619/1311/31
f 3619/1311/27 3753/1310/27 3754/1312/27
f 3619/1311/10 3754/1312/10 3620/1313/10
f 3620/1313/10 3754/1312/10 3759/1314/10
f 3620/1313/11 3759/1314/11 3621/1315/11
f 3621/1315/11 3759/1314/11 3758/1316/11
f 3621/1315/28 3758/1316/28 3622/1317/28
f 3622/1317/12 3758/1316/12 3757/1318/12
f 3622/280/24 3757/281/24 3625/278/24
f 3625/278/14 3757/281/14 3755/279/14
f 3625/278/15 3755/279/15 3613/292/15
f 3613/292/25 3755/279/25 3756/293/25
f 3613/1317/17 3756/1318/17 3614/1315/17
f 3614/1315/29 3756/1318/29 3762/1316/29
f 3614/1315/18 3762/1316/18 3615/1313/18
f 3615/1313/18 3762/1316/18 3761/1314/18
f 3615/1313/19 3761/1314/19 3616/1311/19
f 3616/1311/19 3761/1314/19 3760/1312/19
f 3616/1311/30 3760/1312/30 3607/1309/30
f 3607/1309/34 3760/1312/34 3751/1310/34
f 3607/292/26 3751/293/26 3608/278/26
f 3608/278/26 3751/293/26 3752/279/26
f 3599/278/8 3740/279/8 3600/280/8
f 3600/280/23 3740/279/23 3741/281/23
f 3600/1319/31 3741/1320/31 3604/1321/31
f 3604/1321/9 3741/1320/9 3742/1322/9
f 3604/1321/10 3742/1322/10 3605/1323/10
f 3605/1323/10 3742/1322/10 3747/1324/10
f 3605/1323/11 3747/1324/11 3606/1325/11
f 3606/1325/11 3747/1324/11 3746/1326/11
f 3606/1325/32 3746/1326/32 3595/1327/32
f 3595/1327/28 3746/1326/28 3745/1328/28
f 3595/280/24 3745/281/24 3596/278/24
f 3596/278/24 3745/281/24 3743/279/24
f 3596/278/25 3743/279/25 3597/292/25
f 3597/292/25 3743/279/25 3744/293/25
f 3597/1327/29 3744/1328/29 3601/1325/29
f 3601/1325/33 3744/1328/33 3750/1326/33
f 3601/1325/18 3750/1326/18 3602/1323/18
f 3602/1323/18 3750/1326/18 3749/1324/18
f 3602/1323/19 3749/1324/19 3603/1321/19
f 3603/1321/19 3749/1324/19 3748/1322/19
f 3603/1321/20 3748/1322/20 3598/1319/20
f 3598/1319/34 3748/1322/34 3739/1320/34
f 3598/292/26 3739/293/26 3599/278/26
f 3599/278/21 3739/293/21 3740/279/21
f 3587/278/23 3728/279/23 3588/280/23
f 3588/280/23 3728/279/23 3729/281/23
f 3588/1329/27 3729/1330/27 3592/1331/27
f 3592/1331/31 3729/1330/31 3730/1332/31
f 3592/1331/10 3730/1332/10 3593/1333/10
f 3593/1333/10 3730/1332/10 3735/1334/10
f 3593/1333/11 3735/1334/11 3594/1335/11
f 3594/1335/11 3735/1334/11 3734/1336/11
f 3594/1335/12 3734/1336/12 3583/1337/12
f 3583/1337/28 3734/1336/28 3733/1338/28
f 3583/280/14 3733/281/14 3584/278/14
f 3584/278/24 3733/281/24 3731/279/24
f 3584/278/25 3731/279/25 3585/292/25
f 3585/292/15 3731/279/15 3732/293/15
f 3585/1337/29 3732/1338/29 3589/1335/29
f 3589/1335/17 3732/1338/17 3738/1336/17
f 3589/1335/18 3738/1336/18 3590/1333/18
f 3590/1333/18 3738/1336/18 3737/1334/18
f 3590/1333/19 3737/1334/19 3591/1331/19
f 3591/1331/19 3737/1334/19 3736/1332/19
f 3591/1331/34 3736/1332/34 3586/1329/34
f 3586/1329/30 3736/1332/30 3727/1330/30
f 3586/292/26 3727/293/26 3587/278/26
f 3587/278/26 3727/293/26 3728/279/26
f 3575/278/7 3716/279/7 3576/280/7
f 3576/280/23 3716/279/23 3717/281/23
f 3576/1339/9 3717/1340/9 3580/1341/9
f 3580/1341/31 3717/1340/31 3718/1342/31
f 3580/1341/10 3718/1342/10 3581/1343/10
f 3581/1343/10 3718/1342/10 3723/1344/10
f 3581/1343/11 3723/1344/11 3582/1345/11
f 3582/1345/11 3723/1344/11 3722/1346/11
f 3582/1345/12 3722/1346/12 3571/1347/12
f 3571/1347/32 3722/1346/32 3721/1348/32
f 3571/280/13 3721/281/13 3572/278/13
f 3572/278/24 3721/281/24 3719/279/24
f 3572/278/25 3719/279/25 3573/292/25
f 3573/292/16 3719/279/16 3720/293/16
f 3573/1347/33 3720/1348/33 3577/1345/33
f 3577/1345/17 3720/1348/17 3726/1346/17
f 3577/1345/18 3726/1346/18 3578/1343/18
f 3578/1343/18 3726/1346/18 3725/1344/18
f 3578/1343/19 3725/1344/19 3579/1341/19
f 3579/1341/19 3725/1344/19 3724/1342/19
f 3579/1341/34 3724/1342/34 3574/1339/34
f 3574/1339/20 3724/1342/20 3715/1340/20
f 3574/292/26 3715/293/26 3575/278/26
f 3575/278/22 3715/293/22 3716/279/22
f 3560/278/7 3704/279/7 3564/280/7
f 3564/280/23 3704/279/23 3705/281/23
f 3564/1349/9 3705/1350/9 3568/1351/9
f 3568/1351/27 3705/1350/27 3706/1352/27
f 3568/1351/10 3706/1352/10 3569/1353/10
f 3569/1353/10 3706/1352/10 3714/1354/10
f 3569/1353/11 3714/1354/11 3570/1355/11
f 3570/1355/11 3714/1354/11 3713/1356/11
f 3570/1355/12 3713/1356/12 3561/1357/12
f 3561/1357/12 3713/1356/12 3712/1358/12
f 3561/280/13 3712/281/13 3562/278/13
f 3562/278/24 3712/281/24 3711/279/24
f 3562/278/25 3711/279/25 3563/292/25
f 3563/292/16 3711/279/16 3710/293/16
f 3563/1357/17 3710/1358/17 3565/1355/17
f 3565/1355/17 3710/1358/17 3707/1356/17
f 3565/1355/18 3707/1356/18 3566/1353/18
f 3566/1353/18 3707/1356/18 3708/1354/18
f 3566/1353/19 3708/1354/19 3567/1351/19
f 3567/1351/19 3708/1354/19 3709/1352/19
f 3567/1351/30 3709/1352/30 3559/1349/30
f 3559/1349/20 3709/1352/20 3703/1350/20
f 3559/292/26 3703/293/26 3560/278/26
f 3560/278/22 3703/293/22 3704/279/22
f 3548/278/8 3692/279/8 3552/280/8
f 3552/280/7 3692/279/7 3693/281/7
f 3552/1359/9 3693/1360/9 3556/1361/9
f 3556/1361/9 3693/1360/9 3702/1362/9
f 3556/1361/10 3702/1362/10 3557/1363/10
f 3557/1363/10 3702/1362/10 3701/1364/10
f 3557/1363/11 3701/1364/11 3558/1365/11
f 3558/1365/11 3701/1364/11 3700/1366/11
f 3558/1365/32 3700/1366/32 3549/1367/32
f 3549/1367/12 3700/1366/12 3697/1368/12
f 3549/280/13 3697/281/13 3550/278/13
f 3550/278/24 3697/281/24 3698/279/24
f 3550/278/25 3698/279/25 3551/292/25
f 3551/292/16 3698/279/16 3699/293/16
f 3551/1367/17 3699/1368/17 3553/1365/17
f 3553/1365/33 3699/1368/33 3694/1366/33
f 3553/1365/18 3694/1366/18 3554/1363/18
f 3554/1363/18 3694/1366/18 3695/1364/18
f 3554/1363/19 3695/1364/19 3555/1361/19
f 3555/1361/19 3695/1364/19 3696/1362/19
f 3555/1361/20 3696/1362/20 3547/1359/20
f 3547/1359/20 3696/1362/20 3691/1360/20
f 3547/292/22 3691/293/22 3548/278/22
f 3548/278/21 3691/293/21 3692/279/21
f 3539/278/23 3680/279/23 3538/280/23
f 3538/280/7 3680/279/7 3681/281/7
f 3538/1369/27 3681/1370/27 3544/1371/27
f 3544/1371/9 3681/1370/9 3690/1372/9
f 3544/1371/10 3690/1372/10 3545/1373/10
f 3545/1373/10 3690/1372/10 3689/1374/10
f 3545/1373/11 3689/1374/11 3546/1375/11
f 3546/1375/11 3689/1374/11 3688/1376/11
f 3546/1375/12 3688/1376/12 3535/1377/12
f 3535/1377/12 3688/1376/12 3685/1378/12
f 3535/280/14 3685/281/14 3536/278/14
f 3536/278/13 3685/281/13 3686/279/13
f 3536/278/16 3686/279/16 3537/292/16
f 3537/292/15 3686/279/15 3687/293/15
f 3537/1377/17 3687/1378/17 3541/1375/17
f 3541/1375/17 3687/1378/17 3682/1376/17
f 3541/1375/18 3682/1376/18 3542/1373/18
f 3542/1373/18 3682/1376/18 3683/1374/18
f 3542/1373/19 3683/1374/19 3543/1371/19
f 3543/1371/19 3683/1374/19 3684/1372/19
f 3543/1371/20 3684/1372/20 3540/1369/20
f 3540/1369/30 3684/1372/30 3679/1370/30
f 3540/292/22 3679/293/22 3539/278/22
f 3539/278/26 3679/293/26 3680/279/26
f 3799/3045/258 3800/3046/258 3801/3047/258
f 3799/3045/258 3801/3047/258 3802/3048/258
f 3803/3049/259 3804/3050/259 3805/3051/259
f 3806/3052/260 3807/3053/260 3808/3054/260
f 3801/3047/261 3809/3055/261 3810/3056/261
f 3810/3056/262 3809/3055/262 3811/3057/262
f 3801/3047/263 3810/3056/263 3802/3048/263
f 3802/3048/264 3810/3056/264 3812/3058/264
f 3802/3048/264 3812/3058/264 3813/3059/264
f 3813/3059/264 3812/3058/264 3814/3060/264
f 3813/3059/264 3814/3060/264 3815/3061/264
f 3815/3061/264 3814/3060/264 3816/3062/264
f 3815/3061/264 3816/3062/264 3817/3063/264
f 3817/3063/264 3816/3062/264 3818/3064/264
f 3817/3063/264 3818/3064/264 3819/3065/264
f 3820/3066/265 3821/3067/265 3822/3068/265
f 3822/3068/258 3821/3067/258 3819/3065/258
f 3822/3068/266 3819/3065/266 3823/3069/266
f 3823/3069/264 3819/3065/264 3818/3064/264
f 3823/3069/262 3818/3064/262 3824/3070/262
f 3824/3070/262 3818/3064/262 3816/3062/262
f 3824/3070/262 3816/3062/262 3825/3071/262
f 3825/3071/262 3816/3062/262 3814/3060/262
f 3825/3071/262 3814/3060/262 3826/3072/262
f 3826/3072/262 3814/3060/262 3812/3058/262
f 3826/3072/262 3812/3058/262 3827/3073/262
f 3827/3073/262 3812/3058/262 3810/3056/262
f 3827/3073/267 3810/3056/267 3828/3074/267
f 3828/3074/267 3810/3056/267 3811/3057/267
f 3828/3075/268 3811/3076/268 3807/3053/268
f 3807/3053/269 3806/3052/269 3828/3075/269
f 3828/3075/270 3806/3052/270 3829/3077/270
f 3828/3075/271 3829/3077/271 3827/3078/271
f 3827/3078/271 3829/3077/271 3830/3079/271
f 3827/3078/271 3830/3079/271 3826/3080/271
f 3826/3080/271 3830/3079/271 3831/3081/271
f 3826/3080/271 3831/3081/271 3825/3082/271
f 3825/3082/271 3831/3081/271 3832/3083/271
f 3825/3082/271 3832/3083/271 3824/3084/271
f 3824/3084/271 3832/3083/271 3833/3085/271
f 3824/3070/262 3833/3086/262 3823/3069/262
f 3808/3054/272 3834/3087/272 3806/3052/272
f 3806/3052/272 3834/3087/272 3835/3088/272
f 3806/3052/272 3835/3088/272 3829/3077/272
f 3829/3077/272 3835/3088/272 3836/3089/272
f 3829/3077/272 3836/3089/272 3830/3079/272
f 3830/3079/272 3836/3089/272 3837/3090/272
f 3830/3079/272 3837/3090/272 3831/3081/272
f 3831/3081/272 3837/3090/272 3803/3049/272
f 3831/3081/272 3803/3049/272 3832/3083/272
f 3832/3083/273 3803/3049/273 3805/3051/273
f 3832/3083/274 3805/3051/274 3833/3085/274
f 3834/3087/6 3808/3054/6 3838/3091/6
f 3839/3092/6 3804/3050/6 3803/3049/6
f 3803/3049/6 3837/3090/6 3839/3092/6
f 3839/3092/6 3837/3090/6 3836/3089/6
f 3839/3092/6 3836/3089/6 3838/3091/6
f 3838/3091/6 3836/3089/6 3835/3088/6
f 3838/3091/6 3835/3088/6 3834/3087/6
f 3840/3093/275 3839/3094/275 3841/3095/275
f 3841/3095/275 3839/3094/275 3838/3096/275
f 3842/3097/1 3840/3092/1 3843/3098/1
f 3843/3098/1 3840/3092/1 3841/3091/1
f 3844/3099/276 3842/3100/276 3845/3101/276
f 3845/3101/276 3842/3100/276 3843/3102/276
f 3846/3103/6 3847/3104/6 3844/3097/6
f 3845/3098/6 3848/3105/6 3849/3106/6
f 3849/3106/6 3850/3107/6 3845/3098/6
f 3845/3098/6 3850/3107/6 3851/3108/6
f 3845/3098/6 3851/3108/6 3844/3097/6
f 3844/3097/6 3851/3108/6 3852/3109/6
f 3844/3097/6 3852/3109/6 3846/3103/6
f 3853/3046/277 3854/3045/277 3855/3110/277
f 3855/3110/278 3854/3045/278 3856/3111/278
f 3855/3110/279 3856/3111/279 3857/3112/279
f 3858/3113/280 3859/3114/280 3857/3112/280
f 3849/3106/281 3848/3105/281 3860/3115/281
f 3861/3116/280 3862/3117/280 3863/3118/280
f 3864/3067/282 3865/3066/282 3866/3119/282
f 3864/3067/283 3866/3119/283 3867/3120/283
f 3847/3104/284 3846/3103/284 3868/3121/284
f 3868/3121/284 3846/3103/284 3852/3109/284
f 3868/3121/284 3852/3109/284 3869/3122/284
f 3869/3122/284 3852/3109/284 3851/3108/284
f 3869/3122/284 3851/3108/284 3870/3123/284
f 3870/3123/284 3851/3108/284 3850/3107/284
f 3870/3123/284 3850/3107/284 3871/3124/284
f 3871/3124/284 3850/3107/284 3849/3106/284
f 3871/3124/284 3849/3106/284 3872/3125/284
f 3872/3125/285 3849/3106/285 3860/3115/285
f 3872/3125/286 3860/3115/286 3859/3126/286
f 3859/3126/287 3858/3127/287 3872/3125/287
f 3872/3125/287 3858/3127/287 3873/3128/287
f 3872/3125/287 3873/3128/287 3871/3124/287
f 3871/3124/287 3873/3128/287 3874/3129/287
f 3871/3124/287 3874/3129/287 3870/3123/287
f 3870/3123/287 3874/3129/287 3875/3130/287
f 3870/3123/287 3875/3130/287 3869/3122/287
f 3869/3122/287 3875/3130/287 3876/3131/287
f 3869/3122/287 3876/3131/287 3868/3121/287
f 3868/3121/288 3876/3131/288 3877/3132/288
f 3868/3121/289 3877/3132/289 3847/3104/289
f 3857/3112/280 3878/3133/280 3858/3113/280
f 3858/3113/280 3878/3133/280 3879/3134/280
f 3858/3113/280 3879/3134/280 3873/3135/280
f 3873/3135/280 3879/3134/280 3880/3136/280
f 3873/3135/280 3880/3136/280 3874/3137/280
f 3874/3137/280 3880/3136/280 3881/3138/280
f 3874/3137/280 3881/3138/280 3875/3139/280
f 3875/3139/280 3881/3138/280 3861/3116/280
f 3875/3139/280 3861/3116/280 3876/3140/280
f 3876/3140/280 3861/3116/280 3863/3118/280
f 3876/3131/290 3863/3141/290 3877/3132/290
f 3857/3112/291 3856/3111/291 3878/3133/291
f 3878/3133/291 3856/3111/291 3882/3142/291
f 3878/3133/291 3882/3142/291 3879/3134/291
f 3879/3134/291 3882/3142/291 3883/3143/291
f 3879/3134/291 3883/3143/291 3880/3136/291
f 3880/3136/291 3883/3143/291 3884/3144/291
f 3880/3136/291 3884/3144/291 3881/3138/291
f 3881/3138/291 3884/3144/291 3867/3120/291
f 3881/3138/291 3867/3120/291 3861/3116/291
f 3861/3116/292 3867/3120/292 3866/3119/292
f 3861/3116/293 3866/3119/293 3862/3117/293
f 3885/1470/4 3886/1469/4 3887/1471/4
f 3820/1477/4 3865/1478/4 3821/1475/4
f 3821/1475/4 3865/1478/4 3864/1476/4
f 3821/1475/4 3864/1476/4 3888/1473/4
f 3888/1473/4 3864/1476/4 3889/1474/4
f 3888/1473/4 3889/1474/4 3887/1471/4
f 3887/1471/4 3889/1474/4 3890/1472/4
f 3887/1471/4 3890/1472/4 3885/1470/4
f 3891/1480/2 3892/1479/2 3893/1481/2
f 3853/1487/2 3800/1488/2 3854/1485/2
f 3854/1485/2 3800/1488/2 3799/1486/2
f 3854/1485/2 3799/1486/2 3894/1483/2
f 3894/1483/2 3799/1486/2 3895/1484/2
f 3894/1483/2 3895/1484/2 3893/1481/2
f 3893/1481/2 3895/1484/2 3896/1482/2
f 3893/1481/2 3896/1482/2 3891/1480/2
f 3897/3145/294 3896/3146/294 3895/3147/294
f 3891/3148/295 3896/3146/295 3898/1654/295
f 3898/1654/296 3896/3146/296 3897/3145/296
f 3898/1654/297 3897/3145/297 3899/3149/297
f 3900/3150/298 3901/3151/298 3902/3152/298
f 3903/3153/299 3904/3154/299 3905/3155/299
f 3906/3156/294 3888/3157/294 3887/3158/294
f 3907/3159/298 3908/3160/298 3909/3161/298
f 3909/3161/298 3908/3160/298 3910/3162/298
f 3909/3161/298 3910/3162/298 3911/3163/298
f 3911/3163/298 3910/3162/298 3912/3164/298
f 3911/3163/298 3912/3164/298 3913/3165/298
f 3913/3165/298 3912/3164/298 3914/3166/298
f 3913/3165/298 3914/3166/298 3915/3167/298
f 3915/3167/298 3914/3166/298 3900/3150/298
f 3915/3167/298 3900/3150/298 3916/3168/298
f 3916/3168/298 3900/3150/298 3902/3152/298
f 3916/3168/300 3902/3152/300 3899/3169/300
f 3899/3169/300 3917/3170/300 3916/3168/300
f 3916/3168/300 3917/3170/300 3918/3171/300
f 3916/3168/300 3918/3171/300 3915/3167/300
f 3915/3167/300 3918/3171/300 3919/3172/300
f 3915/3167/300 3919/3172/300 3913/3165/300
f 3913/3165/300 3919/3172/300 3920/3173/300
f 3913/3165/300 3920/3173/300 3911/3163/300
f 3911/3163/300 3920/3173/300 3903/3153/300
f 3911/3163/300 3903/3153/300 3909/3161/300
f 3909/3161/300 3903/3153/300 3905/3155/300
f 3909/3161/298 3905/3155/298 3907/3159/298
f 3899/3149/301 3897/3145/301 3917/3174/301
f 3917/3174/301 3897/3145/301 3921/3175/301
f 3917/3174/301 3921/3175/301 3918/3176/301
f 3918/3176/301 3921/3175/301 3922/3177/301
f 3918/3176/301 3922/3177/301 3919/3178/301
f 3919/3178/301 3922/3177/301 3923/3179/301
f 3919/3178/301 3923/3179/301 3920/3180/301
f 3920/3180/301 3923/3179/301 3924/3181/301
f 3920/3180/301 3924/3181/301 3903/3182/301
f 3903/3182/302 3924/3181/302 3925/3183/302
f 3903/3182/303 3925/3183/303 3904/3184/303
f 3895/3147/294 3926/3185/294 3897/3145/294
f 3897/3145/294 3926/3185/294 3927/3186/294
f 3897/3145/294 3927/3186/294 3921/3175/294
f 3921/3175/294 3927/3186/294 3928/3187/294
f 3921/3175/294 3928/3187/294 3922/3177/294
f 3922/3177/294 3928/3187/294 3929/3188/294
f 3922/3177/294 3929/3188/294 3923/3179/294
f 3923/3179/294 3929/3188/294 3906/3156/294
f 3923/3179/294 3906/3156/294 3924/3181/294
f 3924/3181/294 3906/3156/294 3887/3158/294
f 3924/3181/304 3887/3158/304 3925/3183/304
f 3925/3183/296 3887/3158/296 3886/3189/296
f 3930/3190/305 3931/3191/305 3932/3192/305
f 3933/3193/306 3934/3194/306 3935/3195/306
f 3934/3149/307 3933/3196/307 3936/1654/307
f 3937/3197/308 3894/3147/308 3893/3146/308
f 3938/3198/309 3890/3158/309 3889/3157/309
f 3892/3148/310 3936/1654/310 3893/3146/310
f 3893/3146/311 3936/1654/311 3939/3199/311
f 3893/3146/309 3939/3199/309 3937/3197/309
f 3937/3197/309 3939/3199/309 3940/3200/309
f 3937/3197/309 3940/3200/309 3941/3201/309
f 3941/3201/309 3940/3200/309 3942/3202/309
f 3941/3201/309 3942/3202/309 3943/3203/309
f 3943/3203/309 3942/3202/309 3944/3204/309
f 3943/3203/309 3944/3204/309 3945/3205/309
f 3945/3205/309 3944/3204/309 3938/3198/309
f 3945/3205/309 3938/3198/309 3946/3206/309
f 3946/3206/309 3938/3198/309 3889/3157/309
f 3936/1654/312 3933/3196/312 3939/3199/312
f 3939/3199/313 3933/3196/313 3947/3207/313
f 3939/3199/313 3947/3207/313 3940/3200/313
f 3940/3200/313 3947/3207/313 3948/3208/313
f 3940/3200/313 3948/3208/313 3942/3202/313
f 3942/3202/313 3948/3208/313 3949/3209/313
f 3942/3202/313 3949/3209/313 3944/3204/313
f 3944/3204/313 3949/3209/313 3950/3210/313
f 3944/3204/313 3950/3210/313 3938/3198/313
f 3885/3189/314 3890/3158/314 3951/3183/314
f 3951/3183/310 3890/3158/310 3938/3198/310
f 3951/3183/315 3938/3198/315 3952/3184/315
f 3952/3184/313 3938/3198/313 3950/3210/313
f 3952/3211/306 3950/3212/306 3953/3213/306
f 3953/3213/316 3950/3212/316 3949/3214/316
f 3953/3213/316 3949/3214/316 3954/3215/316
f 3954/3215/316 3949/3214/316 3948/3216/316
f 3954/3215/316 3948/3216/316 3955/3217/316
f 3955/3217/316 3948/3216/316 3947/3218/316
f 3955/3217/316 3947/3218/316 3956/3219/316
f 3956/3219/316 3947/3218/316 3933/3193/316
f 3956/3219/316 3933/3193/316 3957/3220/316
f 3957/3220/317 3933/3193/317 3935/3195/317
f 3957/3220/305 3935/3195/305 3958/3221/305
f 3958/3221/305 3959/3222/305 3957/3220/305
f 3957/3220/305 3959/3222/305 3960/3223/305
f 3957/3220/305 3960/3223/305 3956/3219/305
f 3956/3219/305 3960/3223/305 3961/3224/305
f 3956/3219/305 3961/3224/305 3955/3217/305
f 3955/3217/305 3961/3224/305 3962/3225/305
f 3955/3217/305 3962/3225/305 3954/3215/305
f 3954/3215/305 3962/3225/305 3930/3190/305
f 3954/3215/305 3930/3190/305 3953/3213/305
f 3953/3213/305 3930/3190/305 3932/3192/305
f 3953/3213/316 3932/3192/316 3952/3211/316
f 3895/3147/275 3799/3045/275 3926/3185/275
f 3926/3185/275 3799/3045/275 3802/3048/275
f 3926/3185/275 3802/3048/275 3927/3186/275
f 3927/3186/275 3802/3048/275 3813/3059/275
f 3927/3186/275 3813/3059/275 3928/3187/275
f 3928/3187/275 3813/3059/275 3815/3061/275
f 3928/3187/275 3815/3061/275 3929/3188/275
f 3929/3188/275 3815/3061/275 3817/3063/275
f 3929/3188/275 3817/3063/275 3906/3156/275
f 3906/3156/275 3817/3063/275 3819/3065/275
f 3906/3156/275 3819/3065/275 3888/3157/275
f 3888/3157/275 3819/3065/275 3821/3067/275
f 3854/3045/276 3894/3147/276 3856/3111/276
f 3856/3111/276 3894/3147/276 3937/3197/276
f 3856/3111/276 3937/3197/276 3882/3142/276
f 3882/3142/276 3937/3197/276 3941/3201/276
f 3882/3142/276 3941/3201/276 3883/3143/276
f 3883/3143/276 3941/3201/276 3943/3203/276
f 3883/3143/276 3943/3203/276 3884/3144/276
f 3884/3144/276 3943/3203/276 3945/3205/276
f 3884/3144/276 3945/3205/276 3867/3120/276
f 3867/3120/276 3945/3205/276 3946/3206/276
f 3867/3120/276 3946/3206/276 3864/3067/276
f 3864/3067/276 3946/3206/276 3889/3157/276
f 3891/3226/6 3898/3227/6 3892/3228/6
f 3892/3228/6 3898/3227/6 3936/3229/6
f 3885/3230/6 3951/3231/6 3886/3232/6
f 3886/3232/6 3951/3231/6 3925/3233/6
f 3963/3234/276 3964/1651/276 3965/3235/276
f 3965/3235/276 3964/1651/276 3966/3236/276
f 3964/3237/6 3967/3238/6 3966/3239/6
f 3966/3239/6 3967/3238/6 3968/3240/6
f 3967/1651/275 3969/3234/275 3968/3236/275
f 3968/3236/275 3969/3234/275 3970/3235/275
f 3908/3160/1 3907/3159/1 3970/3240/1
f 3969/3238/1 3901/3151/1 3900/3150/1
f 3900/3150/1 3914/3166/1 3969/3238/1
f 3969/3238/1 3914/3166/1 3912/3164/1
f 3969/3238/1 3912/3164/1 3970/3240/1
f 3970/3240/1 3912/3164/1 3910/3162/1
f 3970/3240/1 3910/3162/1 3908/3160/1
f 3959/3222/1 3958/3221/1 3963/3237/1
f 3965/3239/1 3931/3191/1 3930/3190/1
f 3930/3190/1 3962/3225/1 3965/3239/1
f 3965/3239/1 3962/3225/1 3961/3224/1
f 3965/3239/1 3961/3224/1 3963/3237/1
f 3963/3237/1 3961/3224/1 3960/3223/1
f 3963/3237/1 3960/3223/1 3959/3222/1
f 3901/1611/2 3969/1610/2 3967/1609/2
f 3964/1613/2 3963/1612/2 3958/1614/2
f 3964/1613/2 3958/1614/2 3967/1609/2
f 3967/1609/2 3958/1614/2 3935/1615/2
f 3967/1609/2 3935/1615/2 3901/1611/2
f 3936/1618/2 3898/1617/2 3934/1620/2
f 3934/1620/2 3898/1617/2 3899/1616/2
f 3934/1620/2 3899/1616/2 3935/1615/2
f 3935/1615/2 3899/1616/2 3902/1619/2
f 3935/1615/2 3902/1619/2 3901/1611/2
f 3968/1623/4 3970/1622/4 3907/1621/4
f 3965/1625/4 3966/1624/4 3931/1626/4
f 3931/1626/4 3966/1624/4 3968/1623/4
f 3931/1626/4 3968/1623/4 3932/1627/4
f 3932/1627/4 3968/1623/4 3907/1621/4
f 3904/1631/4 3925/1629/4 3951/1628/4
f 3907/1621/4 3905/1632/4 3932/1627/4
f 3932/1627/4 3905/1632/4 3904/1631/4
f 3932/1627/4 3904/1631/4 3952/1630/4
f 3952/1630/4 3904/1631/4 3951/1628/4
f 3853/3241/1 3855/3242/1 3800/3243/1
f 3800/3243/1 3855/3242/1 3801/3244/1
f 3801/3047/3 3855/3110/3 3809/3055/3
f 3809/3055/98 3855/3110/98 3857/3112/98
f 3809/3055/99 3857/3112/99 3811/3057/99
f 3811/3057/3 3857/3112/3 3807/3245/3
f 3807/3245/3 3857/3112/3 3859/3114/3
f 3807/3245/3 3859/3114/3 3808/3246/3
f 3808/3246/3 3859/3114/3 3841/3095/3
f 3808/3246/3 3841/3095/3 3838/3096/3
f 3845/3101/3 3843/3102/3 3848/3247/3
f 3848/3247/3 3843/3102/3 3841/3095/3
f 3848/3247/99 3841/3095/99 3860/3248/99
f 3860/3248/3 3841/3095/3 3859/3114/3
f 3877/3249/5 3863/3118/5 3840/3093/5
f 3866/3119/102 3822/3068/102 3862/3117/102
f 3862/3117/230 3822/3068/230 3823/3069/230
f 3877/3249/5 3840/3093/5 3847/3250/5
f 3847/3250/5 3840/3093/5 3842/3100/5
f 3847/3250/5 3842/3100/5 3844/3099/5
f 3823/3069/102 3833/3086/102 3862/3117/102
f 3862/3117/5 3833/3086/5 3805/3251/5
f 3862/3117/5 3805/3251/5 3863/3118/5
f 3863/3118/318 3805/3251/318 3804/3252/318
f 3863/3118/5 3804/3252/5 3840/3093/5
f 3840/3093/5 3804/3252/5 3839/3094/5
f 3866/3253/1 3865/3254/1 3822/3255/1
f 3822/3255/1 3865/3254/1 3820/3256/1
f 3971/3257/1 3972/3258/1 3973/3259/1
f 3973/3259/1 3972/3258/1 3974/3260/1
f 3975/3261/1 3976/3262/1 3977/3263/1
f 3977/3263/1 3976/3262/1 3978/3264/1
f 3979/3265/1 3980/3266/1 3981/3267/1
f 3981/3267/1 3980/3266/1 3982/3268/1
f 3983/3269/1 3984/3270/1 3985/3271/1
f 3985/3271/1 3984/3270/1 3986/3272/1
f 3987/3273/1 3988/3274/1 3989/3275/1
f 3989/3275/1 3988/3274/1 3990/3276/1
f 3991/3277/1 3992/3278/1 3993/3279/1
f 3993/3279/1 3992/3278/1 3994/3280/1
f 3995/3281/1 3996/3282/1 3997/3283/1
f 3997/3283/1 3996/3282/1 3998/3284/1
f 3999/3285/1 4000/3286/1 4001/3287/1
f 4001/3287/1 4000/3286/1 4002/3288/1
f 4003/3289/1 4004/3290/1 4005/3291/1
f 4005/3291/1 4004/3290/1 4006/3292/1
f 4007/3293/1 4008/3294/1 4009/3295/1
f 4009/3295/1 4008/3294/1 4010/3296/1
f 4011/3297/1 4012/3298/1 4013/3299/1
f 4013/3299/1 4012/3298/1 4014/3300/1
f 4015/45/2 4012/46/2 4016/47/2
f 4016/47/2 4012/46/2 4011/48/2
f 4016/47/2 4011/48/2 4017/49/2
f 4018/3301/3 4019/3302/3 4020/3303/3
f 4021/3304/3 4022/3305/3 4023/3306/3
f 4023/3306/3 4022/3305/3 4024/3307/3
f 4023/3306/3 4024/3307/3 3972/3308/3
f 3972/3308/3 4024/3307/3 3974/3309/3
f 4021/3304/3 4014/3310/3 4022/3305/3
f 4022/3305/3 4014/3310/3 4012/3311/3
f 4022/3305/3 4012/3311/3 4015/3312/3
f 4020/3303/3 4025/3313/3 4018/3301/3
f 4018/3301/3 4025/3313/3 4026/3314/3
f 4018/3301/3 4026/3314/3 4027/3315/3
f 4027/3315/3 4026/3314/3 4007/3316/3
f 4027/3315/3 4007/3316/3 4009/3317/3
f 4009/3317/3 4028/3318/3 4027/3315/3
f 4027/3315/3 4028/3318/3 4029/3319/3
f 4027/3315/3 4029/3319/3 4030/3320/3
f 4003/3321/3 4005/3322/3 4031/3323/3
f 4029/3319/3 4003/3321/3 4030/3320/3
f 4030/3320/3 4003/3321/3 4031/3323/3
f 4030/3320/3 4031/3323/3 4032/3324/3
f 4032/3324/3 4031/3323/3 4033/3325/3
f 4032/3324/3 4033/3325/3 3999/3326/3
f 4034/3327/3 4035/3328/3 4036/3329/3
f 4036/3329/3 4035/3328/3 4032/3324/3
f 4036/3329/3 4032/3324/3 4001/3330/3
f 4001/3330/3 4032/3324/3 3999/3326/3
f 3995/3331/3 3997/3332/3 4037/3333/3
f 4034/3327/3 3995/3331/3 4035/3328/3
f 4035/3328/3 3995/3331/3 4037/3333/3
f 4035/3328/3 4037/3333/3 4038/3334/3
f 4038/3334/3 4037/3333/3 4039/3335/3
f 4038/3334/3 4039/3335/3 3991/3336/3
f 3991/3336/3 3993/3337/3 4038/3334/3
f 4038/3334/3 3993/3337/3 4040/3338/3
f 4038/3334/3 4040/3338/3 4041/3339/3
f 4041/3339/3 4040/3338/3 4042/3340/3
f 4041/3339/3 4042/3340/3 3987/3341/3
f 3987/3341/3 3989/3342/3 4043/3343/3
f 3987/3341/3 4043/3343/3 4041/3339/3
f 4041/3339/3 4043/3343/3 4044/3344/3
f 4041/3339/3 4044/3344/3 4045/3345/3
f 3983/3346/3 3985/3347/3 4044/3344/3
f 4044/3344/3 3985/3347/3 4046/3348/3
f 4044/3344/3 4046/3348/3 4045/3345/3
f 4045/3345/3 4046/3348/3 4047/3349/3
f 4045/3345/3 4047/3349/3 3979/3350/3
f 3979/3350/3 3981/3351/3 4045/3345/3
f 4045/3345/3 3981/3351/3 4048/3352/3
f 4045/3345/3 4048/3352/3 4049/3353/3
f 4049/3353/3 4048/3352/3 4050/3354/3
f 4049/3353/3 4050/3354/3 3975/3355/3
f 3975/3355/3 3977/3356/3 4049/3353/3
f 4049/3353/3 3977/3356/3 4051/3357/3
f 4049/3353/3 4051/3357/3 4024/3307/3
f 4024/3307/3 4051/3357/3 4052/3358/3
f 4024/3307/3 4052/3358/3 3974/3309/3
f 4053/49/4 4054/48/4 4055/47/4
f 4055/47/4 4054/48/4 4019/46/4
f 4055/47/4 4019/46/4 4018/45/4
f 4056/3305/5 4017/3312/5 4011/3311/5
f 4011/3311/5 4013/3310/5 4057/3304/5
f 4058/3353/5 4059/3307/5 4060/3358/5
f 4060/3358/5 4059/3307/5 3973/3309/5
f 4011/3311/5 4057/3304/5 4056/3305/5
f 4056/3305/5 4057/3304/5 4061/3306/5
f 4056/3305/5 4061/3306/5 4059/3307/5
f 4059/3307/5 4061/3306/5 3971/3308/5
f 4059/3307/5 3971/3308/5 3973/3309/5
f 4060/3358/5 4062/3357/5 4058/3353/5
f 4058/3353/5 4062/3357/5 3978/3356/5
f 4058/3353/5 3978/3356/5 3976/3355/5
f 3976/3355/5 4063/3354/5 4058/3353/5
f 4058/3353/5 4063/3354/5 4064/3352/5
f 4058/3353/5 4064/3352/5 4065/3345/5
f 4065/3345/5 4064/3352/5 3982/3351/5
f 4065/3345/5 3982/3351/5 3980/3350/5
f 3986/3347/5 3984/3346/5 4066/3348/5
f 4066/3348/5 3984/3346/5 4067/3344/5
f 3980/3350/5 4068/3349/5 4065/3345/5
f 4065/3345/5 4068/3349/5 4066/3348/5
f 4065/3345/5 4066/3348/5 4069/3339/5
f 4069/3339/5 4066/3348/5 4067/3344/5
f 4067/3344/5 4070/3343/5 4069/3339/5
f 4069/3339/5 4070/3343/5 3990/3342/5
f 4069/3339/5 3990/3342/5 3988/3341/5
f 3988/3341/5 4071/3340/5 4069/3339/5
f 4069/3339/5 4071/3340/5 4072/3338/5
f 4069/3339/5 4072/3338/5 4073/3334/5
f 4073/3334/5 4072/3338/5 3994/3337/5
f 4073/3334/5 3994/3337/5 3992/3336/5
f 3992/3336/5 4074/3335/5 4073/3334/5
f 4073/3334/5 4074/3335/5 4075/3333/5
f 4073/3334/5 4075/3333/5 4076/3328/5
f 4076/3328/5 4075/3333/5 3998/3332/5
f 4076/3328/5 3998/3332/5 3996/3331/5
f 3996/3331/5 4077/3327/5 4076/3328/5
f 4076/3328/5 4077/3327/5 4078/3329/5
f 4076/3328/5 4078/3329/5 4079/3324/5
f 4079/3324/5 4078/3329/5 4002/3330/5
f 4079/3324/5 4002/3330/5 4000/3326/5
f 4000/3326/5 4080/3325/5 4079/3324/5
f 4079/3324/5 4080/3325/5 4081/3323/5
f 4079/3324/5 4081/3323/5 4082/3320/5
f 4006/3322/5 4004/3321/5 4083/3319/5
f 4084/3318/5 4085/3315/5 4083/3319/5
f 4083/3319/5 4085/3315/5 4082/3320/5
f 4083/3319/5 4082/3320/5 4006/3322/5
f 4006/3322/5 4082/3320/5 4081/3323/5
f 4010/3317/5 4008/3316/5 4086/3314/5
f 4087/3303/5 4054/3302/5 4088/3313/5
f 4088/3313/5 4054/3302/5 4053/3301/5
f 4088/3313/5 4053/3301/5 4086/3314/5
f 4086/3314/5 4053/3301/5 4085/3315/5
f 4086/3314/5 4085/3315/5 4010/3317/5
f 4010/3317/5 4085/3315/5 4084/3318/5
f 4019/3359/1 4054/3360/1 4020/3361/1
f 4020/3361/1 4054/3360/1 4087/3362/1
f 4015/3298/6 4016/3363/6 4022/3364/6
f 4022/3364/6 4016/3363/6 4089/3365/6
f 4022/3364/6 4089/3365/6 4024/3366/6
f 4024/3366/6 4089/3365/6 4090/3367/6
f 4024/3366/6 4090/3367/6 4049/3368/6
f 4049/3368/6 4090/3367/6 4091/3369/6
f 4049/3368/6 4091/3369/6 4045/3370/6
f 4045/3370/6 4091/3369/6 4092/3371/6
f 4045/3370/6 4092/3371/6 4041/3372/6
f 4041/3372/6 4092/3371/6 4093/3373/6
f 4041/3372/6 4093/3373/6 4038/3374/6
f 4038/3374/6 4093/3373/6 4094/3375/6
f 4038/3374/6 4094/3375/6 4035/3376/6
f 4035/3376/6 4094/3375/6 4095/3377/6
f 4035/3376/6 4095/3377/6 4032/3378/6
f 4032/3378/6 4095/3377/6 4096/3379/6
f 4032/3378/6 4096/3379/6 4030/3380/6
f 4030/3380/6 4096/3379/6 4097/3381/6
f 4030/3380/6 4097/3381/6 4027/3382/6
f 4027/3382/6 4097/3381/6 4098/3383/6
f 4027/3382/6 4098/3383/6 4018/3359/6
f 4018/3359/6 4098/3383/6 4055/3384/6
f 4099/3385/6 4100/3386/6 4098/3383/6
f 4098/3383/6 4100/3386/6 4101/3387/6
f 4102/3388/6 4053/3360/6 4103/3389/6
f 4103/3389/6 4053/3360/6 4055/3384/6
f 4103/3389/6 4055/3384/6 4104/3390/6
f 4101/3387/6 4105/3391/6 4098/3383/6
f 4098/3383/6 4105/3391/6 4106/3392/6
f 4098/3383/6 4106/3392/6 4055/3384/6
f 4055/3384/6 4106/3392/6 4107/3393/6
f 4055/3384/6 4107/3393/6 4104/3390/6
f 4102/3388/6 4108/3394/6 4053/3360/6
f 4053/3360/6 4108/3394/6 4109/3395/6
f 4053/3360/6 4109/3395/6 4085/3396/6
f 4085/3396/6 4109/3395/6 4110/3397/6
f 4085/3396/6 4110/3397/6 4099/3385/6
f 4111/3398/6 4112/3399/6 4098/3383/6
f 4113/3400/6 4114/3401/6 4097/3381/6
f 4097/3381/6 4114/3401/6 4115/3402/6
f 4099/3385/6 4098/3383/6 4085/3396/6
f 4085/3396/6 4098/3383/6 4112/3399/6
f 4085/3396/6 4112/3399/6 4116/3403/6
f 4115/3402/6 4117/3404/6 4097/3381/6
f 4097/3381/6 4117/3404/6 4118/3405/6
f 4097/3381/6 4118/3405/6 4098/3383/6
f 4098/3383/6 4118/3405/6 4119/3406/6
f 4098/3383/6 4119/3406/6 4111/3398/6
f 4116/3403/6 4120/3407/6 4085/3396/6
f 4085/3396/6 4120/3407/6 4121/3408/6
f 4085/3396/6 4121/3408/6 4082/3409/6
f 4082/3409/6 4121/3408/6 4122/3410/6
f 4082/3409/6 4122/3410/6 4113/3400/6
f 4123/3411/6 4124/3412/6 4097/3381/6
f 4125/3413/6 4126/3414/6 4096/3379/6
f 4096/3379/6 4126/3414/6 4127/3415/6
f 4113/3400/6 4097/3381/6 4082/3409/6
f 4082/3409/6 4097/3381/6 4124/3412/6
f 4082/3409/6 4124/3412/6 4128/3416/6
f 4127/3415/6 4129/3417/6 4096/3379/6
f 4096/3379/6 4129/3417/6 4130/3418/6
f 4096/3379/6 4130/3418/6 4097/3381/6
f 4097/3381/6 4130/3418/6 4131/3419/6
f 4097/3381/6 4131/3419/6 4123/3411/6
f 4128/3416/6 4132/3420/6 4082/3409/6
f 4082/3409/6 4132/3420/6 4133/3421/6
f 4082/3409/6 4133/3421/6 4079/3422/6
f 4079/3422/6 4133/3421/6 4134/3423/6
f 4079/3422/6 4134/3423/6 4125/3413/6
f 4135/3424/6 4136/3425/6 4095/3377/6
f 4095/3377/6 4136/3425/6 4137/3426/6
f 4096/3379/6 4138/3427/6 4139/3428/6
f 4125/3413/6 4096/3379/6 4079/3422/6
f 4079/3422/6 4096/3379/6 4139/3428/6
f 4079/3422/6 4139/3428/6 4140/3429/6
f 4137/3426/6 4141/3430/6 4095/3377/6
f 4095/3377/6 4141/3430/6 4142/3431/6
f 4095/3377/6 4142/3431/6 4096/3379/6
f 4096/3379/6 4142/3431/6 4143/3432/6
f 4096/3379/6 4143/3432/6 4138/3427/6
f 4140/3429/6 4144/3433/6 4079/3422/6
f 4079/3422/6 4144/3433/6 4145/3434/6
f 4079/3422/6 4145/3434/6 4076/3435/6
f 4076/3435/6 4145/3434/6 4146/3436/6
f 4076/3435/6 4146/3436/6 4135/3424/6
f 4147/3437/6 4148/3438/6 4094/3375/6
f 4094/3375/6 4148/3438/6 4149/3439/6
f 4095/3377/6 4150/3440/6 4151/3441/6
f 4135/3424/6 4095/3377/6 4076/3435/6
f 4076/3435/6 4095/3377/6 4151/3441/6
f 4076/3435/6 4151/3441/6 4152/3442/6
f 4149/3439/6 4153/3443/6 4094/3375/6
f 4094/3375/6 4153/3443/6 4154/3444/6
f 4094/3375/6 4154/3444/6 4095/3377/6
f 4095/3377/6 4154/3444/6 4155/3445/6
f 4095/3377/6 4155/3445/6 4150/3440/6
f 4152/3442/6 4156/3446/6 4076/3435/6
f 4076/3435/6 4156/3446/6 4157/3447/6
f 4076/3435/6 4157/3447/6 4073/3448/6
f 4073/3448/6 4157/3447/6 4158/3449/6
f 4073/3448/6 4158/3449/6 4147/3437/6
f 4159/3450/6 4160/3451/6 4093/3373/6
f 4093/3373/6 4160/3451/6 4161/3452/6
f 4094/3375/6 4162/3453/6 4163/3454/6
f 4147/3437/6 4094/3375/6 4073/3448/6
f 4073/3448/6 4094/3375/6 4163/3454/6
f 4073/3448/6 4163/3454/6 4164/3455/6
f 4161/3452/6 4165/3456/6 4093/3373/6
f 4093/3373/6 4165/3456/6 4166/3457/6
f 4093/3373/6 4166/3457/6 4094/3375/6
f 4094/3375/6 4166/3457/6 4167/3458/6
f 4094/3375/6 4167/3458/6 4162/3453/6
f 4164/3455/6 4168/3459/6 4073/3448/6
f 4073/3448/6 4168/3459/6 4169/3460/6
f 4073/3448/6 4169/3460/6 4069/3461/6
f 4069/3461/6 4169/3460/6 4170/3462/6
f 4069/3461/6 4170/3462/6 4159/3450/6
f 4093/3373/6 4171/3463/6 4172/3464/6
f 4173/3465/6 4174/3466/6 4092/3371/6
f 4092/3371/6 4174/3466/6 4175/3467/6
f 4159/3450/6 4093/3373/6 4069/3461/6
f 4069/3461/6 4093/3373/6 4172/3464/6
f 4069/3461/6 4172/3464/6 4176/3468/6
f 4177/3469/6 4178/3470/6 4092/3371/6
f 4092/3371/6 4178/3470/6 4179/3471/6
f 4092/3371/6 4179/3471/6 4093/3373/6
f 4093/3373/6 4179/3471/6 4180/3472/6
f 4093/3373/6 4180/3472/6 4171/3463/6
f 4175/3467/6 4181/3473/6 4092/3371/6
f 4092/3371/6 4181/3473/6 4182/3474/6
f 4092/3371/6 4182/3474/6 4177/3469/6
f 4176/3468/6 4183/3475/6 4069/3461/6
f 4069/3461/6 4183/3475/6 4184/3476/6
f 4069/3461/6 4184/3476/6 4065/3477/6
f 4065/3477/6 4184/3476/6 4185/3478/6
f 4065/3477/6 4185/3478/6 4186/3479/6
f 4182/3474/6 4187/3480/6 4177/3469/6
f 4177/3469/6 4187/3480/6 4188/3481/6
f 4177/3469/6 4188/3481/6 4189/3482/6
f 4189/3482/6 4188/3481/6 4190/3483/6
f 4189/3482/6 4190/3483/6 4186/3479/6
f 4186/3479/6 4190/3483/6 4191/3484/6
f 4191/3484/6 4192/3485/6 4186/3479/6
f 4186/3479/6 4192/3485/6 4193/3486/6
f 4186/3479/6 4193/3486/6 4065/3477/6
f 4065/3477/6 4193/3486/6 4194/3487/6
f 4065/3477/6 4194/3487/6 4173/3465/6
f 4195/3488/6 4196/3489/6 4092/3371/6
f 4173/3465/6 4092/3371/6 4065/3477/6
f 4065/3477/6 4092/3371/6 4196/3489/6
f 4065/3477/6 4196/3489/6 4197/3490/6
f 4198/3491/6 4199/3492/6 4091/3369/6
f 4091/3369/6 4199/3492/6 4200/3493/6
f 4091/3369/6 4200/3493/6 4092/3371/6
f 4092/3371/6 4200/3493/6 4201/3494/6
f 4092/3371/6 4201/3494/6 4195/3488/6
f 4197/3490/6 4202/3495/6 4065/3477/6
f 4065/3477/6 4202/3495/6 4203/3496/6
f 4065/3477/6 4203/3496/6 4058/3497/6
f 4203/3496/6 4204/3498/6 4058/3497/6
f 4058/3497/6 4204/3498/6 4205/3499/6
f 4058/3497/6 4205/3499/6 4091/3369/6
f 4091/3369/6 4205/3499/6 4206/3500/6
f 4091/3369/6 4206/3500/6 4198/3491/6
f 4207/3501/6 4208/3502/6 4058/3497/6
f 4058/3497/6 4208/3502/6 4059/3503/6
f 4209/3504/6 4091/3369/6 4210/3505/6
f 4210/3505/6 4091/3369/6 4090/3367/6
f 4210/3505/6 4090/3367/6 4211/3506/6
f 4211/3506/6 4090/3367/6 4212/3507/6
f 4209/3504/6 4213/3508/6 4091/3369/6
f 4091/3369/6 4213/3508/6 4214/3509/6
f 4091/3369/6 4214/3509/6 4058/3497/6
f 4058/3497/6 4214/3509/6 4215/3510/6
f 4058/3497/6 4215/3510/6 4207/3501/6
f 4208/3502/6 4216/3511/6 4059/3503/6
f 4059/3503/6 4216/3511/6 4217/3512/6
f 4059/3503/6 4217/3512/6 4090/3367/6
f 4090/3367/6 4217/3512/6 4218/3513/6
f 4090/3367/6 4218/3513/6 4212/3507/6
f 4219/3514/6 4220/3515/6 4089/3365/6
f 4089/3365/6 4220/3515/6 4221/3516/6
f 4222/3517/6 4056/3518/6 4223/3519/6
f 4223/3519/6 4056/3518/6 4059/3503/6
f 4223/3519/6 4059/3503/6 4224/3520/6
f 4225/3521/6 4090/3367/6 4226/3522/6
f 4226/3522/6 4090/3367/6 4089/3365/6
f 4226/3522/6 4089/3365/6 4227/3523/6
f 4227/3523/6 4089/3365/6 4221/3516/6
f 4225/3521/6 4228/3524/6 4090/3367/6
f 4090/3367/6 4228/3524/6 4229/3525/6
f 4090/3367/6 4229/3525/6 4059/3503/6
f 4059/3503/6 4229/3525/6 4230/3526/6
f 4059/3503/6 4230/3526/6 4224/3520/6
f 4016/3363/6 4017/3297/6 4089/3365/6
f 4089/3365/6 4017/3297/6 4056/3518/6
f 4089/3365/6 4056/3518/6 4219/3514/6
f 4219/3514/6 4056/3518/6 4222/3517/6
f 4231/3520/1 4061/3257/1 4232/3519/1
f 4232/3519/1 4061/3257/1 4057/3299/1
f 4232/3519/1 4057/3299/1 4233/3517/1
f 4231/3520/1 4234/3526/1 4061/3257/1
f 4061/3257/1 4234/3526/1 4235/3525/1
f 4061/3257/1 4235/3525/1 4023/3258/1
f 4235/3525/1 4236/3524/1 4023/3258/1
f 4023/3258/1 4236/3524/1 4237/3521/1
f 4023/3258/1 4237/3521/1 4021/3300/1
f 4021/3300/1 4237/3521/1 4238/3522/1
f 4021/3300/1 4238/3522/1 4239/3523/1
f 4239/3523/1 4240/3516/1 4021/3300/1
f 4021/3300/1 4240/3516/1 4241/3515/1
f 4021/3300/1 4241/3515/1 4057/3299/1
f 4057/3299/1 4241/3515/1 4242/3514/1
f 4057/3299/1 4242/3514/1 4233/3517/1
f 4013/48/4 4014/46/4 4057/276/4
f 4057/276/4 4014/46/4 4021/277/4
f 4061/276/2 4023/277/2 3971/48/2
f 3971/48/2 4023/277/2 3972/46/2
f 4229/278/23 4235/279/23 4230/280/23
f 4230/280/7 4235/279/7 4234/281/7
f 4230/3527/27 4234/3528/27 4224/3529/27
f 4224/3529/9 4234/3528/9 4231/3530/9
f 4224/3529/10 4231/3530/10 4223/3531/10
f 4223/3531/10 4231/3530/10 4232/3532/10
f 4223/3531/11 4232/3532/11 4222/3533/11
f 4222/3533/11 4232/3532/11 4233/3534/11
f 4222/3533/28 4233/3534/28 4219/3535/28
f 4219/3535/12 4233/3534/12 4242/3536/12
f 4219/280/14 4242/281/14 4220/278/14
f 4220/278/13 4242/281/13 4241/279/13
f 4220/278/16 4241/279/16 4221/292/16
f 4221/292/15 4241/279/15 4240/293/15
f 4221/3535/17 4240/3536/17 4227/3533/17
f 4227/3533/29 4240/3536/29 4239/3534/29
f 4227/3533/18 4239/3534/18 4226/3531/18
f 4226/3531/18 4239/3534/18 4238/3532/18
f 4226/3531/19 4238/3532/19 4225/3529/19
f 4225/3529/19 4238/3532/19 4237/3530/19
f 4225/3529/20 4237/3530/20 4228/3527/20
f 4228/3527/30 4237/3530/30 4236/3528/30
f 4228/292/22 4236/293/22 4229/278/22
f 4229/278/26 4236/293/26 4235/279/26
f 4243/3390/1 4025/3361/1 4244/3389/1
f 4244/3389/1 4025/3361/1 4088/3362/1
f 4244/3389/1 4088/3362/1 4245/3388/1
f 4246/3391/1 4026/3293/1 4247/3392/1
f 4247/3392/1 4026/3293/1 4025/3361/1
f 4247/3392/1 4025/3361/1 4248/3393/1
f 4248/3393/1 4025/3361/1 4243/3390/1
f 4249/3385/1 4086/3294/1 4250/3386/1
f 4250/3386/1 4086/3294/1 4026/3293/1
f 4250/3386/1 4026/3293/1 4251/3387/1
f 4251/3387/1 4026/3293/1 4246/3391/1
f 4249/3385/1 4252/3397/1 4086/3294/1
f 4086/3294/1 4252/3397/1 4253/3395/1
f 4086/3294/1 4253/3395/1 4088/3362/1
f 4088/3362/1 4253/3395/1 4254/3394/1
f 4088/3362/1 4254/3394/1 4245/3388/1
f 4008/48/4 4007/46/4 4086/276/4
f 4086/276/4 4007/46/4 4026/277/4
f 4088/276/2 4025/277/2 4087/48/2
f 4087/48/2 4025/277/2 4020/46/2
f 4255/3398/1 4028/3295/1 4256/3399/1
f 4256/3399/1 4028/3295/1 4084/3296/1
f 4256/3399/1 4084/3296/1 4257/3403/1
f 4258/3404/1 4029/3289/1 4259/3405/1
f 4259/3405/1 4029/3289/1 4028/3295/1
f 4259/3405/1 4028/3295/1 4260/3406/1
f 4260/3406/1 4028/3295/1 4255/3398/1
f 4261/3400/1 4083/3290/1 4262/3401/1
f 4262/3401/1 4083/3290/1 4029/3289/1
f 4262/3401/1 4029/3289/1 4263/3402/1
f 4263/3402/1 4029/3289/1 4258/3404/1
f 4261/3400/1 4264/3410/1 4083/3290/1
f 4083/3290/1 4264/3410/1 4265/3408/1
f 4083/3290/1 4265/3408/1 4084/3296/1
f 4084/3296/1 4265/3408/1 4266/3407/1
f 4084/3296/1 4266/3407/1 4257/3403/1
f 4004/48/4 4003/46/4 4083/276/4
f 4083/276/4 4003/46/4 4029/277/4
f 4084/276/2 4028/277/2 4010/48/2
f 4010/48/2 4028/277/2 4009/46/2
f 4267/3411/1 4031/3291/1 4268/3412/1
f 4268/3412/1 4031/3291/1 4081/3292/1
f 4268/3412/1 4081/3292/1 4269/3416/1
f 4269/3416/1 4081/3292/1 4270/3420/1
f 4271/3417/1 4033/3285/1 4272/3418/1
f 4272/3418/1 4033/3285/1 4031/3291/1
f 4272/3418/1 4031/3291/1 4273/3419/1
f 4273/3419/1 4031/3291/1 4267/3411/1
f 4271/3417/1 4274/3415/1 4033/3285/1
f 4033/3285/1 4274/3415/1 4275/3414/1
f 4033/3285/1 4275/3414/1 4080/3286/1
f 4275/3414/1 4276/3413/1 4080/3286/1
f 4080/3286/1 4276/3413/1 4277/3423/1
f 4080/3286/1 4277/3423/1 4081/3292/1
f 4081/3292/1 4277/3423/1 4278/3421/1
f 4081/3292/1 4278/3421/1 4270/3420/1
f 4000/48/4 3999/46/4 4080/276/4
f 4080/276/4 3999/46/4 4033/277/4
f 4081/276/2 4031/277/2 4006/48/2
f 4006/48/2 4031/277/2 4005/46/2
f 4279/3427/1 4036/3287/1 4280/3428/1
f 4280/3428/1 4036/3287/1 4078/3288/1
f 4280/3428/1 4078/3288/1 4281/3429/1
f 4281/3429/1 4078/3288/1 4282/3433/1
f 4077/3282/1 4034/3281/1 4283/3425/1
f 4283/3425/1 4034/3281/1 4284/3426/1
f 4283/3425/1 4285/3424/1 4077/3282/1
f 4077/3282/1 4285/3424/1 4286/3436/1
f 4077/3282/1 4286/3436/1 4078/3288/1
f 4078/3288/1 4286/3436/1 4287/3434/1
f 4078/3288/1 4287/3434/1 4282/3433/1
f 4279/3427/1 4288/3432/1 4036/3287/1
f 4036/3287/1 4288/3432/1 4289/3431/1
f 4036/3287/1 4289/3431/1 4034/3281/1
f 4034/3281/1 4289/3431/1 4290/3430/1
f 4034/3281/1 4290/3430/1 4284/3426/1
f 3996/48/4 3995/46/4 4077/276/4
f 4077/276/4 3995/46/4 4034/277/4
f 4078/276/2 4036/277/2 4002/48/2
f 4002/48/2 4036/277/2 4001/46/2
f 4291/3440/1 4037/3283/1 4292/3441/1
f 4292/3441/1 4037/3283/1 4075/3284/1
f 4292/3441/1 4075/3284/1 4293/3442/1
f 4293/3442/1 4075/3284/1 4294/3446/1
f 4074/3278/1 4039/3277/1 4295/3438/1
f 4295/3438/1 4039/3277/1 4296/3439/1
f 4295/3438/1 4297/3437/1 4074/3278/1
f 4074/3278/1 4297/3437/1 4298/3449/1
f 4074/3278/1 4298/3449/1 4075/3284/1
f 4075/3284/1 4298/3449/1 4299/3447/1
f 4075/3284/1 4299/3447/1 4294/3446/1
f 4291/3440/1 4300/3445/1 4037/3283/1
f 4037/3283/1 4300/3445/1 4301/3444/1
f 4037/3283/1 4301/3444/1 4039/3277/1
f 4039/3277/1 4301/3444/1 4302/3443/1
f 4039/3277/1 4302/3443/1 4296/3439/1
f 3992/48/4 3991/46/4 4074/276/4
f 4074/276/4 3991/46/4 4039/277/4
f 4075/276/2 4037/277/2 3998/48/2
f 3998/48/2 4037/277/2 3997/46/2
f 4303/3453/1 4040/3279/1 4304/3454/1
f 4304/3454/1 4040/3279/1 4072/3280/1
f 4304/3454/1 4072/3280/1 4305/3455/1
f 4305/3455/1 4072/3280/1 4306/3459/1
f 4071/3274/1 4042/3273/1 4307/3451/1
f 4307/3451/1 4042/3273/1 4308/3452/1
f 4307/3451/1 4309/3450/1 4071/3274/1
f 4071/3274/1 4309/3450/1 4310/3462/1
f 4071/3274/1 4310/3462/1 4072/3280/1
f 4072/3280/1 4310/3462/1 4311/3460/1
f 4072/3280/1 4311/3460/1 4306/3459/1
f 4303/3453/1 4312/3458/1 4040/3279/1
f 4040/3279/1 4312/3458/1 4313/3457/1
f 4040/3279/1 4313/3457/1 4042/3273/1
f 4042/3273/1 4313/3457/1 4314/3456/1
f 4042/3273/1 4314/3456/1 4308/3452/1
f 3988/48/4 3987/46/4 4071/276/4
f 4071/276/4 3987/46/4 4042/277/4
f 4072/276/2 4040/277/2 3994/48/2
f 3994/48/2 4040/277/2 3993/46/2
f 4315/3463/1 4043/3275/1 4316/3464/1
f 4316/3464/1 4043/3275/1 4070/3276/1
f 4316/3464/1 4070/3276/1 4317/3468/1
f 4317/3468/1 4070/3276/1 4318/3475/1
f 4067/3270/1 4044/3269/1 4319/3482/1
f 4319/3482/1 4044/3269/1 4320/3469/1
f 4319/3482/1 4321/3479/1 4067/3270/1
f 4067/3270/1 4321/3479/1 4322/3478/1
f 4067/3270/1 4322/3478/1 4070/3276/1
f 4070/3276/1 4322/3478/1 4323/3476/1
f 4070/3276/1 4323/3476/1 4318/3475/1
f 4315/3463/1 4324/3472/1 4043/3275/1
f 4043/3275/1 4324/3472/1 4325/3471/1
f 4043/3275/1 4325/3471/1 4044/3269/1
f 4044/3269/1 4325/3471/1 4326/3470/1
f 4044/3269/1 4326/3470/1 4320/3469/1
f 3984/48/4 3983/46/4 4067/276/4
f 4067/276/4 3983/46/4 4044/277/4
f 4070/276/2 4043/277/2 3990/48/2
f 3990/48/2 4043/277/2 3989/46/2
f 4327/3484/1 4328/3483/1 4066/3272/1
f 4329/3473/1 4330/3467/1 4047/3265/1
f 4047/3265/1 4330/3467/1 4331/3466/1
f 4047/3265/1 4331/3466/1 4068/3266/1
f 4068/3266/1 4331/3466/1 4332/3465/1
f 4066/3272/1 4328/3483/1 4046/3271/1
f 4328/3483/1 4333/3481/1 4046/3271/1
f 4046/3271/1 4333/3481/1 4334/3480/1
f 4046/3271/1 4334/3480/1 4047/3265/1
f 4047/3265/1 4334/3480/1 4335/3474/1
f 4047/3265/1 4335/3474/1 4329/3473/1
f 4332/3465/1 4336/3487/1 4068/3266/1
f 4068/3266/1 4336/3487/1 4337/3486/1
f 4068/3266/1 4337/3486/1 4066/3272/1
f 4066/3272/1 4337/3486/1 4338/3485/1
f 4066/3272/1 4338/3485/1 4327/3484/1
f 3980/48/4 3979/46/4 4068/276/4
f 4068/276/4 3979/46/4 4047/277/4
f 4066/276/2 4046/277/2 3986/48/2
f 3986/48/2 4046/277/2 3985/46/2
f 4339/3490/1 4340/3489/1 4064/3268/1
f 4341/3492/1 4342/3491/1 4050/3261/1
f 4050/3261/1 4342/3491/1 4343/3500/1
f 4050/3261/1 4343/3500/1 4063/3262/1
f 4063/3262/1 4343/3500/1 4344/3499/1
f 4064/3268/1 4340/3489/1 4048/3267/1
f 4340/3489/1 4345/3488/1 4048/3267/1
f 4048/3267/1 4345/3488/1 4346/3494/1
f 4048/3267/1 4346/3494/1 4050/3261/1
f 4050/3261/1 4346/3494/1 4347/3493/1
f 4050/3261/1 4347/3493/1 4341/3492/1
f 4344/3499/1 4348/3498/1 4063/3262/1
f 4063/3262/1 4348/3498/1 4349/3496/1
f 4063/3262/1 4349/3496/1 4064/3268/1
f 4064/3268/1 4349/3496/1 4350/3495/1
f 4064/3268/1 4350/3495/1 4339/3490/1
f 3976/48/4 3975/46/4 4063/276/4
f 4063/276/4 3975/46/4 4050/277/4
f 4064/276/2 4048/277/2 3982/48/2
f 3982/48/2 4048/277/2 3981/46/2
f 4351/3510/1 4352/3509/1 4062/3264/1
f 4062/3264/1 4352/3509/1 4051/3263/1
f 4353/3506/1 4354/3507/1 4052/3260/1
f 4052/3260/1 4354/3507/1 4355/3513/1
f 4052/3260/1 4355/3513/1 4060/3259/1
f 4060/3259/1 4355/3513/1 4356/3512/1
f 4356/3512/1 4357/3511/1 4060/3259/1
f 4060/3259/1 4357/3511/1 4358/3502/1
f 4060/3259/1 4358/3502/1 4062/3264/1
f 4062/3264/1 4358/3502/1 4359/3501/1
f 4062/3264/1 4359/3501/1 4351/3510/1
f 4352/3509/1 4360/3508/1 4051/3263/1
f 4051/3263/1 4360/3508/1 4361/3504/1
f 4051/3263/1 4361/3504/1 4052/3260/1
f 4052/3260/1 4361/3504/1 4362/3505/1
f 4052/3260/1 4362/3505/1 4353/3506/1
f 3973/48/4 3974/46/4 4060/276/4
f 4060/276/4 3974/46/4 4052/277/4
f 4062/276/2 4051/277/2 3978/48/2
f 3978/48/2 4051/277/2 3977/46/2
f 4214/278/23 4352/279/23 4215/280/23
f 4215/280/23 4352/279/23 4351/281/23
f 4215/3537/31 4351/3538/31 4207/3539/31
f 4207/3539/9 4351/3538/9 4359/3540/9
f 4207/3539/10 4359/3540/10 4208/3541/10
f 4208/3541/10 4359/3540/10 4358/3542/10
f 4208/3541/11 4358/3542/11 4216/3543/11
f 4216/3543/11 4358/3542/11 4357/3544/11
f 4216/3543/28 4357/3544/28 4217/3545/28
f 4217/3545/32 4357/3544/32 4356/3546/32
f 4217/280/24 4356/281/24 4218/278/24
f 4218/278/13 4356/281/13 4355/279/13
f 4218/278/16 4355/279/16 4212/292/16
f 4212/292/25 4355/279/25 4354/293/25
f 4212/3545/33 4354/3546/33 4211/3543/33
f 4211/3543/29 4354/3546/29 4353/3544/29
f 4211/3543/18 4353/3544/18 4210/3541/18
f 4210/3541/18 4353/3544/18 4362/3542/18
f 4210/3541/19 4362/3542/19 4209/3539/19
f 4209/3539/19 4362/3542/19 4361/3540/19
f 4209/3539/20 4361/3540/20 4213/3537/20
f 4213/3537/34 4361/3540/34 4360/3538/34
f 4213/292/26 4360/293/26 4214/278/26
f 4214/278/26 4360/293/26 4352/279/26
f 4196/278/23 4340/279/23 4197/280/23
f 4197/280/23 4340/279/23 4339/281/23
f 4197/3547/9 4339/3548/9 4202/3549/9
f 4202/3549/37 4339/3548/37 4350/3550/37
f 4202/3549/10 4350/3550/10 4203/3551/10
f 4203/3551/10 4350/3550/10 4349/3552/10
f 4203/3551/11 4349/3552/11 4204/3553/11
f 4204/3553/11 4349/3552/11 4348/3554/11
f 4204/3553/28 4348/3554/28 4205/3555/28
f 4205/3555/12 4348/3554/12 4344/3556/12
f 4205/280/24 4344/281/24 4206/278/24
f 4206/278/14 4344/281/14 4343/279/14
f 4206/278/15 4343/279/15 4198/292/15
f 4198/292/25 4343/279/25 4342/293/25
f 4198/3555/17 4342/3556/17 4199/3553/17
f 4199/3553/29 4342/3556/29 4341/3554/29
f 4199/3553/18 4341/3554/18 4200/3551/18
f 4200/3551/18 4341/3554/18 4347/3552/18
f 4200/3551/19 4347/3552/19 4201/3549/19
f 4201/3549/19 4347/3552/19 4346/3550/19
f 4201/3549/38 4346/3550/38 4195/3547/38
f 4195/3547/20 4346/3550/20 4345/3548/20
f 4195/292/26 4345/293/26 4196/278/26
f 4196/278/26 4345/293/26 4340/279/26
f 4190/278/23 4328/279/23 4191/280/23
f 4191/280/23 4328/279/23 4327/281/23
f 4191/3557/9 4327/3558/9 4192/3559/9
f 4192/3559/9 4327/3558/9 4338/3560/9
f 4192/3559/10 4338/3560/10 4193/3561/10
f 4193/3561/10 4338/3560/10 4337/3562/10
f 4193/3561/11 4337/3562/11 4194/3563/11
f 4194/3563/11 4337/3562/11 4336/3564/11
f 4194/3563/12 4336/3564/12 4173/3565/12
f 4173/3565/12 4336/3564/12 4332/3566/12
f 4173/280/24 4332/281/24 4174/278/24
f 4174/278/24 4332/281/24 4331/279/24
f 4174/278/25 4331/279/25 4175/292/25
f 4175/292/25 4331/279/25 4330/293/25
f 4175/3565/17 4330/3566/17 4181/3563/17
f 4181/3563/17 4330/3566/17 4329/3564/17
f 4181/3563/18 4329/3564/18 4182/3561/18
f 4182/3561/18 4329/3564/18 4335/3562/18
f 4182/3561/19 4335/3562/19 4187/3559/19
f 4187/3559/19 4335/3562/19 4334/3560/19
f 4187/3559/20 4334/3560/20 4188/3557/20
f 4188/3557/20 4334/3560/20 4333/3558/20
f 4188/292/26 4333/293/26 4190/278/26
f 4190/278/26 4333/293/26 4328/279/26
f 4172/278/23 4316/279/23 4176/280/23
f 4176/280/8 4316/279/8 4317/281/8
f 4176/3567/9 4317/3568/9 4183/3569/9
f 4183/3569/9 4317/3568/9 4318/3570/9
f 4183/3569/10 4318/3570/10 4184/3571/10
f 4184/3571/10 4318/3570/10 4323/3572/10
f 4184/3571/11 4323/3572/11 4185/3573/11
f 4185/3573/11 4323/3572/11 4322/3574/11
f 4185/3573/12 4322/3574/12 4186/3575/12
f 4186/3575/12 4322/3574/12 4321/3576/12
f 4186/280/24 4321/281/24 4189/278/24
f 4189/278/14 4321/281/14 4319/279/14
f 4189/278/15 4319/279/15 4177/292/15
f 4177/292/25 4319/279/25 4320/293/25
f 4177/3575/17 4320/3576/17 4178/3573/17
f 4178/3573/17 4320/3576/17 4326/3574/17
f 4178/3573/18 4326/3574/18 4179/3571/18
f 4179/3571/18 4326/3574/18 4325/3572/18
f 4179/3571/19 4325/3572/19 4180/3569/19
f 4180/3569/19 4325/3572/19 4324/3570/19
f 4180/3569/20 4324/3570/20 4171/3567/20
f 4171/3567/20 4324/3570/20 4315/3568/20
f 4171/292/21 4315/293/21 4172/278/21
f 4172/278/26 4315/293/26 4316/279/26
f 4163/278/8 4304/279/8 4164/280/8
f 4164/280/23 4304/279/23 4305/281/23
f 4164/3577/9 4305/3578/9 4168/3579/9
f 4168/3579/9 4305/3578/9 4306/3580/9
f 4168/3579/10 4306/3580/10 4169/3581/10
f 4169/3581/10 4306/3580/10 4311/3582/10
f 4169/3581/11 4311/3582/11 4170/3583/11
f 4170/3583/11 4311/3582/11 4310/3584/11
f 4170/3583/12 4310/3584/12 4159/3585/12
f 4159/3585/12 4310/3584/12 4309/3586/12
f 4159/280/24 4309/281/24 4160/278/24
f 4160/278/24 4309/281/24 4307/279/24
f 4160/278/25 4307/279/25 4161/292/25
f 4161/292/25 4307/279/25 4308/293/25
f 4161/3585/17 4308/3586/17 4165/3583/17
f 4165/3583/17 4308/3586/17 4314/3584/17
f 4165/3583/18 4314/3584/18 4166/3581/18
f 4166/3581/18 4314/3584/18 4313/3582/18
f 4166/3581/19 4313/3582/19 4167/3579/19
f 4167/3579/19 4313/3582/19 4312/3580/19
f 4167/3579/20 4312/3580/20 4162/3577/20
f 4162/3577/20 4312/3580/20 4303/3578/20
f 4162/292/26 4303/293/26 4163/278/26
f 4163/278/21 4303/293/21 4304/279/21
f 4151/278/23 4292/279/23 4152/280/23
f 4152/280/23 4292/279/23 4293/281/23
f 4152/3587/9 4293/3588/9 4156/3589/9
f 4156/3589/9 4293/3588/9 4294/3590/9
f 4156/3589/10 4294/3590/10 4157/3591/10
f 4157/3591/10 4294/3590/10 4299/3592/10
f 4157/3591/11 4299/3592/11 4158/3593/11
f 4158/3593/11 4299/3592/11 4298/3594/11
f 4158/3593/12 4298/3594/12 4147/3595/12
f 4147/3595/12 4298/3594/12 4297/3596/12
f 4147/280/24 4297/281/24 4148/278/24
f 4148/278/24 4297/281/24 4295/279/24
f 4148/278/25 4295/279/25 4149/292/25
f 4149/292/25 4295/279/25 4296/293/25
f 4149/3595/17 4296/3596/17 4153/3593/17
f 4153/3593/17 4296/3596/17 4302/3594/17
f 4153/3593/18 4302/3594/18 4154/3591/18
f 4154/3591/18 4302/3594/18 4301/3592/18
f 4154/3591/19 4301/3592/19 4155/3589/19
f 4155/3589/19 4301/3592/19 4300/3590/19
f 4155/3589/20 4300/3590/20 4150/3587/20
f 4150/3587/20 4300/3590/20 4291/3588/20
f 4150/292/26 4291/293/26 4151/278/26
f 4151/278/26 4291/293/26 4292/279/26
f 4139/278/23 4280/279/23 4140/280/23
f 4140/280/23 4280/279/23 4281/281/23
f 4140/3597/9 4281/3598/9 4144/3599/9
f 4144/3599/9 4281/3598/9 4282/3600/9
f 4144/3599/10 4282/3600/10 4145/3601/10
f 4145/3601/10 4282/3600/10 4287/3602/10
f 4145/3601/11 4287/3602/11 4146/3603/11
f 4146/3603/11 4287/3602/11 4286/3604/11
f 4146/3603/12 4286/3604/12 4135/3605/12
f 4135/3605/12 4286/3604/12 4285/3606/12
f 4135/280/24 4285/281/24 4136/278/24
f 4136/278/24 4285/281/24 4283/279/24
f 4136/278/25 4283/279/25 4137/292/25
f 4137/292/25 4283/279/25 4284/293/25
f 4137/3605/17 4284/3606/17 4141/3603/17
f 4141/3603/17 4284/3606/17 4290/3604/17
f 4141/3603/18 4290/3604/18 4142/3601/18
f 4142/3601/18 4290/3604/18 4289/3602/18
f 4142/3601/19 4289/3602/19 4143/3599/19
f 4143/3599/19 4289/3602/19 4288/3600/19
f 4143/3599/20 4288/3600/20 4138/3597/20
f 4138/3597/20 4288/3600/20 4279/3598/20
f 4138/292/26 4279/293/26 4139/278/26
f 4139/278/26 4279/293/26 4280/279/26
f 4124/278/23 4268/279/23 4128/280/23
f 4128/280/8 4268/279/8 4269/281/8
f 4128/3607/9 4269/3608/9 4132/3609/9
f 4132/3609/9 4269/3608/9 4270/3610/9
f 4132/3609/10 4270/3610/10 4133/3611/10
f 4133/3611/10 4270/3610/10 4278/3612/10
f 4133/3611/11 4278/3612/11 4134/3613/11
f 4134/3613/11 4278/3612/11 4277/3614/11
f 4134/3613/12 4277/3614/12 4125/3615/12
f 4125/3615/35 4277/3614/35 4276/3616/35
f 4125/280/24 4276/281/24 4126/278/24
f 4126/278/24 4276/281/24 4275/279/24
f 4126/278/25 4275/279/25 4127/292/25
f 4127/292/25 4275/279/25 4274/293/25
f 4127/3615/36 4274/3616/36 4129/3613/36
f 4129/3613/17 4274/3616/17 4271/3614/17
f 4129/3613/18 4271/3614/18 4130/3611/18
f 4130/3611/18 4271/3614/18 4272/3612/18
f 4130/3611/19 4272/3612/19 4131/3609/19
f 4131/3609/19 4272/3612/19 4273/3610/19
f 4131/3609/20 4273/3610/20 4123/3607/20
f 4123/3607/20 4273/3610/20 4267/3608/20
f 4123/292/21 4267/293/21 4124/278/21
f 4124/278/26 4267/293/26 4268/279/26
f 4112/278/8 4256/279/8 4116/280/8
f 4116/280/23 4256/279/23 4257/281/23
f 4116/3617/9 4257/3618/9 4120/3619/9
f 4120/3619/37 4257/3618/37 4266/3620/37
f 4120/3619/10 4266/3620/10 4121/3621/10
f 4121/3621/10 4266/3620/10 4265/3622/10
f 4121/3621/11 4265/3622/11 4122/3623/11
f 4122/3623/11 4265/3622/11 4264/3624/11
f 4122/3623/35 4264/3624/35 4113/3625/35
f 4113/3625/12 4264/3624/12 4261/3626/12
f 4113/280/24 4261/281/24 4114/278/24
f 4114/278/14 4261/281/14 4262/279/14
f 4114/278/15 4262/279/15 4115/292/15
f 4115/292/25 4262/279/25 4263/293/25
f 4115/3625/17 4263/3626/17 4117/3623/17
f 4117/3623/36 4263/3626/36 4258/3624/36
f 4117/3623/18 4258/3624/18 4118/3621/18
f 4118/3621/18 4258/3624/18 4259/3622/18
f 4118/3621/19 4259/3622/19 4119/3619/19
f 4119/3619/19 4259/3622/19 4260/3620/19
f 4119/3619/38 4260/3620/38 4111/3617/38
f 4111/3617/20 4260/3620/20 4255/3618/20
f 4111/292/26 4255/293/26 4112/278/26
f 4112/278/21 4255/293/21 4256/279/21
f 4103/278/23 4244/279/23 4102/280/23
f 4102/280/23 4244/279/23 4245/281/23
f 4102/3627/37 4245/3628/37 4108/3629/37
f 4108/3629/9 4245/3628/9 4254/3630/9
f 4108/3629/10 4254/3630/10 4109/3631/10
f 4109/3631/10 4254/3630/10 4253/3632/10
f 4109/3631/11 4253/3632/11 4110/3633/11
f 4110/3633/11 4253/3632/11 4252/3634/11
f 4110/3633/12 4252/3634/12 4099/3635/12
f 4099/3635/12 4252/3634/12 4249/3636/12
f 4099/280/14 4249/281/14 4100/278/14
f 4100/278/24 4249/281/24 4250/279/24
f 4100/278/25 4250/279/25 4101/292/25
f 4101/292/15 4250/279/15 4251/293/15
f 4101/3635/17 4251/3636/17 4105/3633/17
f 4105/3633/17 4251/3636/17 4246/3634/17
f 4105/3633/18 4246/3634/18 4106/3631/18
f 4106/3631/18 4246/3634/18 4247/3632/18
f 4106/3631/19 4247/3632/19 4107/3629/19
f 4107/3629/19 4247/3632/19 4248/3630/19
f 4107/3629/20 4248/3630/20 4104/3627/20
f 4104/3627/38 4248/3630/38 4243/3628/38
f 4104/292/26 4243/293/26 4103/278/26
f 4103/278/26 4243/293/26 4244/279/26
f 4363/3637/319 4364/3638/319 4365/3639/319
f 4365/3639/320 4364/3638/320 4366/3640/320
f 4365/3639/320 4366/3640/320 4367/3641/320
f 4367/3641/321 4366/3640/321 4368/3642/321
f 4367/3641/321 4368/3642/321 4369/3643/321
f 4369/3643/322 4368/3642/322 4370/3644/322
f 4369/3643/322 4370/3644/322 4371/3645/322
f 4371/3645/323 4370/3644/323 4372/3646/323
f 4371/3645/323 4372/3646/323 4373/3647/323
f 4373/3647/324 4372/3646/324 4374/3648/324
f 4373/3647/324 4374/3648/324 4375/3649/324
f 4375/3649/325 4374/3648/325 4376/3650/325
f 4375/3649/325 4376/3650/325 4377/3651/325
f 4377/3652/326 4376/3653/326 4378/3654/326
f 4377/3652/326 4378/3654/326 4379/3655/326
f 4379/3655/327 4378/3654/327 4380/3656/327
f 4379/3655/327 4380/3656/327 4381/3657/327
f 4381/3657/328 4380/3656/328 4382/3658/328
f 4381/3657/329 4382/3658/329 4383/3659/329
f 4383/3659/330 4382/3658/330 4384/3660/330
f 4383/3659/330 4384/3660/330 4385/3661/330
f 4385/3661/331 4384/3660/331 4386/3662/331
f 4385/3661/331 4386/3662/331 4387/3663/331
f 4387/3663/332 4386/3662/332 4388/3664/332
f 4387/3663/332 4388/3664/332 4389/3665/332
f 4389/3665/333 4388/3664/333 4390/3666/333
f 4389/3665/333 4390/3666/333 4391/3667/333
f 4391/3668/334 4390/3669/334 4392/3670/334
f 4391/3668/334 4392/3670/334 4393/3671/334
f 4393/3671/335 4392/3670/335 4394/3672/335
f 4393/3671/335 4394/3672/335 4395/3673/335
f 4395/3673/336 4394/3672/336 4396/3674/336
f 4395/3673/336 4396/3674/336 4397/3675/336
f 4397/3675/337 4396/3674/337 4398/3676/337
f 4397/3675/337 4398/3676/337 4399/3677/337
f 4399/3677/338 4398/3676/338 4400/3678/338
f 4399/3677/338 4400/3678/338 4401/3679/338
f 4401/3679/339 4400/3678/339 4402/3680/339
f 4401/3679/340 4402/3680/340 4403/3681/340
f 4403/3681/341 4402/3680/341 4404/3682/341
f 4403/3681/341 4404/3682/341 4405/3683/341
f 4405/3683/342 4404/3682/342 4406/3684/342
f 4405/3683/342 4406/3684/342 4407/3685/342
f 4407/3685/343 4406/3684/343 4408/3686/343
f 4407/3685/343 4408/3686/343 4409/3687/343
f 4409/3687/344 4408/3686/344 4410/3688/344
f 4409/3687/344 4410/3688/344 4411/3689/344
f 4411/3690/345 4410/3691/345 4412/3692/345
f 4411/3690/345 4412/3692/345 4413/3693/345
f 4413/3693/346 4412/3692/346 4414/3694/346
f 4413/3693/347 4414/3694/347 4415/3695/347
f 4415/3695/348 4414/3694/348 4416/3696/348
f 4415/3695/349 4416/3696/349 4417/3697/349
f 4417/3697/350 4416/3696/350 4418/3698/350
f 4417/3697/350 4418/3698/350 4419/3699/350
f 4419/3699/351 4418/3698/351 4420/3700/351
f 4419/3699/351 4420/3700/351 4421/3701/351
f 4421/3701/352 4420/3700/352 4422/3702/352
f 4421/3701/352 4422/3702/352 4423/3703/352
f 4423/3703/353 4422/3702/353 4424/3704/353
f 4423/3703/353 4424/3704/353 4425/3705/353
f 4425/3706/354 4424/3707/354 4426/3708/354
f 4425/3706/354 4426/3708/354 4427/3709/354
f 4427/3709/355 4426/3708/355 4428/3710/355
f 4427/3709/355 4428/3710/355 4429/3711/355
f 4429/3711/356 4428/3710/356 4430/3712/356
f 4429/3711/356 4430/3712/356 4363/3637/356
f 4363/3637/319 4430/3712/319 4364/3638/319
f 4396/3713/276 4394/3714/276 4431/3715/276
f 4402/3716/357 4400/3717/357 4431/3715/357
f 4431/3715/276 4400/3717/276 4398/3718/276
f 4431/3715/357 4398/3718/357 4396/3713/357
f 4408/3719/276 4406/3720/276 4431/3715/276
f 4431/3715/357 4406/3720/357 4404/3721/357
f 4431/3715/276 4404/3721/276 4402/3716/276
f 4414/3722/357 4412/3723/357 4431/3715/357
f 4431/3715/276 4412/3723/276 4410/3724/276
f 4431/3715/357 4410/3724/357 4408/3719/357
f 4420/3725/357 4418/3726/357 4431/3715/357
f 4431/3715/357 4418/3726/357 4416/3727/357
f 4431/3715/357 4416/3727/357 4414/3722/357
f 4426/3728/357 4424/3729/357 4431/3715/357
f 4431/3715/276 4424/3729/276 4422/3730/276
f 4431/3715/357 4422/3730/357 4420/3725/357
f 4364/3731/276 4430/3732/276 4431/3715/276
f 4431/3715/357 4430/3732/357 4428/3733/357
f 4431/3715/276 4428/3733/276 4426/3728/276
f 4370/3734/357 4368/3735/357 4431/3715/357
f 4431/3715/276 4368/3735/276 4366/3736/276
f 4431/3715/357 4366/3736/357 4364/3731/357
f 4376/3737/276 4374/3738/276 4431/3715/276
f 4431/3715/276 4374/3738/276 4372/3739/276
f 4431/3715/357 4372/3739/357 4370/3734/357
f 4382/3740/276 4380/3741/276 4431/3715/276
f 4431/3715/276 4380/3741/276 4378/3742/276
f 4431/3715/357 4378/3742/357 4376/3737/357
f 4388/3743/276 4386/3744/276 4431/3715/276
f 4431/3715/276 4386/3744/276 4384/3745/276
f 4431/3715/276 4384/3745/276 4382/3740/276
f 4394/3714/276 4392/3746/276 4431/3715/276
f 4431/3715/276 4392/3746/276 4390/3747/276
f 4431/3715/357 4390/3747/357 4388/3743/357
f 4397/3748/275 4399/3749/275 4432/3750/275
f 4391/3751/275 4393/3752/275 4432/3750/275
f 4432/3750/275 4393/3752/275 4395/3753/275
f 4432/3750/358 4395/3753/358 4397/3748/358
f 4385/3754/275 4387/3755/275 4432/3750/275
f 4432/3750/275 4387/3755/275 4389/3756/275
f 4432/3750/358 4389/3756/358 4391/3751/358
f 4379/3757/358 4381/3758/358 4432/3750/358
f 4432/3750/275 4381/3758/275 4383/3759/275
f 4432/3750/358 4383/3759/358 4385/3754/358
f 4373/3760/275 4375/3761/275 4432/3750/275
f 4432/3750/358 4375/3761/358 4377/3762/358
f 4432/3750/275 4377/3762/275 4379/3757/275
f 4367/3763/275 4369/3764/275 4432/3750/275
f 4432/3750/358 4369/3764/358 4371/3765/358
f 4432/3750/358 4371/3765/358 4373/3760/358
f 4429/3766/358 4363/3767/358 4432/3750/358
f 4432/3750/275 4363/3767/275 4365/3768/275
f 4432/3750/358 4365/3768/358 4367/3763/358
f 4423/3769/358 4425/3770/358 4432/3750/358
f 4432/3750/358 4425/3770/358 4427/3771/358
f 4432/3750/275 4427/3771/275 4429/3766/275
f 4417/3772/275 4419/3773/275 4432/3750/275
f 4432/3750/358 4419/3773/358 4421/3774/358
f 4432/3750/275 4421/3774/275 4423/3769/275
f 4411/3775/275 4413/3776/275 4432/3750/275
f 4432/3750/358 4413/3776/358 4415/3777/358
f 4432/3750/358 4415/3777/358 4417/3772/358
f 4405/3778/358 4407/3779/358 4432/3750/358
f 4432/3750/358 4407/3779/358 4409/3780/358
f 4432/3750/275 4409/3780/275 4411/3775/275
f 4399/3749/275 4401/3781/275 4432/3750/275
f 4432/3750/275 4401/3781/275 4403/3782/275
f 4432/3750/275 4403/3782/275 4405/3778/275
f 4433/3783/359 4434/3784/359 4435/3785/359
f 4435/3785/359 4434/3784/359 4436/3786/359
f 4433/3783/360 4435/3785/360 4437/3787/360
f 4433/3783/360 4437/3787/360 4438/3788/360
f 4438/3788/361 4437/3787/361 4439/3789/361
f 4438/3788/361 4439/3789/361 4440/3790/361
f 4440/3790/362 4439/3789/362 4441/3791/362
f 4440/3790/362 4441/3791/362 4442/3792/362
f 4442/3792/363 4441/3791/363 4443/3793/363
f 4442/3792/363 4443/3793/363 4444/3794/363
f 4444/3795/364 4443/3796/364 4445/3797/364
f 4444/3795/364 4445/3797/364 4446/3798/364
f 4446/3798/365 4445/3797/365 4447/3799/365
f 4446/3798/365 4447/3799/365 4448/3800/365
f 4448/3800/366 4447/3799/366 4449/3801/366
f 4448/3800/366 4449/3801/366 4450/3802/366
f 4450/3802/367 4449/3801/367 4451/3803/367
f 4450/3802/367 4451/3803/367 4452/3804/367
f 4452/3804/368 4451/3803/368 4453/3805/368
f 4452/3804/368 4453/3805/368 4454/3806/368
f 4454/3806/1 4453/3805/1 4455/3807/1
f 4454/3806/1 4455/3807/1 4456/3808/1
f 4456/3808/369 4455/3807/369 4457/3809/369
f 4456/3808/370 4457/3809/370 4458/3810/370
f 4458/3810/371 4457/3809/371 4459/3811/371
f 4458/3810/371 4459/3811/371 4460/3812/371
f 4460/3812/372 4459/3811/372 4461/3813/372
f 4460/3812/372 4461/3813/372 4462/3814/372
f 4462/3814/373 4461/3813/373 4463/3815/373
f 4462/3814/374 4463/3815/374 4464/3816/374
f 4464/3816/375 4463/3815/375 4465/3817/375
f 4464/3816/375 4465/3817/375 4466/3818/375
f 4466/3819/376 4465/3820/376 4467/3821/376
f 4466/3819/376 4467/3821/376 4468/3822/376
f 4468/3822/377 4467/3821/377 4469/3823/377
f 4468/3822/377 4469/3823/377 4470/3824/377
f 4470/3824/378 4469/3823/378 4471/3825/378
f 4470/3824/378 4471/3825/378 4472/3826/378
f 4472/3826/379 4471/3825/379 4473/3827/379
f 4472/3826/379 4473/3827/379 4474/3828/379
f 4475/3829/380 4474/3828/380 4476/3830/380
f 4476/3830/381 4474/3828/381 4473/3827/381
f 4434/3831/6 4475/3832/6 4436/3833/6
f 4436/3833/6 4475/3832/6 4476/3834/6
f 4474/3835/276 4475/3836/276 4434/3837/276
f 4434/3837/276 4433/3838/276 4474/3835/276
f 4474/3835/276 4433/3838/276 4438/3839/276
f 4474/3835/276 4438/3839/276 4440/3840/276
f 4440/3840/357 4442/3841/357 4474/3835/357
f 4474/3835/276 4442/3841/276 4444/3842/276
f 4474/3835/357 4444/3842/357 4446/3843/357
f 4446/3843/276 4448/3844/276 4474/3835/276
f 4474/3835/276 4448/3844/276 4450/3845/276
f 4474/3835/357 4450/3845/357 4452/3846/357
f 4452/3846/276 4454/3847/276 4474/3835/276
f 4474/3835/276 4454/3847/276 4456/3848/276
f 4474/3835/357 4456/3848/357 4472/3849/357
f 4464/3850/276 4466/3851/276 4456/3848/276
f 4464/3850/357 4456/3848/357 4462/3852/357
f 4462/3852/357 4456/3848/357 4458/3853/357
f 4462/3852/276 4458/3853/276 4460/3854/276
f 4466/3851/357 4468/3855/357 4456/3848/357
f 4456/3848/276 4468/3855/276 4470/3856/276
f 4456/3848/357 4470/3856/357 4472/3849/357
f 4436/3857/358 4476/3858/358 4435/3859/358
f 4435/3859/275 4476/3858/275 4473/3860/275
f 4441/3861/275 4473/3860/275 4471/3862/275
f 4441/3861/275 4439/3863/275 4473/3860/275
f 4473/3860/358 4439/3863/358 4437/3864/358
f 4473/3860/358 4437/3864/358 4435/3859/358
f 4471/3862/275 4469/3865/275 4441/3861/275
f 4441/3861/358 4469/3865/358 4467/3866/358
f 4441/3861/358 4467/3866/358 4465/3867/358
f 4465/3867/275 4463/3868/275 4441/3861/275
f 4441/3861/358 4463/3868/358 4461/3869/358
f 4441/3861/275 4461/3869/275 4459/3870/275
f 4453/3871/358 4451/3872/358 4441/3861/358
f 4441/3861/275 4451/3872/275 4449/3873/275
f 4449/3873/275 4447/3874/275 4441/3861/275
f 4441/3861/358 4447/3874/358 4445/3875/358
f 4441/3861/358 4445/3875/358 4443/3876/358
f 4459/3870/275 4457/3877/275 4441/3861/275
f 4441/3861/275 4457/3877/275 4455/3878/275
f 4441/3861/275 4455/3878/275 4453/3871/275
f 4477/3879/359 4478/3880/359 4479/3881/359
f 4479/3881/359 4478/3880/359 4480/3882/359
f 4477/3879/360 4479/3881/360 4481/3883/360
f 4477/3879/360 4481/3883/360 4482/3884/360
f 4482/3884/361 4481/3883/361 4483/3885/361
f 4482/3884/361 4483/3885/361 4484/3886/361
f 4484/3886/362 4483/3885/362 4485/3887/362
f 4484/3886/362 4485/3887/362 4486/3888/362
f 4486/3888/382 4485/3887/382 4487/3889/382
f 4486/3888/382 4487/3889/382 4488/3890/382
f 4488/3891/364 4487/3892/364 4489/3893/364
f 4488/3891/364 4489/3893/364 4490/3894/364
f 4490/3894/365 4489/3893/365 4491/3895/365
f 4490/3894/365 4491/3895/365 4492/3896/365
f 4492/3896/366 4491/3895/366 4493/3897/366
f 4492/3896/366 4493/3897/366 4494/3898/366
f 4494/3898/367 4493/3897/367 4495/3899/367
f 4494/3898/367 4495/3899/367 4496/3900/367
f 4496/3900/383 4495/3899/383 4497/3901/383
f 4496/3900/368 4497/3901/368 4498/3902/368
f 4498/3902/1 4497/3901/1 4499/3903/1
f 4498/3902/1 4499/3903/1 4500/3904/1
f 4500/3904/369 4499/3903/369 4501/3905/369
f 4500/3904/370 4501/3905/370 4502/3906/370
f 4502/3906/371 4501/3905/371 4503/3907/371
f 4502/3906/371 4503/3907/371 4504/3908/371
f 4504/3908/372 4503/3907/372 4505/3909/372
f 4504/3908/372 4505/3909/372 4506/3910/372
f 4506/3910/374 4505/3909/374 4507/3911/374
f 4506/3910/374 4507/3911/374 4508/3912/374
f 4508/3912/375 4507/3911/375 4509/3913/375
f 4508/3912/375 4509/3913/375 4510/3914/375
f 4510/3915/376 4509/3916/376 4511/3917/376
f 4510/3915/376 4511/3917/376 4512/3918/376
f 4512/3918/377 4511/3917/377 4513/3919/377
f 4512/3918/377 4513/3919/377 4514/3920/377
f 4514/3920/378 4513/3919/378 4515/3921/378
f 4514/3920/378 4515/3921/378 4516/3922/378
f 4516/3922/379 4515/3921/379 4517/3923/379
f 4516/3922/379 4517/3923/379 4518/3924/379
f 4519/3925/380 4518/3924/380 4520/3926/380
f 4520/3926/381 4518/3924/381 4517/3923/381
f 4478/3927/6 4519/3928/6 4480/3929/6
f 4480/3929/6 4519/3928/6 4520/3930/6
f 4518/3931/276 4519/3932/276 4478/3933/276
f 4478/3933/276 4477/3934/276 4518/3931/276
f 4518/3931/276 4477/3934/276 4482/3935/276
f 4518/3931/276 4482/3935/276 4484/3936/276
f 4484/3936/276 4486/3937/276 4518/3931/276
f 4518/3931/357 4486/3937/357 4488/3938/357
f 4518/3931/276 4488/3938/276 4490/3939/276
f 4490/3939/276 4492/3940/276 4518/3931/276
f 4518/3931/276 4492/3940/276 4494/3941/276
f 4518/3931/357 4494/3941/357 4496/3942/357
f 4496/3942/276 4498/3943/276 4518/3931/276
f 4518/3931/357 4498/3943/357 4500/3944/357
f 4518/3931/276 4500/3944/276 4516/3945/276
f 4508/3946/276 4510/3947/276 4500/3944/276
f 4508/3946/357 4500/3944/357 4506/3948/357
f 4506/3948/276 4500/3944/276 4502/3949/276
f 4506/3948/357 4502/3949/357 4504/3950/357
f 4510/3947/357 4512/3951/357 4500/3944/357
f 4500/3944/276 4512/3951/276 4514/3952/276
f 4500/3944/357 4514/3952/357 4516/3945/357
f 4480/3953/358 4520/3954/358 4479/3955/358
f 4479/3955/275 4520/3954/275 4517/3956/275
f 4485/3957/275 4517/3956/275 4515/3958/275
f 4485/3957/275 4483/3959/275 4517/3956/275
f 4517/3956/275 4483/3959/275 4481/3960/275
f 4517/3956/275 4481/3960/275 4479/3955/275
f 4515/3958/275 4513/3961/275 4485/3957/275
f 4485/3957/358 4513/3961/358 4511/3962/358
f 4485/3957/358 4511/3962/358 4509/3963/358
f 4509/3963/275 4507/3964/275 4485/3957/275
f 4485/3957/358 4507/3964/358 4505/3965/358
f 4485/3957/275 4505/3965/275 4503/3966/275
f 4497/3967/358 4495/3968/358 4485/3957/358
f 4485/3957/275 4495/3968/275 4493/3969/275
f 4493/3969/275 4491/3970/275 4485/3957/275
f 4485/3957/358 4491/3970/358 4489/3971/358
f 4485/3957/275 4489/3971/275 4487/3972/275
f 4503/3966/275 4501/3973/275 4485/3957/275
f 4485/3957/358 4501/3973/358 4499/3974/358
f 4485/3957/275 4499/3974/275 4497/3967/275
f 4521/3975/384 4522/3976/384 4523/3977/384
f 4523/3977/385 4522/3976/385 4524/3978/385
f 4523/3977/385 4524/3978/385 4525/3979/385
f 4525/3979/386 4524/3978/386 4526/3980/386
f 4525/3979/386 4526/3980/386 4527/3981/386
f 4527/3981/387 4526/3980/387 4528/3982/387
f 4527/3981/387 4528/3982/387 4529/3983/387
f 4529/3983/388 4528/3982/388 4530/3984/388
f 4529/3983/388 4530/3984/388 4531/3985/388
f 4531/3985/389 4530/3984/389 4532/3986/389
f 4531/3985/389 4532/3986/389 4533/3987/389
f 4533/3987/390 4532/3986/390 4534/3988/390
f 4533/3987/390 4534/3988/390 4535/3989/390
f 4535/3990/391 4534/3991/391 4536/3992/391
f 4535/3990/391 4536/3992/391 4537/3993/391
f 4537/3993/392 4536/3992/392 4538/3994/392
f 4537/3993/393 4538/3994/393 4539/3995/393
f 4539/3995/394 4538/3994/394 4540/3996/394
f 4539/3995/395 4540/3996/395 4541/3997/395
f 4541/3997/396 4540/3996/396 4542/3998/396
f 4541/3997/396 4542/3998/396 4543/3999/396
f 4543/3999/397 4542/3998/397 4544/4000/397
f 4543/3999/397 4544/4000/397 4545/4001/397
f 4545/4001/398 4544/4000/398 4546/4002/398
f 4545/4001/398 4546/4002/398 4547/4003/398
f 4547/4003/399 4546/4002/399 4548/4004/399
f 4547/4003/399 4548/4004/399 4549/4005/399
f 4549/4006/400 4548/4007/400 4550/4008/400
f 4549/4006/400 4550/4008/400 4551/4009/400
f 4551/4009/401 4550/4008/401 4552/4010/401
f 4551/4009/401 4552/4010/401 4553/4011/401
f 4553/4011/402 4552/4010/402 4554/4012/402
f 4553/4011/402 4554/4012/402 4555/4013/402
f 4555/4013/403 4554/4012/403 4556/4014/403
f 4555/4013/403 4556/4014/403 4557/4015/403
f 4557/4015/404 4556/4014/404 4558/4016/404
f 4557/4015/404 4558/4016/404 4559/4017/404
f 4559/4017/405 4558/4016/405 4560/4018/405
f 4559/4017/406 4560/4018/406 4561/4019/406
f 4561/4019/407 4560/4018/407 4562/4020/407
f 4561/4019/407 4562/4020/407 4563/4021/407
f 4563/4021/408 4562/4020/408 4564/4022/408
f 4563/4021/408 4564/4022/408 4565/4023/408
f 4565/4023/409 4564/4022/409 4566/4024/409
f 4565/4023/409 4566/4024/409 4567/4025/409
f 4567/4025/410 4566/4024/410 4568/4026/410
f 4567/4025/410 4568/4026/410 4569/4027/410
f 4569/4028/411 4568/4029/411 4570/4030/411
f 4569/4028/411 4570/4030/411 4571/4031/411
f 4571/4031/412 4570/4030/412 4572/4032/412
f 4571/4031/412 4572/4032/412 4573/4033/412
f 4573/4033/413 4572/4032/413 4574/4034/413
f 4573/4033/414 4574/4034/414 4575/4035/414
f 4575/4035/415 4574/4034/415 4576/4036/415
f 4575/4035/415 4576/4036/415 4577/4037/415
f 4577/4037/416 4576/4036/416 4578/4038/416
f 4577/4037/416 4578/4038/416 4579/4039/416
f 4579/4039/417 4578/4038/417 4580/4040/417
f 4579/4039/417 4580/4040/417 4581/4041/417
f 4581/4041/418 4580/4040/418 4582/4042/418
f 4581/4041/418 4582/4042/418 4583/4043/418
f 4583/4044/419 4582/4045/419 4584/4046/419
f 4583/4044/419 4584/4046/419 4585/4047/419
f 4585/4047/420 4584/4046/420 4586/4048/420
f 4585/4047/420 4586/4048/420 4587/4049/420
f 4587/4049/421 4586/4048/421 4588/4050/421
f 4587/4049/421 4588/4050/421 4521/3975/421
f 4521/3975/384 4588/4050/384 4522/3976/384
f 4554/3748/422 4552/3753/422 4589/3750/422
f 4560/3782/52 4558/3781/52 4589/3750/52
f 4589/3750/422 4558/3781/422 4556/3749/422
f 4589/3750/52 4556/3749/52 4554/3748/52
f 4566/3780/422 4564/3779/422 4589/3750/422
f 4589/3750/422 4564/3779/422 4562/3778/422
f 4589/3750/52 4562/3778/52 4560/3782/52
f 4572/3777/52 4570/3776/52 4589/3750/52
f 4589/3750/52 4570/3776/52 4568/3775/52
f 4589/3750/52 4568/3775/52 4566/3780/52
f 4578/3774/422 4576/3773/422 4589/3750/422
f 4589/3750/422 4576/3773/422 4574/3772/422
f 4589/3750/422 4574/3772/422 4572/3777/422
f 4584/3771/422 4582/3770/422 4589/3750/422
f 4589/3750/422 4582/3770/422 4580/3769/422
f 4589/3750/52 4580/3769/52 4578/3774/52
f 4522/3768/422 4588/3767/422 4589/3750/422
f 4589/3750/422 4588/3767/422 4586/3766/422
f 4589/3750/52 4586/3766/52 4584/3771/52
f 4528/3765/52 4526/3764/52 4589/3750/52
f 4589/3750/52 4526/3764/52 4524/3763/52
f 4589/3750/422 4524/3763/422 4522/3768/422
f 4534/3762/52 4532/3761/52 4589/3750/52
f 4589/3750/52 4532/3761/52 4530/3760/52
f 4589/3750/422 4530/3760/422 4528/3765/422
f 4540/3759/52 4538/3758/52 4589/3750/52
f 4589/3750/422 4538/3758/422 4536/3757/422
f 4589/3750/52 4536/3757/52 4534/3762/52
f 4546/3756/52 4544/3755/52 4589/3750/52
f 4589/3750/52 4544/3755/52 4542/3754/52
f 4589/3750/422 4542/3754/422 4540/3759/422
f 4552/3753/52 4550/3752/52 4589/3750/52
f 4589/3750/52 4550/3752/52 4548/3751/52
f 4589/3750/422 4548/3751/422 4546/3756/422
f 4555/3713/51 4557/3718/51 4590/3715/51
f 4549/3747/51 4551/3746/51 4590/3715/51
f 4590/3715/51 4551/3746/51 4553/3714/51
f 4590/3715/423 4553/3714/423 4555/3713/423
f 4543/3745/51 4545/3744/51 4590/3715/51
f 4590/3715/51 4545/3744/51 4547/3743/51
f 4590/3715/423 4547/3743/423 4549/3747/423
f 4537/3742/51 4539/3741/51 4590/3715/51
f 4590/3715/51 4539/3741/51 4541/3740/51
f 4590/3715/51 4541/3740/51 4543/3745/51
f 4531/3739/51 4533/3738/51 4590/3715/51
f 4590/3715/51 4533/3738/51 4535/3737/51
f 4590/3715/423 4535/3737/423 4537/3742/423
f 4525/3736/51 4527/3735/51 4590/3715/51
f 4590/3715/423 4527/3735/423 4529/3734/423
f 4590/3715/423 4529/3734/423 4531/3739/423
f 4587/3733/51 4521/3732/51 4590/3715/51
f 4590/3715/423 4521/3732/423 4523/3731/423
f 4590/3715/51 4523/3731/51 4525/3736/51
f 4581/3730/51 4583/3729/51 4590/3715/51
f 4590/3715/423 4583/3729/423 4585/3728/423
f 4590/3715/51 4585/3728/51 4587/3733/51
f 4575/3727/423 4577/3726/423 4590/3715/423
f 4590/3715/51 4577/3726/51 4579/3725/51
f 4590/3715/423 4579/3725/423 4581/3730/423
f 4569/3724/51 4571/3723/51 4590/3715/51
f 4590/3715/423 4571/3723/423 4573/3722/423
f 4590/3715/423 4573/3722/423 4575/3727/423
f 4563/3721/423 4565/4051/423 4590/3715/423
f 4590/3715/51 4565/4051/51 4567/3719/51
f 4590/3715/423 4567/3719/423 4569/3724/423
f 4557/3718/51 4559/3717/51 4590/3715/51
f 4590/3715/423 4559/3717/423 4561/3716/423
f 4590/3715/423 4561/3716/423 4563/3721/423
f 4591/4052/424 4592/4053/424 4593/4054/424
f 4593/4054/424 4592/4053/424 4594/4055/424
f 4591/4052/425 4593/4054/425 4595/4056/425
f 4591/4052/425 4595/4056/425 4596/4057/425
f 4596/4057/426 4595/4056/426 4597/4058/426
f 4596/4057/426 4597/4058/426 4598/4059/426
f 4598/4059/427 4597/4058/427 4599/4060/427
f 4598/4059/427 4599/4060/427 4600/4061/427
f 4600/4061/428 4599/4060/428 4601/4062/428
f 4600/4061/428 4601/4062/428 4602/4063/428
f 4602/4064/429 4601/4065/429 4603/4066/429
f 4602/4064/429 4603/4066/429 4604/4067/429
f 4604/4067/430 4603/4066/430 4605/4068/430
f 4604/4067/430 4605/4068/430 4606/4069/430
f 4606/4069/431 4605/4068/431 4607/4070/431
f 4606/4069/431 4607/4070/431 4608/4071/431
f 4608/4071/432 4607/4070/432 4609/4072/432
f 4608/4071/432 4609/4072/432 4610/4073/432
f 4610/4073/433 4609/4072/433 4611/4074/433
f 4610/4073/434 4611/4074/434 4612/4075/434
f 4612/4075/1 4611/4074/1 4613/4076/1
f 4612/4075/1 4613/4076/1 4614/4077/1
f 4614/4077/435 4613/4076/435 4615/4078/435
f 4614/4077/436 4615/4078/436 4616/4079/436
f 4616/4079/437 4615/4078/437 4617/4080/437
f 4616/4079/437 4617/4080/437 4618/4081/437
f 4618/4081/438 4617/4080/438 4619/4082/438
f 4618/4081/438 4619/4082/438 4620/4083/438
f 4620/4083/439 4619/4082/439 4621/4084/439
f 4620/4083/439 4621/4084/439 4622/4085/439
f 4622/4085/440 4621/4084/440 4623/4086/440
f 4622/4085/440 4623/4086/440 4624/4087/440
f 4624/4088/441 4623/4089/441 4625/4090/441
f 4624/4088/441 4625/4090/441 4626/4091/441
f 4626/4091/442 4625/4090/442 4627/4092/442
f 4626/4091/442 4627/4092/442 4628/4093/442
f 4628/4093/443 4627/4092/443 4629/4094/443
f 4628/4093/443 4629/4094/443 4630/4095/443
f 4630/4095/444 4629/4094/444 4631/4096/444
f 4630/4095/444 4631/4096/444 4632/4097/444
f 4633/4098/445 4632/4097/445 4634/4099/445
f 4634/4099/446 4632/4097/446 4631/4096/446
f 4592/4100/6 4633/4101/6 4594/4102/6
f 4594/4102/6 4633/4101/6 4634/4103/6
f 4632/3956/52 4633/3954/52 4592/3953/52
f 4592/3953/422 4591/3955/422 4632/3956/422
f 4632/3956/52 4591/3955/52 4596/3960/52
f 4632/3956/52 4596/3960/52 4598/3959/52
f 4598/3959/422 4600/3957/422 4632/3956/422
f 4632/3956/422 4600/3957/422 4602/3972/422
f 4632/3956/52 4602/3972/52 4604/3971/52
f 4604/3971/422 4606/3970/422 4632/3956/422
f 4632/3956/422 4606/3970/422 4608/3969/422
f 4632/3956/52 4608/3969/52 4610/3968/52
f 4610/3968/422 4612/3967/422 4632/3956/422
f 4632/3956/52 4612/3967/52 4614/3974/52
f 4632/3956/52 4614/3974/52 4630/3958/52
f 4622/3964/422 4624/3963/422 4614/3974/422
f 4622/3964/52 4614/3974/52 4620/3965/52
f 4620/3965/422 4614/3974/422 4616/3973/422
f 4620/3965/52 4616/3973/52 4618/3966/52
f 4624/3963/52 4626/3962/52 4614/3974/52
f 4614/3974/422 4626/3962/422 4628/3961/422
f 4614/3974/422 4628/3961/422 4630/3958/422
f 4594/3933/51 4634/3932/51 4593/3934/51
f 4593/3934/51 4634/3932/51 4631/3931/51
f 4599/3937/423 4631/3931/423 4629/3945/423
f 4599/3937/51 4597/3936/51 4631/3931/51
f 4631/3931/51 4597/3936/51 4595/3935/51
f 4631/3931/51 4595/3935/51 4593/3934/51
f 4629/3945/51 4627/3952/51 4599/3937/51
f 4599/3937/51 4627/3952/51 4625/3951/51
f 4599/3937/51 4625/3951/51 4623/3947/51
f 4623/3947/51 4621/3946/51 4599/3937/51
f 4599/3937/423 4621/3946/423 4619/3948/423
f 4599/3937/51 4619/3948/51 4617/3950/51
f 4611/3943/423 4609/3942/423 4599/3937/423
f 4599/3937/51 4609/3942/51 4607/3941/51
f 4607/3941/51 4605/3940/51 4599/3937/51
f 4599/3937/447 4605/3940/447 4603/3939/447
f 4599/3937/51 4603/3939/51 4601/3938/51
f 4617/3950/51 4615/3949/51 4599/3937/51
f 4599/3937/423 4615/3949/423 4613/3944/423
f 4599/3937/51 4613/3944/51 4611/3943/51
f 4635/4104/1 4636/4105/1 4637/4106/1
f 4637/4106/1 4636/4105/1 4638/4107/1
f 4639/4108/1 4640/4109/1 4641/4110/1
f 4641/4110/1 4640/4109/1 4642/4111/1
f 4643/4112/1 4644/4113/1 4645/4114/1
f 4645/4114/1 4644/4113/1 4646/4115/1
f 4647/4116/1 4648/4117/1 4649/4118/1
f 4649/4118/1 4648/4117/1 4650/4119/1
f 4651/4120/1 4652/4121/1 4653/4122/1
f 4653/4122/1 4652/4121/1 4654/4123/1
f 4655/4124/1 4656/4125/1 4657/4126/1
f 4657/4126/1 4656/4125/1 4658/4127/1
f 4659/4128/1 4660/4129/1 4661/4130/1
f 4661/4130/1 4660/4129/1 4662/4131/1
f 4663/4132/1 4664/4133/1 4665/4134/1
f 4665/4134/1 4664/4133/1 4666/4135/1
f 4667/4136/1 4668/4137/1 4669/4138/1
f 4669/4138/1 4668/4137/1 4670/4139/1
f 4671/4140/1 4672/4141/1 4673/4142/1
f 4673/4142/1 4672/4141/1 4674/4143/1
f 4675/4144/1 4676/4145/1 4677/4146/1
f 4677/4146/1 4676/4145/1 4678/4147/1
f 4679/818/2 4676/819/2 4680/820/2
f 4680/820/2 4676/819/2 4675/821/2
f 4680/820/2 4675/821/2 4681/822/2
f 4682/50/3 4683/51/3 4684/52/3
f 4685/53/3 4686/54/3 4687/55/3
f 4687/55/3 4686/54/3 4688/56/3
f 4687/55/3 4688/56/3 4636/57/3
f 4636/57/3 4688/56/3 4638/58/3
f 4685/53/3 4678/59/3 4686/54/3
f 4686/54/3 4678/59/3 4676/60/3
f 4686/54/3 4676/60/3 4679/61/3
f 4684/52/3 4689/62/3 4682/50/3
f 4682/50/3 4689/62/3 4690/63/3
f 4682/50/3 4690/63/3 4691/64/3
f 4691/64/3 4690/63/3 4671/65/3
f 4691/64/3 4671/65/3 4673/66/3
f 4673/66/3 4692/67/3 4691/64/3
f 4691/64/3 4692/67/3 4693/68/3
f 4691/64/3 4693/68/3 4694/69/3
f 4667/70/3 4669/71/3 4695/72/3
f 4693/68/3 4667/70/3 4694/69/3
f 4694/69/3 4667/70/3 4695/72/3
f 4694/69/3 4695/72/3 4696/73/3
f 4696/73/3 4695/72/3 4697/74/3
f 4696/73/3 4697/74/3 4663/75/3
f 4698/76/3 4699/77/3 4700/78/3
f 4700/78/3 4699/77/3 4696/73/3
f 4700/78/3 4696/73/3 4665/79/3
f 4665/79/3 4696/73/3 4663/75/3
f 4659/80/3 4661/81/3 4701/82/3
f 4698/76/3 4659/80/3 4699/77/3
f 4699/77/3 4659/80/3 4701/82/3
f 4699/77/3 4701/82/3 4702/83/3
f 4702/83/3 4701/82/3 4703/84/3
f 4702/83/3 4703/84/3 4655/85/3
f 4655/85/3 4657/86/3 4702/83/3
f 4702/83/3 4657/86/3 4704/87/3
f 4702/83/3 4704/87/3 4705/88/3
f 4705/88/3 4704/87/3 4706/89/3
f 4705/88/3 4706/89/3 4651/90/3
f 4651/90/3 4653/91/3 4707/92/3
f 4651/90/3 4707/92/3 4705/88/3
f 4705/88/3 4707/92/3 4708/93/3
f 4705/88/3 4708/93/3 4709/94/3
f 4647/95/3 4649/96/3 4708/93/3
f 4708/93/3 4649/96/3 4710/97/3
f 4708/93/3 4710/97/3 4709/94/3
f 4709/94/3 4710/97/3 4711/98/3
f 4709/94/3 4711/98/3 4643/99/3
f 4643/99/3 4645/100/3 4709/94/3
f 4709/94/3 4645/100/3 4712/101/3
f 4709/94/3 4712/101/3 4713/102/3
f 4713/102/3 4712/101/3 4714/103/3
f 4713/102/3 4714/103/3 4639/104/3
f 4639/104/3 4641/105/3 4713/102/3
f 4713/102/3 4641/105/3 4715/106/3
f 4713/102/3 4715/106/3 4688/56/3
f 4688/56/3 4715/106/3 4716/107/3
f 4688/56/3 4716/107/3 4638/58/3
f 4717/822/4 4718/821/4 4719/820/4
f 4719/820/4 4718/821/4 4683/819/4
f 4719/820/4 4683/819/4 4682/818/4
f 4720/54/5 4681/61/5 4675/60/5
f 4675/60/5 4677/59/5 4721/53/5
f 4722/102/5 4723/56/5 4724/107/5
f 4724/107/5 4723/56/5 4637/58/5
f 4675/60/5 4721/53/5 4720/54/5
f 4720/54/5 4721/53/5 4725/55/5
f 4720/54/5 4725/55/5 4723/56/5
f 4723/56/5 4725/55/5 4635/57/5
f 4723/56/5 4635/57/5 4637/58/5
f 4724/107/5 4726/106/5 4722/102/5
f 4722/102/5 4726/106/5 4642/105/5
f 4722/102/5 4642/105/5 4640/104/5
f 4640/104/5 4727/103/5 4722/102/5
f 4722/102/5 4727/103/5 4728/101/5
f 4722/102/5 4728/101/5 4729/94/5
f 4729/94/5 4728/101/5 4646/100/5
f 4729/94/5 4646/100/5 4644/99/5
f 4650/96/5 4648/95/5 4730/97/5
f 4730/97/5 4648/95/5 4731/93/5
f 4644/99/5 4732/98/5 4729/94/5
f 4729/94/5 4732/98/5 4730/97/5
f 4729/94/5 4730/97/5 4733/88/5
f 4733/88/5 4730/97/5 4731/93/5
f 4731/93/5 4734/92/5 4733/88/5
f 4733/88/5 4734/92/5 4654/91/5
f 4733/88/5 4654/91/5 4652/90/5
f 4652/90/5 4735/89/5 4733/88/5
f 4733/88/5 4735/89/5 4736/87/5
f 4733/88/5 4736/87/5 4737/83/5
f 4737/83/5 4736/87/5 4658/86/5
f 4737/83/5 4658/86/5 4656/85/5
f 4656/85/5 4738/84/5 4737/83/5
f 4737/83/5 4738/84/5 4739/82/5
f 4737/83/5 4739/82/5 4740/77/5
f 4740/77/5 4739/82/5 4662/81/5
f 4740/77/5 4662/81/5 4660/80/5
f 4660/80/5 4741/76/5 4740/77/5
f 4740/77/5 4741/76/5 4742/78/5
f 4740/77/5 4742/78/5 4743/73/5
f 4743/73/5 4742/78/5 4666/79/5
f 4743/73/5 4666/79/5 4664/75/5
f 4664/75/5 4744/74/5 4743/73/5
f 4743/73/5 4744/74/5 4745/72/5
f 4743/73/5 4745/72/5 4746/69/5
f 4670/71/5 4668/70/5 4747/68/5
f 4748/67/5 4749/64/5 4747/68/5
f 4747/68/5 4749/64/5 4746/69/5
f 4747/68/5 4746/69/5 4670/71/5
f 4670/71/5 4746/69/5 4745/72/5
f 4674/66/5 4672/65/5 4750/63/5
f 4751/52/5 4718/51/5 4752/62/5
f 4752/62/5 4718/51/5 4717/50/5
f 4752/62/5 4717/50/5 4750/63/5
f 4750/63/5 4717/50/5 4749/64/5
f 4750/63/5 4749/64/5 4674/66/5
f 4674/66/5 4749/64/5 4748/67/5
f 4683/4148/1 4718/4149/1 4684/4150/1
f 4684/4150/1 4718/4149/1 4751/4151/1
f 4679/4145/6 4680/4152/6 4686/4153/6
f 4686/4153/6 4680/4152/6 4753/4154/6
f 4686/4153/6 4753/4154/6 4688/4155/6
f 4688/4155/6 4753/4154/6 4754/4156/6
f 4688/4155/6 4754/4156/6 4713/4157/6
f 4713/4157/6 4754/4156/6 4755/4158/6
f 4713/4157/6 4755/4158/6 4709/4159/6
f 4709/4159/6 4755/4158/6 4756/4160/6
f 4709/4159/6 4756/4160/6 4705/4161/6
f 4705/4161/6 4756/4160/6 4757/4162/6
f 4705/4161/6 4757/4162/6 4702/4163/6
f 4702/4163/6 4757/4162/6 4758/4164/6
f 4702/4163/6 4758/4164/6 4699/4165/6
f 4699/4165/6 4758/4164/6 4759/4166/6
f 4699/4165/6 4759/4166/6 4696/4167/6
f 4696/4167/6 4759/4166/6 4760/4168/6
f 4696/4167/6 4760/4168/6 4694/4169/6
f 4694/4169/6 4760/4168/6 4761/4170/6
f 4694/4169/6 4761/4170/6 4691/4171/6
f 4691/4171/6 4761/4170/6 4762/4172/6
f 4691/4171/6 4762/4172/6 4682/4148/6
f 4682/4148/6 4762/4172/6 4719/4173/6
f 4763/4174/6 4764/4175/6 4762/4172/6
f 4762/4172/6 4764/4175/6 4765/4176/6
f 4766/4177/6 4717/4149/6 4767/4178/6
f 4767/4178/6 4717/4149/6 4719/4173/6
f 4767/4178/6 4719/4173/6 4768/4179/6
f 4765/4176/6 4769/4180/6 4762/4172/6
f 4762/4172/6 4769/4180/6 4770/4181/6
f 4762/4172/6 4770/4181/6 4719/4173/6
f 4719/4173/6 4770/4181/6 4771/4182/6
f 4719/4173/6 4771/4182/6 4768/4179/6
f 4766/4177/6 4772/4183/6 4717/4149/6
f 4717/4149/6 4772/4183/6 4773/4184/6
f 4717/4149/6 4773/4184/6 4749/4185/6
f 4749/4185/6 4773/4184/6 4774/4186/6
f 4749/4185/6 4774/4186/6 4763/4174/6
f 4775/4187/6 4776/4188/6 4762/4172/6
f 4777/4189/6 4778/4190/6 4761/4170/6
f 4761/4170/6 4778/4190/6 4779/4191/6
f 4763/4174/6 4762/4172/6 4749/4185/6
f 4749/4185/6 4762/4172/6 4776/4188/6
f 4749/4185/6 4776/4188/6 4780/4192/6
f 4779/4191/6 4781/4193/6 4761/4170/6
f 4761/4170/6 4781/4193/6 4782/4194/6
f 4761/4170/6 4782/4194/6 4762/4172/6
f 4762/4172/6 4782/4194/6 4783/4195/6
f 4762/4172/6 4783/4195/6 4775/4187/6
f 4780/4192/6 4784/4196/6 4749/4185/6
f 4749/4185/6 4784/4196/6 4785/4197/6
f 4749/4185/6 4785/4197/6 4746/4198/6
f 4746/4198/6 4785/4197/6 4786/4199/6
f 4746/4198/6 4786/4199/6 4777/4189/6
f 4787/4200/6 4788/4201/6 4761/4170/6
f 4789/4202/6 4790/4203/6 4760/4168/6
f 4760/4168/6 4790/4203/6 4791/4204/6
f 4777/4189/6 4761/4170/6 4746/4198/6
f 4746/4198/6 4761/4170/6 4788/4201/6
f 4746/4198/6 4788/4201/6 4792/4205/6
f 4791/4204/6 4793/4206/6 4760/4168/6
f 4760/4168/6 4793/4206/6 4794/4207/6
f 4760/4168/6 4794/4207/6 4761/4170/6
f 4761/4170/6 4794/4207/6 4795/4208/6
f 4761/4170/6 4795/4208/6 4787/4200/6
f 4792/4205/6 4796/4209/6 4746/4198/6
f 4746/4198/6 4796/4209/6 4797/4210/6
f 4746/4198/6 4797/4210/6 4743/4211/6
f 4743/4211/6 4797/4210/6 4798/4212/6
f 4743/4211/6 4798/4212/6 4789/4202/6
f 4799/4213/6 4800/4214/6 4759/4166/6
f 4759/4166/6 4800/4214/6 4801/4215/6
f 4760/4168/6 4802/4216/6 4803/4217/6
f 4789/4202/6 4760/4168/6 4743/4211/6
f 4743/4211/6 4760/4168/6 4803/4217/6
f 4743/4211/6 4803/4217/6 4804/4218/6
f 4801/4215/6 4805/4219/6 4759/4166/6
f 4759/4166/6 4805/4219/6 4806/4220/6
f 4759/4166/6 4806/4220/6 4760/4168/6
f 4760/4168/6 4806/4220/6 4807/4221/6
f 4760/4168/6 4807/4221/6 4802/4216/6
f 4804/4218/6 4808/4222/6 4743/4211/6
f 4743/4211/6 4808/4222/6 4809/4223/6
f 4743/4211/6 4809/4223/6 4740/4224/6
f 4740/4224/6 4809/4223/6 4810/4225/6
f 4740/4224/6 4810/4225/6 4799/4213/6
f 4811/4226/6 4812/4227/6 4758/4164/6
f 4758/4164/6 4812/4227/6 4813/4228/6
f 4759/4166/6 4814/4229/6 4815/4230/6
f 4799/4213/6 4759/4166/6 4740/4224/6
f 4740/4224/6 4759/4166/6 4815/4230/6
f 4740/4224/6 4815/4230/6 4816/4231/6
f 4813/4228/6 4817/4232/6 4758/4164/6
f 4758/4164/6 4817/4232/6 4818/4233/6
f 4758/4164/6 4818/4233/6 4759/4166/6
f 4759/4166/6 4818/4233/6 4819/4234/6
f 4759/4166/6 4819/4234/6 4814/4229/6
f 4816/4231/6 4820/4235/6 4740/4224/6
f 4740/4224/6 4820/4235/6 4821/4236/6
f 4740/4224/6 4821/4236/6 4737/4237/6
f 4737/4237/6 4821/4236/6 4822/4238/6
f 4737/4237/6 4822/4238/6 4811/4226/6
f 4823/4239/6 4824/4240/6 4757/4162/6
f 4757/4162/6 4824/4240/6 4825/4241/6
f 4758/4164/6 4826/4242/6 4827/4243/6
f 4811/4226/6 4758/4164/6 4737/4237/6
f 4737/4237/6 4758/4164/6 4827/4243/6
f 4737/4237/6 4827/4243/6 4828/4244/6
f 4825/4241/6 4829/4245/6 4757/4162/6
f 4757/4162/6 4829/4245/6 4830/4246/6
f 4757/4162/6 4830/4246/6 4758/4164/6
f 4758/4164/6 4830/4246/6 4831/4247/6
f 4758/4164/6 4831/4247/6 4826/4242/6
f 4828/4244/6 4832/4248/6 4737/4237/6
f 4737/4237/6 4832/4248/6 4833/4249/6
f 4737/4237/6 4833/4249/6 4733/4250/6
f 4733/4250/6 4833/4249/6 4834/4251/6
f 4733/4250/6 4834/4251/6 4823/4239/6
f 4757/4162/6 4835/4252/6 4836/4253/6
f 4837/4254/6 4838/4255/6 4756/4160/6
f 4756/4160/6 4838/4255/6 4839/4256/6
f 4823/4239/6 4757/4162/6 4733/4250/6
f 4733/4250/6 4757/4162/6 4836/4253/6
f 4733/4250/6 4836/4253/6 4840/4257/6
f 4841/4258/6 4842/4259/6 4756/4160/6
f 4756/4160/6 4842/4259/6 4843/4260/6
f 4756/4160/6 4843/4260/6 4757/4162/6
f 4757/4162/6 4843/4260/6 4844/4261/6
f 4757/4162/6 4844/4261/6 4835/4252/6
f 4839/4256/6 4845/4262/6 4756/4160/6
f 4756/4160/6 4845/4262/6 4846/4263/6
f 4756/4160/6 4846/4263/6 4841/4258/6
f 4840/4257/6 4847/4264/6 4733/4250/6
f 4733/4250/6 4847/4264/6 4848/4265/6
f 4733/4250/6 4848/4265/6 4729/4266/6
f 4729/4266/6 4848/4265/6 4849/4267/6
f 4729/4266/6 4849/4267/6 4850/4268/6
f 4846/4263/6 4851/4269/6 4841/4258/6
f 4841/4258/6 4851/4269/6 4852/4270/6
f 4841/4258/6 4852/4270/6 4853/4271/6
f 4853/4271/6 4852/4270/6 4854/4272/6
f 4853/4271/6 4854/4272/6 4850/4268/6
f 4850/4268/6 4854/4272/6 4855/4273/6
f 4855/4273/6 4856/4274/6 4850/4268/6
f 4850/4268/6 4856/4274/6 4857/4275/6
f 4850/4268/6 4857/4275/6 4729/4266/6
f 4729/4266/6 4857/4275/6 4858/4276/6
f 4729/4266/6 4858/4276/6 4837/4254/6
f 4859/4277/6 4860/4278/6 4756/4160/6
f 4837/4254/6 4756/4160/6 4729/4266/6
f 4729/4266/6 4756/4160/6 4860/4278/6
f 4729/4266/6 4860/4278/6 4861/4279/6
f 4862/4280/6 4863/4281/6 4755/4158/6
f 4755/4158/6 4863/4281/6 4864/4282/6
f 4755/4158/6 4864/4282/6 4756/4160/6
f 4756/4160/6 4864/4282/6 4865/4283/6
f 4756/4160/6 4865/4283/6 4859/4277/6
f 4861/4279/6 4866/4284/6 4729/4266/6
f 4729/4266/6 4866/4284/6 4867/4285/6
f 4729/4266/6 4867/4285/6 4722/4286/6
f 4867/4285/6 4868/4287/6 4722/4286/6
f 4722/4286/6 4868/4287/6 4869/4288/6
f 4722/4286/6 4869/4288/6 4755/4158/6
f 4755/4158/6 4869/4288/6 4870/4289/6
f 4755/4158/6 4870/4289/6 4862/4280/6
f 4871/4290/6 4872/4291/6 4722/4286/6
f 4722/4286/6 4872/4291/6 4723/4292/6
f 4873/4293/6 4755/4158/6 4874/4294/6
f 4874/4294/6 4755/4158/6 4754/4156/6
f 4874/4294/6 4754/4156/6 4875/4295/6
f 4875/4295/6 4754/4156/6 4876/4296/6
f 4873/4293/6 4877/4297/6 4755/4158/6
f 4755/4158/6 4877/4297/6 4878/4298/6
f 4755/4158/6 4878/4298/6 4722/4286/6
f 4722/4286/6 4878/4298/6 4879/4299/6
f 4722/4286/6 4879/4299/6 4871/4290/6
f 4872/4291/6 4880/4300/6 4723/4292/6
f 4723/4292/6 4880/4300/6 4881/4301/6
f 4723/4292/6 4881/4301/6 4754/4156/6
f 4754/4156/6 4881/4301/6 4882/4302/6
f 4754/4156/6 4882/4302/6 4876/4296/6
f 4883/4303/6 4884/4304/6 4753/4154/6
f 4753/4154/6 4884/4304/6 4885/4305/6
f 4886/4306/6 4720/4307/6 4887/4308/6
f 4887/4308/6 4720/4307/6 4723/4292/6
f 4887/4308/6 4723/4292/6 4888/4309/6
f 4889/4310/6 4754/4156/6 4890/4311/6
f 4890/4311/6 4754/4156/6 4753/4154/6
f 4890/4311/6 4753/4154/6 4891/4312/6
f 4891/4312/6 4753/4154/6 4885/4305/6
f 4889/4310/6 4892/4313/6 4754/4156/6
f 4754/4156/6 4892/4313/6 4893/4314/6
f 4754/4156/6 4893/4314/6 4723/4292/6
f 4723/4292/6 4893/4314/6 4894/4315/6
f 4723/4292/6 4894/4315/6 4888/4309/6
f 4680/4152/6 4681/4144/6 4753/4154/6
f 4753/4154/6 4681/4144/6 4720/4307/6
f 4753/4154/6 4720/4307/6 4883/4303/6
f 4883/4303/6 4720/4307/6 4886/4306/6
f 4895/4309/1 4725/4104/1 4896/4308/1
f 4896/4308/1 4725/4104/1 4721/4146/1
f 4896/4308/1 4721/4146/1 4897/4306/1
f 4895/4309/1 4898/4315/1 4725/4104/1
f 4725/4104/1 4898/4315/1 4899/4314/1
f 4725/4104/1 4899/4314/1 4687/4105/1
f 4899/4314/1 4900/4313/1 4687/4105/1
f 4687/4105/1 4900/4313/1 4901/4310/1
f 4687/4105/1 4901/4310/1 4685/4147/1
f 4685/4147/1 4901/4310/1 4902/4311/1
f 4685/4147/1 4902/4311/1 4903/4312/1
f 4903/4312/1 4904/4305/1 4685/4147/1
f 4685/4147/1 4904/4305/1 4905/4304/1
f 4685/4147/1 4905/4304/1 4721/4146/1
f 4721/4146/1 4905/4304/1 4906/4303/1
f 4721/4146/1 4906/4303/1 4897/4306/1
f 4677/821/4 4678/819/4 4721/991/4
f 4721/991/4 4678/819/4 4685/992/4
f 4725/991/2 4687/992/2 4635/821/2
f 4635/821/2 4687/992/2 4636/819/2
f 4893/993/7 4899/994/7 4894/995/7
f 4894/995/8 4899/994/8 4898/996/8
f 4894/282/9 4898/283/9 4888/284/9
f 4888/284/9 4898/283/9 4895/285/9
f 4888/284/10 4895/285/10 4887/286/10
f 4887/286/10 4895/285/10 4896/287/10
f 4887/286/11 4896/287/11 4886/288/11
f 4886/288/11 4896/287/11 4897/289/11
f 4886/288/12 4897/289/12 4883/290/12
f 4883/290/12 4897/289/12 4906/291/12
f 4883/995/13 4906/996/13 4884/993/13
f 4884/993/14 4906/996/14 4905/994/14
f 4884/993/15 4905/994/15 4885/997/15
f 4885/997/16 4905/994/16 4904/998/16
f 4885/290/17 4904/291/17 4891/288/17
f 4891/288/17 4904/291/17 4903/289/17
f 4891/288/18 4903/289/18 4890/286/18
f 4890/286/18 4903/289/18 4902/287/18
f 4890/286/19 4902/287/19 4889/284/19
f 4889/284/19 4902/287/19 4901/285/19
f 4889/284/20 4901/285/20 4892/282/20
f 4892/282/20 4901/285/20 4900/283/20
f 4892/997/21 4900/998/21 4893/993/21
f 4893/993/22 4900/998/22 4899/994/22
f 4907/4179/1 4689/4150/1 4908/4178/1
f 4908/4178/1 4689/4150/1 4752/4151/1
f 4908/4178/1 4752/4151/1 4909/4177/1
f 4910/4180/1 4690/4140/1 4911/4181/1
f 4911/4181/1 4690/4140/1 4689/4150/1
f 4911/4181/1 4689/4150/1 4912/4182/1
f 4912/4182/1 4689/4150/1 4907/4179/1
f 4913/4174/1 4750/4141/1 4914/4175/1
f 4914/4175/1 4750/4141/1 4690/4140/1
f 4914/4175/1 4690/4140/1 4915/4176/1
f 4915/4176/1 4690/4140/1 4910/4180/1
f 4913/4174/1 4916/4186/1 4750/4141/1
f 4750/4141/1 4916/4186/1 4917/4184/1
f 4750/4141/1 4917/4184/1 4752/4151/1
f 4752/4151/1 4917/4184/1 4918/4183/1
f 4752/4151/1 4918/4183/1 4909/4177/1
f 4672/821/4 4671/819/4 4750/991/4
f 4750/991/4 4671/819/4 4690/992/4
f 4752/991/2 4689/992/2 4751/821/2
f 4751/821/2 4689/992/2 4684/819/2
f 4919/4187/1 4692/4142/1 4920/4188/1
f 4920/4188/1 4692/4142/1 4748/4143/1
f 4920/4188/1 4748/4143/1 4921/4192/1
f 4922/4193/1 4693/4136/1 4923/4194/1
f 4923/4194/1 4693/4136/1 4692/4142/1
f 4923/4194/1 4692/4142/1 4924/4195/1
f 4924/4195/1 4692/4142/1 4919/4187/1
f 4925/4189/1 4747/4137/1 4926/4190/1
f 4926/4190/1 4747/4137/1 4693/4136/1
f 4926/4190/1 4693/4136/1 4927/4191/1
f 4927/4191/1 4693/4136/1 4922/4193/1
f 4925/4189/1 4928/4199/1 4747/4137/1
f 4747/4137/1 4928/4199/1 4929/4197/1
f 4747/4137/1 4929/4197/1 4748/4143/1
f 4748/4143/1 4929/4197/1 4930/4196/1
f 4748/4143/1 4930/4196/1 4921/4192/1
f 4668/821/4 4667/819/4 4747/991/4
f 4747/991/4 4667/819/4 4693/992/4
f 4748/991/2 4692/992/2 4674/821/2
f 4674/821/2 4692/992/2 4673/819/2
f 4931/4200/1 4695/4138/1 4932/4201/1
f 4932/4201/1 4695/4138/1 4745/4139/1
f 4932/4201/1 4745/4139/1 4933/4205/1
f 4933/4205/1 4745/4139/1 4934/4209/1
f 4935/4206/1 4697/4132/1 4936/4207/1
f 4936/4207/1 4697/4132/1 4695/4138/1
f 4936/4207/1 4695/4138/1 4937/4208/1
f 4937/4208/1 4695/4138/1 4931/4200/1
f 4935/4206/1 4938/4204/1 4697/4132/1
f 4697/4132/1 4938/4204/1 4939/4203/1
f 4697/4132/1 4939/4203/1 4744/4133/1
f 4939/4203/1 4940/4202/1 4744/4133/1
f 4744/4133/1 4940/4202/1 4941/4212/1
f 4744/4133/1 4941/4212/1 4745/4139/1
f 4745/4139/1 4941/4212/1 4942/4210/1
f 4745/4139/1 4942/4210/1 4934/4209/1
f 4664/821/4 4663/819/4 4744/991/4
f 4744/991/4 4663/819/4 4697/992/4
f 4745/991/2 4695/992/2 4670/821/2
f 4670/821/2 4695/992/2 4669/819/2
f 4943/4216/1 4700/4134/1 4944/4217/1
f 4944/4217/1 4700/4134/1 4742/4135/1
f 4944/4217/1 4742/4135/1 4945/4218/1
f 4945/4218/1 4742/4135/1 4946/4222/1
f 4741/4129/1 4698/4128/1 4947/4214/1
f 4947/4214/1 4698/4128/1 4948/4215/1
f 4947/4214/1 4949/4213/1 4741/4129/1
f 4741/4129/1 4949/4213/1 4950/4225/1
f 4741/4129/1 4950/4225/1 4742/4135/1
f 4742/4135/1 4950/4225/1 4951/4223/1
f 4742/4135/1 4951/4223/1 4946/4222/1
f 4943/4216/1 4952/4221/1 4700/4134/1
f 4700/4134/1 4952/4221/1 4953/4220/1
f 4700/4134/1 4953/4220/1 4698/4128/1
f 4698/4128/1 4953/4220/1 4954/4219/1
f 4698/4128/1 4954/4219/1 4948/4215/1
f 4660/821/4 4659/819/4 4741/991/4
f 4741/991/4 4659/819/4 4698/992/4
f 4742/991/2 4700/992/2 4666/821/2
f 4666/821/2 4700/992/2 4665/819/2
f 4955/4229/1 4701/4130/1 4956/4230/1
f 4956/4230/1 4701/4130/1 4739/4131/1
f 4956/4230/1 4739/4131/1 4957/4231/1
f 4957/4231/1 4739/4131/1 4958/4235/1
f 4738/4125/1 4703/4124/1 4959/4227/1
f 4959/4227/1 4703/4124/1 4960/4228/1
f 4959/4227/1 4961/4226/1 4738/4125/1
f 4738/4125/1 4961/4226/1 4962/4238/1
f 4738/4125/1 4962/4238/1 4739/4131/1
f 4739/4131/1 4962/4238/1 4963/4236/1
f 4739/4131/1 4963/4236/1 4958/4235/1
f 4955/4229/1 4964/4234/1 4701/4130/1
f 4701/4130/1 4964/4234/1 4965/4233/1
f 4701/4130/1 4965/4233/1 4703/4124/1
f 4703/4124/1 4965/4233/1 4966/4232/1
f 4703/4124/1 4966/4232/1 4960/4228/1
f 4656/821/4 4655/819/4 4738/991/4
f 4738/991/4 4655/819/4 4703/992/4
f 4739/991/2 4701/992/2 4662/821/2
f 4662/821/2 4701/992/2 4661/819/2
f 4967/4242/1 4704/4126/1 4968/4243/1
f 4968/4243/1 4704/4126/1 4736/4127/1
f 4968/4243/1 4736/4127/1 4969/4244/1
f 4969/4244/1 4736/4127/1 4970/4248/1
f 4735/4121/1 4706/4120/1 4971/4240/1
f 4971/4240/1 4706/4120/1 4972/4241/1
f 4971/4240/1 4973/4239/1 4735/4121/1
f 4735/4121/1 4973/4239/1 4974/4251/1
f 4735/4121/1 4974/4251/1 4736/4127/1
f 4736/4127/1 4974/4251/1 4975/4249/1
f 4736/4127/1 4975/4249/1 4970/4248/1
f 4967/4242/1 4976/4247/1 4704/4126/1
f 4704/4126/1 4976/4247/1 4977/4246/1
f 4704/4126/1 4977/4246/1 4706/4120/1
f 4706/4120/1 4977/4246/1 4978/4245/1
f 4706/4120/1 4978/4245/1 4972/4241/1
f 4652/821/4 4651/819/4 4735/991/4
f 4735/991/4 4651/819/4 4706/992/4
f 4736/991/2 4704/992/2 4658/821/2
f 4658/821/2 4704/992/2 4657/819/2
f 4979/4252/1 4707/4122/1 4980/4253/1
f 4980/4253/1 4707/4122/1 4734/4123/1
f 4980/4253/1 4734/4123/1 4981/4257/1
f 4981/4257/1 4734/4123/1 4982/4264/1
f 4731/4117/1 4708/4116/1 4983/4271/1
f 4983/4271/1 4708/4116/1 4984/4258/1
f 4983/4271/1 4985/4268/1 4731/4117/1
f 4731/4117/1 4985/4268/1 4986/4267/1
f 4731/4117/1 4986/4267/1 4734/4123/1
f 4734/4123/1 4986/4267/1 4987/4265/1
f 4734/4123/1 4987/4265/1 4982/4264/1
f 4979/4252/1 4988/4261/1 4707/4122/1
f 4707/4122/1 4988/4261/1 4989/4260/1
f 4707/4122/1 4989/4260/1 4708/4116/1
f 4708/4116/1 4989/4260/1 4990/4259/1
f 4708/4116/1 4990/4259/1 4984/4258/1
f 4648/821/4 4647/819/4 4731/991/4
f 4731/991/4 4647/819/4 4708/992/4
f 4734/991/2 4707/992/2 4654/821/2
f 4654/821/2 4707/992/2 4653/819/2
f 4991/4273/1 4992/4272/1 4730/4119/1
f 4993/4262/1 4994/4256/1 4711/4112/1
f 4711/4112/1 4994/4256/1 4995/4255/1
f 4711/4112/1 4995/4255/1 4732/4113/1
f 4732/4113/1 4995/4255/1 4996/4254/1
f 4730/4119/1 4992/4272/1 4710/4118/1
f 4992/4272/1 4997/4270/1 4710/4118/1
f 4710/4118/1 4997/4270/1 4998/4269/1
f 4710/4118/1 4998/4269/1 4711/4112/1
f 4711/4112/1 4998/4269/1 4999/4263/1
f 4711/4112/1 4999/4263/1 4993/4262/1
f 4996/4254/1 5000/4276/1 4732/4113/1
f 4732/4113/1 5000/4276/1 5001/4275/1
f 4732/4113/1 5001/4275/1 4730/4119/1
f 4730/4119/1 5001/4275/1 5002/4274/1
f 4730/4119/1 5002/4274/1 4991/4273/1
f 4644/821/4 4643/819/4 4732/991/4
f 4732/991/4 4643/819/4 4711/992/4
f 4730/991/2 4710/992/2 4650/821/2
f 4650/821/2 4710/992/2 4649/819/2
f 5003/4279/1 5004/4278/1 4728/4115/1
f 5005/4281/1 5006/4280/1 4714/4108/1
f 4714/4108/1 5006/4280/1 5007/4289/1
f 4714/4108/1 5007/4289/1 4727/4109/1
f 4727/4109/1 5007/4289/1 5008/4288/1
f 4728/4115/1 5004/4278/1 4712/4114/1
f 5004/4278/1 5009/4277/1 4712/4114/1
f 4712/4114/1 5009/4277/1 5010/4283/1
f 4712/4114/1 5010/4283/1 4714/4108/1
f 4714/4108/1 5010/4283/1 5011/4282/1
f 4714/4108/1 5011/4282/1 5005/4281/1
f 5008/4288/1 5012/4287/1 4727/4109/1
f 4727/4109/1 5012/4287/1 5013/4285/1
f 4727/4109/1 5013/4285/1 4728/4115/1
f 4728/4115/1 5013/4285/1 5014/4284/1
f 4728/4115/1 5014/4284/1 5003/4279/1
f 4640/821/4 4639/819/4 4727/991/4
f 4727/991/4 4639/819/4 4714/992/4
f 4728/991/2 4712/992/2 4646/821/2
f 4646/821/2 4712/992/2 4645/819/2
f 5015/4299/1 5016/4298/1 4726/4111/1
f 4726/4111/1 5016/4298/1 4715/4110/1
f 5017/4295/1 5018/4296/1 4716/4107/1
f 4716/4107/1 5018/4296/1 5019/4302/1
f 4716/4107/1 5019/4302/1 4724/4106/1
f 4724/4106/1 5019/4302/1 5020/4301/1
f 5020/4301/1 5021/4300/1 4724/4106/1
f 4724/4106/1 5021/4300/1 5022/4291/1
f 4724/4106/1 5022/4291/1 4726/4111/1
f 4726/4111/1 5022/4291/1 5023/4290/1
f 4726/4111/1 5023/4290/1 5015/4299/1
f 5016/4298/1 5024/4297/1 4715/4110/1
f 4715/4110/1 5024/4297/1 5025/4293/1
f 4715/4110/1 5025/4293/1 4716/4107/1
f 4716/4107/1 5025/4293/1 5026/4294/1
f 4716/4107/1 5026/4294/1 5017/4295/1
f 4637/821/4 4638/819/4 4724/991/4
f 4724/991/4 4638/819/4 4716/992/4
f 4726/991/2 4715/992/2 4642/821/2
f 4642/821/2 4715/992/2 4641/819/2
f 4878/993/23 5016/994/23 4879/995/23
f 4879/995/7 5016/994/7 5015/996/7
f 4879/294/9 5015/295/9 4871/296/9
f 4871/296/9 5015/295/9 5023/297/9
f 4871/296/10 5023/297/10 4872/298/10
f 4872/298/10 5023/297/10 5022/299/10
f 4872/298/11 5022/299/11 4880/300/11
f 4880/300/11 5022/299/11 5021/301/11
f 4880/300/12 5021/301/12 4881/302/12
f 4881/302/12 5021/301/12 5020/303/12
f 4881/995/13 5020/996/13 4882/993/13
f 4882/993/24 5020/996/24 5019/994/24
f 4882/993/25 5019/994/25 4876/997/25
f 4876/997/16 5019/994/16 5018/998/16
f 4876/302/17 5018/303/17 4875/300/17
f 4875/300/17 5018/303/17 5017/301/17
f 4875/300/18 5017/301/18 4874/298/18
f 4874/298/18 5017/301/18 5026/299/18
f 4874/298/19 5026/299/19 4873/296/19
f 4873/296/19 5026/299/19 5025/297/19
f 4873/296/20 5025/297/20 4877/294/20
f 4877/294/20 5025/297/20 5024/295/20
f 4877/997/22 5024/998/22 4878/993/22
f 4878/993/26 5024/998/26 5016/994/26
f 4860/993/8 5004/994/8 4861/995/8
f 4861/995/7 5004/994/7 5003/996/7
f 4861/304/9 5003/305/9 4866/306/9
f 4866/306/9 5003/305/9 5014/307/9
f 4866/306/10 5014/307/10 4867/308/10
f 4867/308/10 5014/307/10 5013/309/10
f 4867/308/11 5013/309/11 4868/310/11
f 4868/310/11 5013/309/11 5012/311/11
f 4868/310/12 5012/311/12 4869/312/12
f 4869/312/12 5012/311/12 5008/313/12
f 4869/995/14 5008/996/14 4870/993/14
f 4870/993/13 5008/996/13 5007/994/13
f 4870/993/16 5007/994/16 4862/997/16
f 4862/997/15 5007/994/15 5006/998/15
f 4862/312/17 5006/313/17 4863/310/17
f 4863/310/17 5006/313/17 5005/311/17
f 4863/310/18 5005/311/18 4864/308/18
f 4864/308/18 5005/311/18 5011/309/18
f 4864/308/19 5011/309/19 4865/306/19
f 4865/306/19 5011/309/19 5010/307/19
f 4865/306/20 5010/307/20 4859/304/20
f 4859/304/20 5010/307/20 5009/305/20
f 4859/997/22 5009/998/22 4860/993/22
f 4860/993/21 5009/998/21 5004/994/21
f 4854/993/23 4992/994/23 4855/995/23
f 4855/995/7 4992/994/7 4991/996/7
f 4855/314/27 4991/315/27 4856/316/27
f 4856/316/9 4991/315/9 5002/317/9
f 4856/316/10 5002/317/10 4857/318/10
f 4857/318/10 5002/317/10 5001/319/10
f 4857/318/11 5001/319/11 4858/320/11
f 4858/320/11 5001/319/11 5000/321/11
f 4858/320/28 5000/321/28 4837/322/28
f 4837/322/12 5000/321/12 4996/323/12
f 4837/995/24 4996/996/24 4838/993/24
f 4838/993/13 4996/996/13 4995/994/13
f 4838/993/16 4995/994/16 4839/997/16
f 4839/997/25 4995/994/25 4994/998/25
f 4839/322/17 4994/323/17 4845/320/17
f 4845/320/29 4994/323/29 4993/321/29
f 4845/320/18 4993/321/18 4846/318/18
f 4846/318/18 4993/321/18 4999/319/18
f 4846/318/19 4999/319/19 4851/316/19
f 4851/316/19 4999/319/19 4998/317/19
f 4851/316/20 4998/317/20 4852/314/20
f 4852/314/30 4998/317/30 4997/315/30
f 4852/997/22 4997/998/22 4854/993/22
f 4854/993/26 4997/998/26 4992/994/26
f 4836/993/23 4980/994/23 4840/995/23
f 4840/995/8 4980/994/8 4981/996/8
f 4840/324/31 4981/325/31 4847/326/31
f 4847/326/9 4981/325/9 4982/327/9
f 4847/326/10 4982/327/10 4848/328/10
f 4848/328/10 4982/327/10 4987/329/10
f 4848/328/11 4987/329/11 4849/330/11
f 4849/330/11 4987/329/11 4986/331/11
f 4849/330/28 4986/331/28 4850/332/28
f 4850/332/32 4986/331/32 4985/333/32
f 4850/995/24 4985/996/24 4853/993/24
f 4853/993/24 4985/996/24 4983/994/24
f 4853/993/25 4983/994/25 4841/997/25
f 4841/997/25 4983/994/25 4984/998/25
f 4841/332/33 4984/333/33 4842/330/33
f 4842/330/29 4984/333/29 4990/331/29
f 4842/330/18 4990/331/18 4843/328/18
f 4843/328/18 4990/331/18 4989/329/18
f 4843/328/19 4989/329/19 4844/326/19
f 4844/326/19 4989/329/19 4988/327/19
f 4844/326/20 4988/327/20 4835/324/20
f 4835/324/34 4988/327/34 4979/325/34
f 4835/997/21 4979/998/21 4836/993/21
f 4836/993/26 4979/998/26 4980/994/26
f 4827/993/23 4968/994/23 4828/995/23
f 4828/995/23 4968/994/23 4969/996/23
f 4828/334/31 4969/335/31 4832/336/31
f 4832/336/27 4969/335/27 4970/337/27
f 4832/336/10 4970/337/10 4833/338/10
f 4833/338/10 4970/337/10 4975/339/10
f 4833/338/11 4975/339/11 4834/340/11
f 4834/340/11 4975/339/11 4974/341/11
f 4834/340/12 4974/341/12 4823/342/12
f 4823/342/28 4974/341/28 4973/343/28
f 4823/995/24 4973/996/24 4824/993/24
f 4824/993/14 4973/996/14 4971/994/14
f 4824/993/15 4971/994/15 4825/997/15
f 4825/997/25 4971/994/25 4972/998/25
f 4825/342/29 4972/343/29 4829/340/29
f 4829/340/17 4972/343/17 4978/341/17
f 4829/340/18 4978/341/18 4830/338/18
f 4830/338/18 4978/341/18 4977/339/18
f 4830/338/19 4977/339/19 4831/336/19
f 4831/336/19 4977/339/19 4976/337/19
f 4831/336/30 4976/337/30 4826/334/30
f 4826/334/34 4976/337/34 4967/335/34
f 4826/997/26 4967/998/26 4827/993/26
f 4827/993/26 4967/998/26 4968/994/26
f 4815/993/23 4956/994/23 4816/995/23
f 4816/995/23 4956/994/23 4957/996/23
f 4816/344/9 4957/345/9 4820/346/9
f 4820/346/31 4957/345/31 4958/347/31
f 4820/346/10 4958/347/10 4821/348/10
f 4821/348/10 4958/347/10 4963/349/10
f 4821/348/11 4963/349/11 4822/350/11
f 4822/350/11 4963/349/11 4962/351/11
f 4822/350/32 4962/351/32 4811/352/32
f 4811/352/28 4962/351/28 4961/353/28
f 4811/995/24 4961/996/24 4812/993/24
f 4812/993/24 4961/996/24 4959/994/24
f 4812/993/25 4959/994/25 4813/997/25
f 4813/997/25 4959/994/25 4960/998/25
f 4813/352/29 4960/353/29 4817/350/29
f 4817/350/33 4960/353/33 4966/351/33
f 4817/350/18 4966/351/18 4818/348/18
f 4818/348/18 4966/351/18 4965/349/18
f 4818/348/19 4965/349/19 4819/346/19
f 4819/346/19 4965/349/19 4964/347/19
f 4819/346/34 4964/347/34 4814/344/34
f 4814/344/20 4964/347/20 4955/345/20
f 4814/997/26 4955/998/26 4815/993/26
f 4815/993/26 4955/998/26 4956/994/26
f 4803/993/23 4944/994/23 4804/995/23
f 4804/995/23 4944/994/23 4945/996/23
f 4804/354/9 4945/355/9 4808/356/9
f 4808/356/31 4945/355/31 4946/357/31
f 4808/356/10 4946/357/10 4809/358/10
f 4809/358/10 4946/357/10 4951/359/10
f 4809/358/11 4951/359/11 4810/360/11
f 4810/360/11 4951/359/11 4950/361/11
f 4810/360/12 4950/361/12 4799/362/12
f 4799/362/28 4950/361/28 4949/363/28
f 4799/995/14 4949/996/14 4800/993/14
f 4800/993/24 4949/996/24 4947/994/24
f 4800/993/25 4947/994/25 4801/997/25
f 4801/997/15 4947/994/15 4948/998/15
f 4801/362/29 4948/363/29 4805/360/29
f 4805/360/17 4948/363/17 4954/361/17
f 4805/360/18 4954/361/18 4806/358/18
f 4806/358/18 4954/361/18 4953/359/18
f 4806/358/19 4953/359/19 4807/356/19
f 4807/356/19 4953/359/19 4952/357/19
f 4807/356/34 4952/357/34 4802/354/34
f 4802/354/20 4952/357/20 4943/355/20
f 4802/997/26 4943/998/26 4803/993/26
f 4803/993/26 4943/998/26 4944/994/26
f 4788/993/7 4932/994/7 4792/995/7
f 4792/995/8 4932/994/8 4933/996/8
f 4792/364/9 4933/365/9 4796/366/9
f 4796/366/31 4933/365/31 4934/367/31
f 4796/366/10 4934/367/10 4797/368/10
f 4797/368/10 4934/367/10 4942/369/10
f 4797/368/11 4942/369/11 4798/370/11
f 4798/370/11 4942/369/11 4941/371/11
f 4798/370/12 4941/371/12 4789/372/12
f 4789/372/32 4941/371/32 4940/373/32
f 4789/995/13 4940/996/13 4790/993/13
f 4790/993/24 4940/996/24 4939/994/24
f 4790/993/25 4939/994/25 4791/997/25
f 4791/997/16 4939/994/16 4938/998/16
f 4791/372/33 4938/373/33 4793/370/33
f 4793/370/17 4938/373/17 4935/371/17
f 4793/370/18 4935/371/18 4794/368/18
f 4794/368/18 4935/371/18 4936/369/18
f 4794/368/19 4936/369/19 4795/366/19
f 4795/366/19 4936/369/19 4937/367/19
f 4795/366/34 4937/367/34 4787/364/34
f 4787/364/20 4937/367/20 4931/365/20
f 4787/997/21 4931/998/21 4788/993/21
f 4788/993/22 4931/998/22 4932/994/22
f 4776/993/7 4920/994/7 4780/995/7
f 4780/995/23 4920/994/23 4921/996/23
f 4780/374/9 4921/375/9 4784/376/9
f 4784/376/27 4921/375/27 4930/377/27
f 4784/376/10 4930/377/10 4785/378/10
f 4785/378/10 4930/377/10 4929/379/10
f 4785/378/11 4929/379/11 4786/380/11
f 4786/380/11 4929/379/11 4928/381/11
f 4786/380/12 4928/381/12 4777/382/12
f 4777/382/12 4928/381/12 4925/383/12
f 4777/995/13 4925/996/13 4778/993/13
f 4778/993/14 4925/996/14 4926/994/14
f 4778/993/15 4926/994/15 4779/997/15
f 4779/997/16 4926/994/16 4927/998/16
f 4779/382/17 4927/383/17 4781/380/17
f 4781/380/17 4927/383/17 4922/381/17
f 4781/380/18 4922/381/18 4782/378/18
f 4782/378/18 4922/381/18 4923/379/18
f 4782/378/19 4923/379/19 4783/376/19
f 4783/376/19 4923/379/19 4924/377/19
f 4783/376/30 4924/377/30 4775/374/30
f 4775/374/20 4924/377/20 4919/375/20
f 4775/997/26 4919/998/26 4776/993/26
f 4776/993/22 4919/998/22 4920/994/22
f 4767/993/8 4908/994/8 4766/995/8
f 4766/995/7 4908/994/7 4909/996/7
f 4766/384/9 4909/385/9 4772/386/9
f 4772/386/9 4909/385/9 4918/387/9
f 4772/386/10 4918/387/10 4773/388/10
f 4773/388/10 4918/387/10 4917/389/10
f 4773/388/11 4917/389/11 4774/390/11
f 4774/390/11 4917/389/11 4916/391/11
f 4774/390/32 4916/391/32 4763/392/32
f 4763/392/12 4916/391/12 4913/393/12
f 4763/995/24 4913/996/24 4764/993/24
f 4764/993/13 4913/996/13 4914/994/13
f 4764/993/16 4914/994/16 4765/997/16
f 4765/997/25 4914/994/25 4915/998/25
f 4765/392/17 4915/393/17 4769/390/17
f 4769/390/33 4915/393/33 4910/391/33
f 4769/390/18 4910/391/18 4770/388/18
f 4770/388/18 4910/391/18 4911/389/18
f 4770/388/19 4911/389/19 4771/386/19
f 4771/386/19 4911/389/19 4912/387/19
f 4771/386/20 4912/387/20 4768/384/20
f 4768/384/20 4912/387/20 4907/385/20
f 4768/997/22 4907/998/22 4767/993/22
f 4767/993/21 4907/998/21 4908/994/21
f 5027/4316/380 5028/4317/380 5029/4318/380
f 5029/4318/380 5028/4317/380 5030/4319/380
f 5027/4316/379 5029/4318/379 5031/4320/379
f 5027/4316/379 5031/4320/379 5032/4321/379
f 5032/4321/378 5031/4320/378 5033/4322/378
f 5032/4321/378 5033/4322/378 5034/4323/378
f 5034/4323/377 5033/4322/377 5035/4324/377
f 5034/4323/377 5035/4324/377 5036/4325/377
f 5036/4325/448 5035/4324/448 5037/4326/448
f 5036/4325/448 5037/4326/448 5038/4327/448
f 5038/4328/375 5037/4329/375 5039/4330/375
f 5038/4328/375 5039/4330/375 5040/4331/375
f 5040/4331/374 5039/4330/374 5041/4332/374
f 5040/4331/374 5041/4332/374 5042/4333/374
f 5042/4333/372 5041/4332/372 5043/4334/372
f 5042/4333/372 5043/4334/372 5044/4335/372
f 5044/4335/371 5043/4334/371 5045/4336/371
f 5044/4335/371 5045/4336/371 5046/4337/371
f 5046/4337/369 5045/4336/369 5047/4338/369
f 5046/4337/369 5047/4338/369 5048/4339/369
f 5048/4339/1 5047/4338/1 5049/4340/1
f 5048/4339/1 5049/4340/1 5050/4341/1
f 5050/4341/368 5049/4340/368 5051/4342/368
f 5050/4341/383 5051/4342/383 5052/4343/383
f 5052/4343/367 5051/4342/367 5053/4344/367
f 5052/4343/367 5053/4344/367 5054/4345/367
f 5054/4345/366 5053/4344/366 5055/4346/366
f 5054/4345/366 5055/4346/366 5056/4347/366
f 5056/4347/449 5055/4346/449 5057/4348/449
f 5056/4347/365 5057/4348/365 5058/4349/365
f 5058/4349/364 5057/4348/364 5059/4350/364
f 5058/4349/364 5059/4350/364 5060/4351/364
f 5060/4352/382 5059/4353/382 5061/4354/382
f 5060/4352/382 5061/4354/382 5062/4355/382
f 5062/4355/362 5061/4354/362 5063/4356/362
f 5062/4355/362 5063/4356/362 5064/4357/362
f 5064/4357/361 5063/4356/361 5065/4358/361
f 5064/4357/361 5065/4358/361 5066/4359/361
f 5066/4359/360 5065/4358/360 5067/4360/360
f 5066/4359/360 5067/4360/360 5068/4361/360
f 5069/4362/359 5068/4361/359 5070/4363/359
f 5070/4363/450 5068/4361/450 5067/4360/450
f 5028/4364/6 5069/4365/6 5030/4366/6
f 5030/4366/6 5069/4365/6 5070/4367/6
f 5068/4368/275 5069/4369/275 5028/4370/275
f 5028/4370/275 5027/4371/275 5068/4368/275
f 5068/4368/275 5027/4371/275 5032/4372/275
f 5068/4368/275 5032/4372/275 5034/4373/275
f 5034/4373/275 5036/4374/275 5068/4368/275
f 5068/4368/275 5036/4374/275 5038/4375/275
f 5068/4368/358 5038/4375/358 5040/4376/358
f 5040/4376/275 5042/4377/275 5068/4368/275
f 5068/4368/275 5042/4377/275 5044/4378/275
f 5068/4368/358 5044/4378/358 5046/4379/358
f 5046/4379/275 5048/4380/275 5068/4368/275
f 5068/4368/275 5048/4380/275 5050/4381/275
f 5068/4368/358 5050/4381/358 5066/4382/358
f 5058/4383/275 5060/4384/275 5050/4381/275
f 5058/4383/358 5050/4381/358 5056/4385/358
f 5056/4385/358 5050/4381/358 5052/4386/358
f 5056/4385/275 5052/4386/275 5054/4387/275
f 5060/4384/358 5062/4388/358 5050/4381/358
f 5050/4381/275 5062/4388/275 5064/4389/275
f 5050/4381/358 5064/4389/358 5066/4382/358
f 5030/4390/357 5070/4391/357 5029/4392/357
f 5029/4392/276 5070/4391/276 5067/4393/276
f 5035/4394/276 5067/4393/276 5065/4395/276
f 5035/4394/276 5033/4396/276 5067/4393/276
f 5067/4393/357 5033/4396/357 5031/4397/357
f 5067/4393/357 5031/4397/357 5029/4392/357
f 5065/4395/276 5063/4398/276 5035/4394/276
f 5035/4394/357 5063/4398/357 5061/4399/357
f 5035/4394/357 5061/4399/357 5059/4400/357
f 5059/4400/276 5057/4401/276 5035/4394/276
f 5035/4394/357 5057/4401/357 5055/4402/357
f 5035/4394/276 5055/4402/276 5053/4403/276
f 5047/4404/357 5045/4405/357 5035/4394/357
f 5035/4394/276 5045/4405/276 5043/4406/276
f 5043/4406/276 5041/4407/276 5035/4394/276
f 5035/4394/357 5041/4407/357 5039/4408/357
f 5035/4394/357 5039/4408/357 5037/4409/357
f 5053/4403/276 5051/4410/276 5035/4394/276
f 5035/4394/276 5051/4410/276 5049/4411/276
f 5035/4394/276 5049/4411/276 5047/4404/276
f 5071/4412/451 5072/4413/451 5073/4414/451
f 5073/4414/452 5072/4413/452 5074/4415/452
f 5073/4414/452 5074/4415/452 5075/4416/452
f 5075/4416/453 5074/4415/453 5076/4417/453
f 5075/4416/453 5076/4417/453 5077/4418/453
f 5077/4418/454 5076/4417/454 5078/4419/454
f 5077/4418/454 5078/4419/454 5079/4420/454
f 5079/4420/455 5078/4419/455 5080/4421/455
f 5079/4420/455 5080/4421/455 5081/4422/455
f 5081/4422/456 5080/4421/456 5082/4423/456
f 5081/4422/456 5082/4423/456 5083/4424/456
f 5083/4424/457 5082/4423/457 5084/4425/457
f 5083/4424/457 5084/4425/457 5085/4426/457
f 5085/3991/458 5084/3990/458 5086/3993/458
f 5085/3991/458 5086/3993/458 5087/3992/458
f 5087/3992/459 5086/3993/459 5088/4427/459
f 5087/3992/459 5088/4427/459 5089/3994/459
f 5089/3994/460 5088/4427/460 5090/3997/460
f 5089/3994/461 5090/3997/461 5091/3996/461
f 5091/3996/462 5090/3997/462 5092/3999/462
f 5091/3996/462 5092/3999/462 5093/3998/462
f 5093/3998/463 5092/3999/463 5094/4001/463
f 5093/3998/463 5094/4001/463 5095/4000/463
f 5095/4000/464 5094/4001/464 5096/4003/464
f 5095/4000/464 5096/4003/464 5097/4002/464
f 5097/4002/465 5096/4003/465 5098/4005/465
f 5097/4002/465 5098/4005/465 5099/4004/465
f 5099/4428/466 5098/4429/466 5100/4430/466
f 5099/4428/466 5100/4430/466 5101/4431/466
f 5101/4431/467 5100/4430/467 5102/4432/467
f 5101/4431/467 5102/4432/467 5103/4433/467
f 5103/4433/468 5102/4432/468 5104/4434/468
f 5103/4433/468 5104/4434/468 5105/4435/468
f 5105/4435/469 5104/4434/469 5106/4436/469
f 5105/4435/469 5106/4436/469 5107/4437/469
f 5107/4437/470 5106/4436/470 5108/4438/470
f 5107/4437/470 5108/4438/470 5109/4439/470
f 5109/4439/471 5108/4438/471 5110/4440/471
f 5109/4439/472 5110/4440/472 5111/4441/472
f 5111/4441/473 5110/4440/473 5112/4442/473
f 5111/4441/473 5112/4442/473 5113/4443/473
f 5113/4443/474 5112/4442/474 5114/4444/474
f 5113/4443/474 5114/4444/474 5115/4445/474
f 5115/4445/475 5114/4444/475 5116/4446/475
f 5115/4445/475 5116/4446/475 5117/4447/475
f 5117/4447/476 5116/4446/476 5118/4448/476
f 5117/4447/476 5118/4448/476 5119/4449/476
f 5119/4450/477 5118/4028/477 5120/4031/477
f 5119/4450/477 5120/4031/477 5121/4030/477
f 5121/4030/478 5120/4031/478 5122/4033/478
f 5121/4030/479 5122/4033/479 5123/4032/479
f 5123/4032/480 5122/4033/480 5124/4451/480
f 5123/4032/481 5124/4451/481 5125/4452/481
f 5125/4452/482 5124/4451/482 5126/4037/482
f 5125/4452/482 5126/4037/482 5127/4036/482
f 5127/4036/483 5126/4037/483 5128/4039/483
f 5127/4036/483 5128/4039/483 5129/4453/483
f 5129/4453/484 5128/4039/484 5130/4041/484
f 5129/4453/484 5130/4041/484 5131/4040/484
f 5131/4040/485 5130/4041/485 5132/4043/485
f 5131/4040/485 5132/4043/485 5133/4454/485
f 5133/4455/486 5132/4456/486 5134/4457/486
f 5133/4455/486 5134/4457/486 5135/4458/486
f 5135/4458/487 5134/4457/487 5136/4459/487
f 5135/4458/487 5136/4459/487 5137/4460/487
f 5137/4460/488 5136/4459/488 5138/4461/488
f 5137/4460/488 5138/4461/488 5071/4412/488
f 5071/4412/451 5138/4461/451 5072/4413/451
f 5104/4462/275 5102/4463/275 5139/4464/275
f 5110/4465/358 5108/4466/358 5139/4464/358
f 5139/4464/275 5108/4466/275 5106/4467/275
f 5139/4464/358 5106/4467/358 5104/4462/358
f 5116/4468/275 5114/4469/275 5139/4464/275
f 5139/4464/358 5114/4469/358 5112/4470/358
f 5139/4464/275 5112/4470/275 5110/4465/275
f 5122/4471/358 5120/4472/358 5139/4464/358
f 5139/4464/275 5120/4472/275 5118/4473/275
f 5139/4464/358 5118/4473/358 5116/4468/358
f 5128/4474/358 5126/4475/358 5139/4464/358
f 5139/4464/358 5126/4475/358 5124/4476/358
f 5139/4464/358 5124/4476/358 5122/4471/358
f 5134/4477/358 5132/4478/358 5139/4464/358
f 5139/4464/275 5132/4478/275 5130/4479/275
f 5139/4464/358 5130/4479/358 5128/4474/358
f 5072/4480/275 5138/4481/275 5139/4464/275
f 5139/4464/358 5138/4481/358 5136/4482/358
f 5139/4464/275 5136/4482/275 5134/4477/275
f 5078/4483/275 5076/4484/275 5139/4464/275
f 5139/4464/275 5076/4484/275 5074/4485/275
f 5139/4464/275 5074/4485/275 5072/4480/275
f 5084/4486/275 5082/4487/275 5139/4464/275
f 5139/4464/275 5082/4487/275 5080/4488/275
f 5139/4464/358 5080/4488/358 5078/4483/358
f 5090/4489/275 5088/4490/275 5139/4464/275
f 5139/4464/275 5088/4490/275 5086/4491/275
f 5139/4464/358 5086/4491/358 5084/4486/358
f 5096/4492/275 5094/4493/275 5139/4464/275
f 5139/4464/275 5094/4493/275 5092/4494/275
f 5139/4464/275 5092/4494/275 5090/4489/275
f 5102/4463/275 5100/4495/275 5139/4464/275
f 5139/4464/275 5100/4495/275 5098/4496/275
f 5139/4464/358 5098/4496/358 5096/4492/358
f 5105/4497/276 5107/4498/276 5140/4499/276
f 5099/4500/276 5101/4501/276 5140/4499/276
f 5140/4499/276 5101/4501/276 5103/4502/276
f 5140/4499/357 5103/4502/357 5105/4497/357
f 5093/4503/276 5095/4504/276 5140/4499/276
f 5140/4499/276 5095/4504/276 5097/4505/276
f 5140/4499/357 5097/4505/357 5099/4500/357
f 5087/4506/357 5089/4507/357 5140/4499/357
f 5140/4499/276 5089/4507/276 5091/4508/276
f 5140/4499/357 5091/4508/357 5093/4503/357
f 5081/4509/276 5083/4510/276 5140/4499/276
f 5140/4499/357 5083/4510/357 5085/4511/357
f 5140/4499/276 5085/4511/276 5087/4506/276
f 5075/4512/276 5077/4513/276 5140/4499/276
f 5140/4499/357 5077/4513/357 5079/4514/357
f 5140/4499/357 5079/4514/357 5081/4509/357
f 5137/4515/357 5071/4516/357 5140/4499/357
f 5140/4499/276 5071/4516/276 5073/4517/276
f 5140/4499/357 5073/4517/357 5075/4512/357
f 5131/4518/357 5133/4519/357 5140/4499/357
f 5140/4499/357 5133/4519/357 5135/4520/357
f 5140/4499/276 5135/4520/276 5137/4515/276
f 5125/4521/276 5127/4522/276 5140/4499/276
f 5140/4499/357 5127/4522/357 5129/4523/357
f 5140/4499/276 5129/4523/276 5131/4518/276
f 5119/4524/276 5121/4525/276 5140/4499/276
f 5140/4499/357 5121/4525/357 5123/4526/357
f 5140/4499/357 5123/4526/357 5125/4521/357
f 5113/4527/357 5115/4528/357 5140/4499/357
f 5140/4499/357 5115/4528/357 5117/4529/357
f 5140/4499/276 5117/4529/276 5119/4524/276
f 5107/4498/276 5109/4530/276 5140/4499/276
f 5140/4499/276 5109/4530/276 5111/4531/276
f 5140/4499/276 5111/4531/276 5113/4527/276
f 5141/4054/380 5142/4055/380 5143/4052/380
f 5143/4052/380 5142/4055/380 5144/4053/380
f 5141/4054/379 5143/4052/379 5145/4057/379
f 5141/4054/379 5145/4057/379 5146/4056/379
f 5146/4056/378 5145/4057/378 5147/4059/378
f 5146/4056/378 5147/4059/378 5148/4058/378
f 5148/4058/377 5147/4059/377 5149/4061/377
f 5148/4058/377 5149/4061/377 5150/4060/377
f 5150/4060/376 5149/4061/376 5151/4063/376
f 5150/4060/376 5151/4063/376 5152/4062/376
f 5152/4532/375 5151/4533/375 5153/4534/375
f 5152/4532/375 5153/4534/375 5154/4535/375
f 5154/4535/374 5153/4534/374 5155/4536/374
f 5154/4535/374 5155/4536/374 5156/4537/374
f 5156/4537/372 5155/4536/372 5157/4538/372
f 5156/4537/372 5157/4538/372 5158/4539/372
f 5158/4539/371 5157/4538/371 5159/4540/371
f 5158/4539/371 5159/4540/371 5160/4541/371
f 5160/4541/370 5159/4540/370 5161/4542/370
f 5160/4541/369 5161/4542/369 5162/4543/369
f 5162/4543/1 5161/4542/1 5163/4544/1
f 5162/4543/1 5163/4544/1 5164/4545/1
f 5164/4545/368 5163/4544/368 5165/4546/368
f 5164/4545/383 5165/4546/383 5166/4547/383
f 5166/4547/367 5165/4546/367 5167/4548/367
f 5166/4547/367 5167/4548/367 5168/4549/367
f 5168/4549/366 5167/4548/366 5169/4550/366
f 5168/4549/366 5169/4550/366 5170/4551/366
f 5170/4551/365 5169/4550/365 5171/4552/365
f 5170/4551/365 5171/4552/365 5172/4553/365
f 5172/4553/364 5171/4552/364 5173/4554/364
f 5172/4553/364 5173/4554/364 5174/4555/364
f 5174/4089/382 5173/4088/382 5175/4091/382
f 5174/4089/382 5175/4091/382 5176/4090/382
f 5176/4090/362 5175/4091/362 5177/4093/362
f 5176/4090/362 5177/4093/362 5178/4092/362
f 5178/4092/361 5177/4093/361 5179/4095/361
f 5178/4092/361 5179/4095/361 5180/4094/361
f 5180/4094/360 5179/4095/360 5181/4097/360
f 5180/4094/360 5181/4097/360 5182/4096/360
f 5183/4099/359 5182/4096/359 5184/4098/359
f 5184/4098/450 5182/4096/450 5181/4097/450
f 5142/4556/6 5183/4557/6 5144/4558/6
f 5144/4558/6 5183/4557/6 5184/4559/6
f 5182/4560/275 5183/4561/275 5142/4562/275
f 5142/4562/275 5141/4563/275 5182/4560/275
f 5182/4560/275 5141/4563/275 5146/4564/275
f 5182/4560/275 5146/4564/275 5148/4565/275
f 5148/4565/275 5150/4566/275 5182/4560/275
f 5182/4560/358 5150/4566/358 5152/4567/358
f 5182/4560/275 5152/4567/275 5154/4568/275
f 5154/4568/275 5156/4569/275 5182/4560/275
f 5182/4560/275 5156/4569/275 5158/4570/275
f 5182/4560/358 5158/4570/358 5160/4571/358
f 5160/4571/275 5162/4572/275 5182/4560/275
f 5182/4560/358 5162/4572/358 5164/4573/358
f 5182/4560/275 5164/4573/275 5180/4574/275
f 5172/4575/275 5174/4576/275 5164/4573/275
f 5172/4575/358 5164/4573/358 5170/4577/358
f 5170/4577/275 5164/4573/275 5166/4578/275
f 5170/4577/358 5166/4578/358 5168/4579/358
f 5174/4576/358 5176/4580/358 5164/4573/358
f 5164/4573/275 5176/4580/275 5178/4581/275
f 5164/4573/358 5178/4581/358 5180/4574/358
f 5144/4582/357 5184/4583/357 5143/4584/357
f 5143/4584/276 5184/4583/276 5181/4585/276
f 5149/4586/276 5181/4585/276 5179/4587/276
f 5149/4586/276 5147/4588/276 5181/4585/276
f 5181/4585/276 5147/4588/276 5145/4589/276
f 5181/4585/276 5145/4589/276 5143/4584/276
f 5179/4587/276 5177/4590/276 5149/4586/276
f 5149/4586/357 5177/4590/357 5175/4591/357
f 5149/4586/357 5175/4591/357 5173/4592/357
f 5173/4592/276 5171/4593/276 5149/4586/276
f 5149/4586/357 5171/4593/357 5169/4594/357
f 5149/4586/276 5169/4594/276 5167/4595/276
f 5161/4596/357 5159/4597/357 5149/4586/357
f 5149/4586/276 5159/4597/276 5157/4598/276
f 5157/4598/276 5155/4599/276 5149/4586/276
f 5149/4586/357 5155/4599/357 5153/4600/357
f 5149/4586/276 5153/4600/276 5151/4601/276
f 5167/4595/276 5165/4602/276 5149/4586/276
f 5149/4586/357 5165/4602/357 5163/4603/357
f 5149/4586/276 5163/4603/276 5161/4596/276
f 5185/4318/424 5186/4319/424 5187/4316/424
f 5187/4316/424 5186/4319/424 5188/4317/424
f 5185/4318/425 5187/4316/425 5189/4321/425
f 5185/4318/425 5189/4321/425 5190/4320/425
f 5190/4320/426 5189/4321/426 5191/4323/426
f 5190/4320/426 5191/4323/426 5192/4322/426
f 5192/4322/427 5191/4323/427 5193/4325/427
f 5192/4322/427 5193/4325/427 5194/4324/427
f 5194/4324/489 5193/4325/489 5195/4327/489
f 5194/4324/489 5195/4327/489 5196/4326/489
f 5196/4604/429 5195/4605/429 5197/4606/429
f 5196/4604/429 5197/4606/429 5198/4607/429
f 5198/4607/430 5197/4606/430 5199/4608/430
f 5198/4607/430 5199/4608/430 5200/4609/430
f 5200/4609/431 5199/4608/431 5201/4610/431
f 5200/4609/431 5201/4610/431 5202/4611/431
f 5202/4611/432 5201/4610/432 5203/4612/432
f 5202/4611/432 5203/4612/432 5204/4613/432
f 5204/4613/433 5203/4612/433 5205/4614/433
f 5204/4613/434 5205/4614/434 5206/4615/434
f 5206/4615/1 5205/4614/1 5207/4616/1
f 5206/4615/1 5207/4616/1 5208/4617/1
f 5208/4617/435 5207/4616/435 5209/4618/435
f 5208/4617/436 5209/4618/436 5210/4619/436
f 5210/4619/437 5209/4618/437 5211/4620/437
f 5210/4619/437 5211/4620/437 5212/4621/437
f 5212/4621/438 5211/4620/438 5213/4622/438
f 5212/4621/438 5213/4622/438 5214/4623/438
f 5214/4623/439 5213/4622/439 5215/4624/439
f 5214/4623/439 5215/4624/439 5216/4625/439
f 5216/4625/440 5215/4624/440 5217/4626/440
f 5216/4625/440 5217/4626/440 5218/4627/440
f 5218/4353/441 5217/4352/441 5219/4355/441
f 5218/4353/441 5219/4355/441 5220/4354/441
f 5220/4354/442 5219/4355/442 5221/4357/442
f 5220/4354/442 5221/4357/442 5222/4356/442
f 5222/4356/443 5221/4357/443 5223/4359/443
f 5222/4356/443 5223/4359/443 5224/4358/443
f 5224/4358/444 5223/4359/444 5225/4361/444
f 5224/4358/444 5225/4361/444 5226/4360/444
f 5227/4363/445 5226/4360/445 5228/4362/445
f 5228/4362/446 5226/4360/446 5225/4361/446
f 5186/4628/6 5227/4629/6 5188/4630/6
f 5188/4630/6 5227/4629/6 5228/4631/6
f 5226/3860/52 5227/3858/52 5186/3857/52
f 5186/3857/422 5185/3859/422 5226/3860/422
f 5226/3860/422 5185/3859/422 5190/3864/422
f 5226/3860/422 5190/3864/422 5192/3863/422
f 5192/3863/52 5194/3861/52 5226/3860/52
f 5226/3860/422 5194/3861/422 5196/3876/422
f 5226/3860/422 5196/3876/422 5198/3875/422
f 5198/3875/52 5200/3874/52 5226/3860/52
f 5226/3860/52 5200/3874/52 5202/3873/52
f 5226/3860/52 5202/3873/52 5204/3872/52
f 5204/3872/422 5206/3871/422 5226/3860/422
f 5226/3860/422 5206/3871/422 5208/3878/422
f 5226/3860/52 5208/3878/52 5224/3862/52
f 5216/3868/52 5218/3867/52 5208/3878/52
f 5216/3868/52 5208/3878/52 5214/3869/52
f 5214/3869/422 5208/3878/422 5210/3877/422
f 5214/3869/490 5210/3877/490 5212/3870/490
f 5218/3867/52 5220/3866/52 5208/3878/52
f 5208/3878/422 5220/3866/422 5222/3865/422
f 5208/3878/52 5222/3865/52 5224/3862/52
f 5188/3837/51 5228/3836/51 5187/3838/51
f 5187/3838/51 5228/3836/51 5225/3835/51
f 5193/3841/51 5225/3835/51 5223/3849/51
f 5193/3841/51 5191/3840/51 5225/3835/51
f 5225/3835/51 5191/3840/51 5189/3839/51
f 5225/3835/51 5189/3839/51 5187/3838/51
f 5223/3849/51 5221/3856/51 5193/3841/51
f 5193/3841/51 5221/3856/51 5219/3855/51
f 5193/3841/51 5219/3855/51 5217/3851/51
f 5217/3851/51 5215/3850/51 5193/3841/51
f 5193/3841/423 5215/3850/423 5213/3852/423
f 5193/3841/51 5213/3852/51 5211/3854/51
f 5205/3847/423 5203/3846/423 5193/3841/423
f 5193/3841/51 5203/3846/51 5201/3845/51
f 5201/3845/51 5199/3844/51 5193/3841/51
f 5193/3841/423 5199/3844/423 5197/3843/423
f 5193/3841/423 5197/3843/423 5195/3842/423
f 5211/3854/51 5209/3853/51 5193/3841/51
f 5193/3841/423 5209/3853/423 5207/3848/423
f 5193/3841/51 5207/3848/51 5205/3847/51
f 5229/4632/1 5230/4633/1 5231/4634/1
f 5231/4634/1 5230/4633/1 5232/4635/1
f 5233/4636/1 5234/4637/1 5235/4638/1
f 5235/4638/1 5234/4637/1 5236/4639/1
f 5237/4640/1 5238/4641/1 5239/4642/1
f 5239/4642/1 5238/4641/1 5240/4643/1
f 5241/4644/1 5242/4645/1 5243/4646/1
f 5243/4646/1 5242/4645/1 5244/4647/1
f 5245/4648/1 5246/4649/1 5247/4650/1
f 5247/4650/1 5246/4649/1 5248/4651/1
f 5249/4652/1 5250/4653/1 5251/4654/1
f 5251/4654/1 5250/4653/1 5252/4655/1
f 5253/4656/1 5254/4657/1 5255/4658/1
f 5255/4658/1 5254/4657/1 5256/4659/1
f 5257/4660/1 5258/4661/1 5259/4662/1
f 5259/4662/1 5258/4661/1 5260/4663/1
f 5261/4664/1 5262/4665/1 5263/4666/1
f 5263/4666/1 5262/4665/1 5264/4667/1
f 5265/4668/1 5266/4669/1 5267/4670/1
f 5267/4670/1 5266/4669/1 5268/4671/1
f 5269/4672/1 5270/4673/1 5271/4674/1
f 5271/4674/1 5270/4673/1 5272/4675/1
f 5273/818/2 5270/819/2 5274/820/2
f 5274/820/2 5270/819/2 5269/821/2
f 5274/820/2 5269/821/2 5275/822/2
f 5276/3301/3 5277/3302/3 5278/3303/3
f 5279/3304/3 5280/3305/3 5281/3306/3
f 5281/3306/3 5280/3305/3 5282/3307/3
f 5281/3306/3 5282/3307/3 5230/3308/3
f 5230/3308/3 5282/3307/3 5232/3309/3
f 5279/3304/3 5272/3310/3 5280/3305/3
f 5280/3305/3 5272/3310/3 5270/3311/3
f 5280/3305/3 5270/3311/3 5273/3312/3
f 5278/3303/3 5283/3313/3 5276/3301/3
f 5276/3301/3 5283/3313/3 5284/3314/3
f 5276/3301/3 5284/3314/3 5285/3315/3
f 5285/3315/3 5284/3314/3 5265/3316/3
f 5285/3315/3 5265/3316/3 5267/3317/3
f 5267/3317/3 5286/3318/3 5285/3315/3
f 5285/3315/3 5286/3318/3 5287/3319/3
f 5285/3315/3 5287/3319/3 5288/3320/3
f 5261/3321/3 5263/3322/3 5289/3323/3
f 5287/3319/3 5261/3321/3 5288/3320/3
f 5288/3320/3 5261/3321/3 5289/3323/3
f 5288/3320/3 5289/3323/3 5290/3324/3
f 5290/3324/3 5289/3323/3 5291/3325/3
f 5290/3324/3 5291/3325/3 5257/3326/3
f 5292/3327/3 5293/3328/3 5294/3329/3
f 5294/3329/3 5293/3328/3 5290/3324/3
f 5294/3329/3 5290/3324/3 5259/3330/3
f 5259/3330/3 5290/3324/3 5257/3326/3
f 5253/3331/3 5255/3332/3 5295/3333/3
f 5292/3327/3 5253/3331/3 5293/3328/3
f 5293/3328/3 5253/3331/3 5295/3333/3
f 5293/3328/3 5295/3333/3 5296/3334/3
f 5296/3334/3 5295/3333/3 5297/3335/3
f 5296/3334/3 5297/3335/3 5249/3336/3
f 5249/3336/3 5251/3337/3 5296/3334/3
f 5296/3334/3 5251/3337/3 5298/3338/3
f 5296/3334/3 5298/3338/3 5299/3339/3
f 5299/3339/3 5298/3338/3 5300/3340/3
f 5299/3339/3 5300/3340/3 5245/3341/3
f 5245/3341/3 5247/3342/3 5301/3343/3
f 5245/3341/3 5301/3343/3 5299/3339/3
f 5299/3339/3 5301/3343/3 5302/3344/3
f 5299/3339/3 5302/3344/3 5303/3345/3
f 5241/3346/3 5243/3347/3 5302/3344/3
f 5302/3344/3 5243/3347/3 5304/3348/3
f 5302/3344/3 5304/3348/3 5303/3345/3
f 5303/3345/3 5304/3348/3 5305/3349/3
f 5303/3345/3 5305/3349/3 5237/3350/3
f 5237/3350/3 5239/3351/3 5303/3345/3
f 5303/3345/3 5239/3351/3 5306/3352/3
f 5303/3345/3 5306/3352/3 5307/3353/3
f 5307/3353/3 5306/3352/3 5308/3354/3
f 5307/3353/3 5308/3354/3 5233/3355/3
f 5233/3355/3 5235/3356/3 5307/3353/3
f 5307/3353/3 5235/3356/3 5309/3357/3
f 5307/3353/3 5309/3357/3 5282/3307/3
f 5282/3307/3 5309/3357/3 5310/3358/3
f 5282/3307/3 5310/3358/3 5232/3309/3
f 5311/822/4 5312/821/4 5313/820/4
f 5313/820/4 5312/821/4 5277/819/4
f 5313/820/4 5277/819/4 5276/818/4
f 5314/3305/5 5275/3312/5 5269/3311/5
f 5269/3311/5 5271/3310/5 5315/3304/5
f 5316/3353/5 5317/3307/5 5318/3358/5
f 5318/3358/5 5317/3307/5 5231/3309/5
f 5269/3311/5 5315/3304/5 5314/3305/5
f 5314/3305/5 5315/3304/5 5319/3306/5
f 5314/3305/5 5319/3306/5 5317/3307/5
f 5317/3307/5 5319/3306/5 5229/3308/5
f 5317/3307/5 5229/3308/5 5231/3309/5
f 5318/3358/5 5320/3357/5 5316/3353/5
f 5316/3353/5 5320/3357/5 5236/3356/5
f 5316/3353/5 5236/3356/5 5234/3355/5
f 5234/3355/5 5321/3354/5 5316/3353/5
f 5316/3353/5 5321/3354/5 5322/3352/5
f 5316/3353/5 5322/3352/5 5323/3345/5
f 5323/3345/5 5322/3352/5 5240/3351/5
f 5323/3345/5 5240/3351/5 5238/3350/5
f 5244/3347/5 5242/3346/5 5324/3348/5
f 5324/3348/5 5242/3346/5 5325/3344/5
f 5238/3350/5 5326/3349/5 5323/3345/5
f 5323/3345/5 5326/3349/5 5324/3348/5
f 5323/3345/5 5324/3348/5 5327/3339/5
f 5327/3339/5 5324/3348/5 5325/3344/5
f 5325/3344/5 5328/3343/5 5327/3339/5
f 5327/3339/5 5328/3343/5 5248/3342/5
f 5327/3339/5 5248/3342/5 5246/3341/5
f 5246/3341/5 5329/3340/5 5327/3339/5
f 5327/3339/5 5329/3340/5 5330/3338/5
f 5327/3339/5 5330/3338/5 5331/3334/5
f 5331/3334/5 5330/3338/5 5252/3337/5
f 5331/3334/5 5252/3337/5 5250/3336/5
f 5250/3336/5 5332/3335/5 5331/3334/5
f 5331/3334/5 5332/3335/5 5333/3333/5
f 5331/3334/5 5333/3333/5 5334/3328/5
f 5334/3328/5 5333/3333/5 5256/3332/5
f 5334/3328/5 5256/3332/5 5254/3331/5
f 5254/3331/5 5335/3327/5 5334/3328/5
f 5334/3328/5 5335/3327/5 5336/3329/5
f 5334/3328/5 5336/3329/5 5337/3324/5
f 5337/3324/5 5336/3329/5 5260/3330/5
f 5337/3324/5 5260/3330/5 5258/3326/5
f 5258/3326/5 5338/3325/5 5337/3324/5
f 5337/3324/5 5338/3325/5 5339/3323/5
f 5337/3324/5 5339/3323/5 5340/3320/5
f 5264/3322/5 5262/3321/5 5341/3319/5
f 5342/3318/5 5343/3315/5 5341/3319/5
f 5341/3319/5 5343/3315/5 5340/3320/5
f 5341/3319/5 5340/3320/5 5264/3322/5
f 5264/3322/5 5340/3320/5 5339/3323/5
f 5268/3317/5 5266/3316/5 5344/3314/5
f 5345/3303/5 5312/3302/5 5346/3313/5
f 5346/3313/5 5312/3302/5 5311/3301/5
f 5346/3313/5 5311/3301/5 5344/3314/5
f 5344/3314/5 5311/3301/5 5343/3315/5
f 5344/3314/5 5343/3315/5 5268/3317/5
f 5268/3317/5 5343/3315/5 5342/3318/5
f 5277/4676/1 5312/4677/1 5278/4678/1
f 5278/4678/1 5312/4677/1 5345/4679/1
f 5273/4673/6 5274/4680/6 5280/4681/6
f 5280/4681/6 5274/4680/6 5347/4682/6
f 5280/4681/6 5347/4682/6 5282/4683/6
f 5282/4683/6 5347/4682/6 5348/4684/6
f 5282/4683/6 5348/4684/6 5307/4685/6
f 5307/4685/6 5348/4684/6 5349/4686/6
f 5307/4685/6 5349/4686/6 5303/4687/6
f 5303/4687/6 5349/4686/6 5350/4688/6
f 5303/4687/6 5350/4688/6 5299/4689/6
f 5299/4689/6 5350/4688/6 5351/4690/6
f 5299/4689/6 5351/4690/6 5296/4691/6
f 5296/4691/6 5351/4690/6 5352/4692/6
f 5296/4691/6 5352/4692/6 5293/4693/6
f 5293/4693/6 5352/4692/6 5353/4694/6
f 5293/4693/6 5353/4694/6 5290/4695/6
f 5290/4695/6 5353/4694/6 5354/4696/6
f 5290/4695/6 5354/4696/6 5288/4697/6
f 5288/4697/6 5354/4696/6 5355/4698/6
f 5288/4697/6 5355/4698/6 5285/4699/6
f 5285/4699/6 5355/4698/6 5356/4700/6
f 5285/4699/6 5356/4700/6 5276/4676/6
f 5276/4676/6 5356/4700/6 5313/4701/6
f 5357/4702/6 5358/4703/6 5356/4700/6
f 5356/4700/6 5358/4703/6 5359/4704/6
f 5360/4705/6 5311/4677/6 5361/4706/6
f 5361/4706/6 5311/4677/6 5313/4701/6
f 5361/4706/6 5313/4701/6 5362/4707/6
f 5359/4704/6 5363/4708/6 5356/4700/6
f 5356/4700/6 5363/4708/6 5364/4709/6
f 5356/4700/6 5364/4709/6 5313/4701/6
f 5313/4701/6 5364/4709/6 5365/4710/6
f 5313/4701/6 5365/4710/6 5362/4707/6
f 5360/4705/6 5366/4711/6 5311/4677/6
f 5311/4677/6 5366/4711/6 5367/4712/6
f 5311/4677/6 5367/4712/6 5343/4713/6
f 5343/4713/6 5367/4712/6 5368/4714/6
f 5343/4713/6 5368/4714/6 5357/4702/6
f 5369/4715/6 5370/4716/6 5356/4700/6
f 5371/4717/6 5372/4718/6 5355/4698/6
f 5355/4698/6 5372/4718/6 5373/4719/6
f 5357/4702/6 5356/4700/6 5343/4713/6
f 5343/4713/6 5356/4700/6 5370/4716/6
f 5343/4713/6 5370/4716/6 5374/4720/6
f 5373/4719/6 5375/4721/6 5355/4698/6
f 5355/4698/6 5375/4721/6 5376/4722/6
f 5355/4698/6 5376/4722/6 5356/4700/6
f 5356/4700/6 5376/4722/6 5377/4723/6
f 5356/4700/6 5377/4723/6 5369/4715/6
f 5374/4720/6 5378/4724/6 5343/4713/6
f 5343/4713/6 5378/4724/6 5379/4725/6
f 5343/4713/6 5379/4725/6 5340/4726/6
f 5340/4726/6 5379/4725/6 5380/4727/6
f 5340/4726/6 5380/4727/6 5371/4717/6
f 5381/4728/6 5382/4729/6 5355/4698/6
f 5383/4730/6 5384/4731/6 5354/4696/6
f 5354/4696/6 5384/4731/6 5385/4732/6
f 5371/4717/6 5355/4698/6 5340/4726/6
f 5340/4726/6 5355/4698/6 5382/4729/6
f 5340/4726/6 5382/4729/6 5386/4733/6
f 5385/4732/6 5387/4734/6 5354/4696/6
f 5354/4696/6 5387/4734/6 5388/4735/6
f 5354/4696/6 5388/4735/6 5355/4698/6
f 5355/4698/6 5388/4735/6 5389/4736/6
f 5355/4698/6 5389/4736/6 5381/4728/6
f 5386/4733/6 5390/4737/6 5340/4726/6
f 5340/4726/6 5390/4737/6 5391/4738/6
f 5340/4726/6 5391/4738/6 5337/4739/6
f 5337/4739/6 5391/4738/6 5392/4740/6
f 5337/4739/6 5392/4740/6 5383/4730/6
f 5393/4741/6 5394/4742/6 5353/4694/6
f 5353/4694/6 5394/4742/6 5395/4743/6
f 5354/4696/6 5396/4744/6 5397/4745/6
f 5383/4730/6 5354/4696/6 5337/4739/6
f 5337/4739/6 5354/4696/6 5397/4745/6
f 5337/4739/6 5397/4745/6 5398/4746/6
f 5395/4743/6 5399/4747/6 5353/4694/6
f 5353/4694/6 5399/4747/6 5400/4748/6
f 5353/4694/6 5400/4748/6 5354/4696/6
f 5354/4696/6 5400/4748/6 5401/4749/6
f 5354/4696/6 5401/4749/6 5396/4744/6
f 5398/4746/6 5402/4750/6 5337/4739/6
f 5337/4739/6 5402/4750/6 5403/4751/6
f 5337/4739/6 5403/4751/6 5334/4752/6
f 5334/4752/6 5403/4751/6 5404/4753/6
f 5334/4752/6 5404/4753/6 5393/4741/6
f 5405/4754/6 5406/4755/6 5352/4692/6
f 5352/4692/6 5406/4755/6 5407/4756/6
f 5353/4694/6 5408/4757/6 5409/4758/6
f 5393/4741/6 5353/4694/6 5334/4752/6
f 5334/4752/6 5353/4694/6 5409/4758/6
f 5334/4752/6 5409/4758/6 5410/4759/6
f 5407/4756/6 5411/4760/6 5352/4692/6
f 5352/4692/6 5411/4760/6 5412/4761/6
f 5352/4692/6 5412/4761/6 5353/4694/6
f 5353/4694/6 5412/4761/6 5413/4762/6
f 5353/4694/6 5413/4762/6 5408/4757/6
f 5410/4759/6 5414/4763/6 5334/4752/6
f 5334/4752/6 5414/4763/6 5415/4764/6
f 5334/4752/6 5415/4764/6 5331/4765/6
f 5331/4765/6 5415/4764/6 5416/4766/6
f 5331/4765/6 5416/4766/6 5405/4754/6
f 5417/4767/6 5418/4768/6 5351/4690/6
f 5351/4690/6 5418/4768/6 5419/4769/6
f 5352/4692/6 5420/4770/6 5421/4771/6
f 5405/4754/6 5352/4692/6 5331/4765/6
f 5331/4765/6 5352/4692/6 5421/4771/6
f 5331/4765/6 5421/4771/6 5422/4772/6
f 5419/4769/6 5423/4773/6 5351/4690/6
f 5351/4690/6 5423/4773/6 5424/4774/6
f 5351/4690/6 5424/4774/6 5352/4692/6
f 5352/4692/6 5424/4774/6 5425/4775/6
f 5352/4692/6 5425/4775/6 5420/4770/6
f 5422/4772/6 5426/4776/6 5331/4765/6
f 5331/4765/6 5426/4776/6 5427/4777/6
f 5331/4765/6 5427/4777/6 5327/4778/6
f 5327/4778/6 5427/4777/6 5428/4779/6
f 5327/4778/6 5428/4779/6 5417/4767/6
f 5351/4690/6 5429/4780/6 5430/4781/6
f 5431/4782/6 5432/4783/6 5350/4688/6
f 5350/4688/6 5432/4783/6 5433/4784/6
f 5417/4767/6 5351/4690/6 5327/4778/6
f 5327/4778/6 5351/4690/6 5430/4781/6
f 5327/4778/6 5430/4781/6 5434/4785/6
f 5435/4786/6 5436/4787/6 5350/4688/6
f 5350/4688/6 5436/4787/6 5437/4788/6
f 5350/4688/6 5437/4788/6 5351/4690/6
f 5351/4690/6 5437/4788/6 5438/4789/6
f 5351/4690/6 5438/4789/6 5429/4780/6
f 5433/4784/6 5439/4790/6 5350/4688/6
f 5350/4688/6 5439/4790/6 5440/4791/6
f 5350/4688/6 5440/4791/6 5435/4786/6
f 5434/4785/6 5441/4792/6 5327/4778/6
f 5327/4778/6 5441/4792/6 5442/4793/6
f 5327/4778/6 5442/4793/6 5323/4794/6
f 5323/4794/6 5442/4793/6 5443/4795/6
f 5323/4794/6 5443/4795/6 5444/4796/6
f 5440/4791/6 5445/4797/6 5435/4786/6
f 5435/4786/6 5445/4797/6 5446/4798/6
f 5435/4786/6 5446/4798/6 5447/4799/6
f 5447/4799/6 5446/4798/6 5448/4800/6
f 5447/4799/6 5448/4800/6 5444/4796/6
f 5444/4796/6 5448/4800/6 5449/4801/6
f 5449/4801/6 5450/4802/6 5444/4796/6
f 5444/4796/6 5450/4802/6 5451/4803/6
f 5444/4796/6 5451/4803/6 5323/4794/6
f 5323/4794/6 5451/4803/6 5452/4804/6
f 5323/4794/6 5452/4804/6 5431/4782/6
f 5453/4805/6 5454/4806/6 5350/4688/6
f 5431/4782/6 5350/4688/6 5323/4794/6
f 5323/4794/6 5350/4688/6 5454/4806/6
f 5323/4794/6 5454/4806/6 5455/4807/6
f 5456/4808/6 5457/4809/6 5349/4686/6
f 5349/4686/6 5457/4809/6 5458/4810/6
f 5349/4686/6 5458/4810/6 5350/4688/6
f 5350/4688/6 5458/4810/6 5459/4811/6
f 5350/4688/6 5459/4811/6 5453/4805/6
f 5455/4807/6 5460/4812/6 5323/4794/6
f 5323/4794/6 5460/4812/6 5461/4813/6
f 5323/4794/6 5461/4813/6 5316/4814/6
f 5461/4813/6 5462/4815/6 5316/4814/6
f 5316/4814/6 5462/4815/6 5463/4816/6
f 5316/4814/6 5463/4816/6 5349/4686/6
f 5349/4686/6 5463/4816/6 5464/4817/6
f 5349/4686/6 5464/4817/6 5456/4808/6
f 5465/4818/6 5466/4819/6 5316/4814/6
f 5316/4814/6 5466/4819/6 5317/4820/6
f 5467/4821/6 5349/4686/6 5468/4822/6
f 5468/4822/6 5349/4686/6 5348/4684/6
f 5468/4822/6 5348/4684/6 5469/4823/6
f 5469/4823/6 5348/4684/6 5470/4824/6
f 5467/4821/6 5471/4825/6 5349/4686/6
f 5349/4686/6 5471/4825/6 5472/4826/6
f 5349/4686/6 5472/4826/6 5316/4814/6
f 5316/4814/6 5472/4826/6 5473/4827/6
f 5316/4814/6 5473/4827/6 5465/4818/6
f 5466/4819/6 5474/4828/6 5317/4820/6
f 5317/4820/6 5474/4828/6 5475/4829/6
f 5317/4820/6 5475/4829/6 5348/4684/6
f 5348/4684/6 5475/4829/6 5476/4830/6
f 5348/4684/6 5476/4830/6 5470/4824/6
f 5477/4831/6 5478/4832/6 5347/4682/6
f 5347/4682/6 5478/4832/6 5479/4833/6
f 5480/4834/6 5314/4835/6 5481/4836/6
f 5481/4836/6 5314/4835/6 5317/4820/6
f 5481/4836/6 5317/4820/6 5482/4837/6
f 5483/4838/6 5348/4684/6 5484/4839/6
f 5484/4839/6 5348/4684/6 5347/4682/6
f 5484/4839/6 5347/4682/6 5485/4840/6
f 5485/4840/6 5347/4682/6 5479/4833/6
f 5483/4838/6 5486/4841/6 5348/4684/6
f 5348/4684/6 5486/4841/6 5487/4842/6
f 5348/4684/6 5487/4842/6 5317/4820/6
f 5317/4820/6 5487/4842/6 5488/4843/6
f 5317/4820/6 5488/4843/6 5482/4837/6
f 5274/4680/6 5275/4672/6 5347/4682/6
f 5347/4682/6 5275/4672/6 5314/4835/6
f 5347/4682/6 5314/4835/6 5477/4831/6
f 5477/4831/6 5314/4835/6 5480/4834/6
f 5489/4837/1 5319/4632/1 5490/4836/1
f 5490/4836/1 5319/4632/1 5315/4674/1
f 5490/4836/1 5315/4674/1 5491/4834/1
f 5489/4837/1 5492/4843/1 5319/4632/1
f 5319/4632/1 5492/4843/1 5493/4842/1
f 5319/4632/1 5493/4842/1 5281/4633/1
f 5493/4842/1 5494/4841/1 5281/4633/1
f 5281/4633/1 5494/4841/1 5495/4838/1
f 5281/4633/1 5495/4838/1 5279/4675/1
f 5279/4675/1 5495/4838/1 5496/4839/1
f 5279/4675/1 5496/4839/1 5497/4840/1
f 5497/4840/1 5498/4833/1 5279/4675/1
f 5279/4675/1 5498/4833/1 5499/4832/1
f 5279/4675/1 5499/4832/1 5315/4674/1
f 5315/4674/1 5499/4832/1 5500/4831/1
f 5315/4674/1 5500/4831/1 5491/4834/1
f 5271/821/4 5272/819/4 5315/991/4
f 5315/991/4 5272/819/4 5279/992/4
f 5319/991/2 5281/992/2 5229/821/2
f 5229/821/2 5281/992/2 5230/819/2
f 5487/993/23 5493/994/23 5488/995/23
f 5488/995/7 5493/994/7 5492/996/7
f 5488/3527/27 5492/3528/27 5482/3529/27
f 5482/3529/9 5492/3528/9 5489/3530/9
f 5482/3529/10 5489/3530/10 5481/3531/10
f 5481/3531/10 5489/3530/10 5490/3532/10
f 5481/3531/11 5490/3532/11 5480/3533/11
f 5480/3533/11 5490/3532/11 5491/3534/11
f 5480/3533/28 5491/3534/28 5477/3535/28
f 5477/3535/12 5491/3534/12 5500/3536/12
f 5477/995/14 5500/996/14 5478/993/14
f 5478/993/13 5500/996/13 5499/994/13
f 5478/993/16 5499/994/16 5479/997/16
f 5479/997/15 5499/994/15 5498/998/15
f 5479/3535/17 5498/3536/17 5485/3533/17
f 5485/3533/29 5498/3536/29 5497/3534/29
f 5485/3533/18 5497/3534/18 5484/3531/18
f 5484/3531/18 5497/3534/18 5496/3532/18
f 5484/3531/19 5496/3532/19 5483/3529/19
f 5483/3529/19 5496/3532/19 5495/3530/19
f 5483/3529/20 5495/3530/20 5486/3527/20
f 5486/3527/30 5495/3530/30 5494/3528/30
f 5486/997/22 5494/998/22 5487/993/22
f 5487/993/26 5494/998/26 5493/994/26
f 5501/4707/1 5283/4678/1 5502/4706/1
f 5502/4706/1 5283/4678/1 5346/4679/1
f 5502/4706/1 5346/4679/1 5503/4705/1
f 5504/4708/1 5284/4668/1 5505/4709/1
f 5505/4709/1 5284/4668/1 5283/4678/1
f 5505/4709/1 5283/4678/1 5506/4710/1
f 5506/4710/1 5283/4678/1 5501/4707/1
f 5507/4702/1 5344/4669/1 5508/4703/1
f 5508/4703/1 5344/4669/1 5284/4668/1
f 5508/4703/1 5284/4668/1 5509/4704/1
f 5509/4704/1 5284/4668/1 5504/4708/1
f 5507/4702/1 5510/4714/1 5344/4669/1
f 5344/4669/1 5510/4714/1 5511/4712/1
f 5344/4669/1 5511/4712/1 5346/4679/1
f 5346/4679/1 5511/4712/1 5512/4711/1
f 5346/4679/1 5512/4711/1 5503/4705/1
f 5266/821/4 5265/819/4 5344/991/4
f 5344/991/4 5265/819/4 5284/992/4
f 5346/991/2 5283/992/2 5345/821/2
f 5345/821/2 5283/992/2 5278/819/2
f 5513/4715/1 5286/4670/1 5514/4716/1
f 5514/4716/1 5286/4670/1 5342/4671/1
f 5514/4716/1 5342/4671/1 5515/4720/1
f 5516/4721/1 5287/4664/1 5517/4722/1
f 5517/4722/1 5287/4664/1 5286/4670/1
f 5517/4722/1 5286/4670/1 5518/4723/1
f 5518/4723/1 5286/4670/1 5513/4715/1
f 5519/4717/1 5341/4665/1 5520/4718/1
f 5520/4718/1 5341/4665/1 5287/4664/1
f 5520/4718/1 5287/4664/1 5521/4719/1
f 5521/4719/1 5287/4664/1 5516/4721/1
f 5519/4717/1 5522/4727/1 5341/4665/1
f 5341/4665/1 5522/4727/1 5523/4725/1
f 5341/4665/1 5523/4725/1 5342/4671/1
f 5342/4671/1 5523/4725/1 5524/4724/1
f 5342/4671/1 5524/4724/1 5515/4720/1
f 5262/821/4 5261/819/4 5341/991/4
f 5341/991/4 5261/819/4 5287/992/4
f 5342/991/2 5286/992/2 5268/821/2
f 5268/821/2 5286/992/2 5267/819/2
f 5525/4728/1 5289/4666/1 5526/4729/1
f 5526/4729/1 5289/4666/1 5339/4667/1
f 5526/4729/1 5339/4667/1 5527/4733/1
f 5527/4733/1 5339/4667/1 5528/4737/1
f 5529/4734/1 5291/4660/1 5530/4735/1
f 5530/4735/1 5291/4660/1 5289/4666/1
f 5530/4735/1 5289/4666/1 5531/4736/1
f 5531/4736/1 5289/4666/1 5525/4728/1
f 5529/4734/1 5532/4732/1 5291/4660/1
f 5291/4660/1 5532/4732/1 5533/4731/1
f 5291/4660/1 5533/4731/1 5338/4661/1
f 5533/4731/1 5534/4730/1 5338/4661/1
f 5338/4661/1 5534/4730/1 5535/4740/1
f 5338/4661/1 5535/4740/1 5339/4667/1
f 5339/4667/1 5535/4740/1 5536/4738/1
f 5339/4667/1 5536/4738/1 5528/4737/1
f 5258/821/4 5257/819/4 5338/991/4
f 5338/991/4 5257/819/4 5291/992/4
f 5339/991/2 5289/992/2 5264/821/2
f 5264/821/2 5289/992/2 5263/819/2
f 5537/4744/1 5294/4662/1 5538/4745/1
f 5538/4745/1 5294/4662/1 5336/4663/1
f 5538/4745/1 5336/4663/1 5539/4746/1
f 5539/4746/1 5336/4663/1 5540/4750/1
f 5335/4657/1 5292/4656/1 5541/4742/1
f 5541/4742/1 5292/4656/1 5542/4743/1
f 5541/4742/1 5543/4741/1 5335/4657/1
f 5335/4657/1 5543/4741/1 5544/4753/1
f 5335/4657/1 5544/4753/1 5336/4663/1
f 5336/4663/1 5544/4753/1 5545/4751/1
f 5336/4663/1 5545/4751/1 5540/4750/1
f 5537/4744/1 5546/4749/1 5294/4662/1
f 5294/4662/1 5546/4749/1 5547/4748/1
f 5294/4662/1 5547/4748/1 5292/4656/1
f 5292/4656/1 5547/4748/1 5548/4747/1
f 5292/4656/1 5548/4747/1 5542/4743/1
f 5254/821/4 5253/819/4 5335/991/4
f 5335/991/4 5253/819/4 5292/992/4
f 5336/991/2 5294/992/2 5260/821/2
f 5260/821/2 5294/992/2 5259/819/2
f 5549/4757/1 5295/4658/1 5550/4758/1
f 5550/4758/1 5295/4658/1 5333/4659/1
f 5550/4758/1 5333/4659/1 5551/4759/1
f 5551/4759/1 5333/4659/1 5552/4763/1
f 5332/4653/1 5297/4652/1 5553/4755/1
f 5553/4755/1 5297/4652/1 5554/4756/1
f 5553/4755/1 5555/4754/1 5332/4653/1
f 5332/4653/1 5555/4754/1 5556/4766/1
f 5332/4653/1 5556/4766/1 5333/4659/1
f 5333/4659/1 5556/4766/1 5557/4764/1
f 5333/4659/1 5557/4764/1 5552/4763/1
f 5549/4757/1 5558/4762/1 5295/4658/1
f 5295/4658/1 5558/4762/1 5559/4761/1
f 5295/4658/1 5559/4761/1 5297/4652/1
f 5297/4652/1 5559/4761/1 5560/4760/1
f 5297/4652/1 5560/4760/1 5554/4756/1
f 5250/821/4 5249/819/4 5332/991/4
f 5332/991/4 5249/819/4 5297/992/4
f 5333/991/2 5295/992/2 5256/821/2
f 5256/821/2 5295/992/2 5255/819/2
f 5561/4770/1 5298/4654/1 5562/4771/1
f 5562/4771/1 5298/4654/1 5330/4655/1
f 5562/4771/1 5330/4655/1 5563/4772/1
f 5563/4772/1 5330/4655/1 5564/4776/1
f 5329/4649/1 5300/4648/1 5565/4768/1
f 5565/4768/1 5300/4648/1 5566/4769/1
f 5565/4768/1 5567/4767/1 5329/4649/1
f 5329/4649/1 5567/4767/1 5568/4779/1
f 5329/4649/1 5568/4779/1 5330/4655/1
f 5330/4655/1 5568/4779/1 5569/4777/1
f 5330/4655/1 5569/4777/1 5564/4776/1
f 5561/4770/1 5570/4775/1 5298/4654/1
f 5298/4654/1 5570/4775/1 5571/4774/1
f 5298/4654/1 5571/4774/1 5300/4648/1
f 5300/4648/1 5571/4774/1 5572/4773/1
f 5300/4648/1 5572/4773/1 5566/4769/1
f 5246/821/4 5245/819/4 5329/991/4
f 5329/991/4 5245/819/4 5300/992/4
f 5330/991/2 5298/992/2 5252/821/2
f 5252/821/2 5298/992/2 5251/819/2
f 5573/4780/1 5301/4650/1 5574/4781/1
f 5574/4781/1 5301/4650/1 5328/4651/1
f 5574/4781/1 5328/4651/1 5575/4785/1
f 5575/4785/1 5328/4651/1 5576/4792/1
f 5325/4645/1 5302/4644/1 5577/4799/1
f 5577/4799/1 5302/4644/1 5578/4786/1
f 5577/4799/1 5579/4796/1 5325/4645/1
f 5325/4645/1 5579/4796/1 5580/4795/1
f 5325/4645/1 5580/4795/1 5328/4651/1
f 5328/4651/1 5580/4795/1 5581/4793/1
f 5328/4651/1 5581/4793/1 5576/4792/1
f 5573/4780/1 5582/4789/1 5301/4650/1
f 5301/4650/1 5582/4789/1 5583/4788/1
f 5301/4650/1 5583/4788/1 5302/4644/1
f 5302/4644/1 5583/4788/1 5584/4787/1
f 5302/4644/1 5584/4787/1 5578/4786/1
f 5242/821/4 5241/819/4 5325/991/4
f 5325/991/4 5241/819/4 5302/992/4
f 5328/991/2 5301/992/2 5248/821/2
f 5248/821/2 5301/992/2 5247/819/2
f 5585/4801/1 5586/4800/1 5324/4647/1
f 5587/4790/1 5588/4784/1 5305/4640/1
f 5305/4640/1 5588/4784/1 5589/4783/1
f 5305/4640/1 5589/4783/1 5326/4641/1
f 5326/4641/1 5589/4783/1 5590/4782/1
f 5324/4647/1 5586/4800/1 5304/4646/1
f 5586/4800/1 5591/4798/1 5304/4646/1
f 5304/4646/1 5591/4798/1 5592/4797/1
f 5304/4646/1 5592/4797/1 5305/4640/1
f 5305/4640/1 5592/4797/1 5593/4791/1
f 5305/4640/1 5593/4791/1 5587/4790/1
f 5590/4782/1 5594/4804/1 5326/4641/1
f 5326/4641/1 5594/4804/1 5595/4803/1
f 5326/4641/1 5595/4803/1 5324/4647/1
f 5324/4647/1 5595/4803/1 5596/4802/1
f 5324/4647/1 5596/4802/1 5585/4801/1
f 5238/821/4 5237/819/4 5326/991/4
f 5326/991/4 5237/819/4 5305/992/4
f 5324/991/2 5304/992/2 5244/821/2
f 5244/821/2 5304/992/2 5243/819/2
f 5597/4807/1 5598/4806/1 5322/4643/1
f 5599/4809/1 5600/4808/1 5308/4636/1
f 5308/4636/1 5600/4808/1 5601/4817/1
f 5308/4636/1 5601/4817/1 5321/4637/1
f 5321/4637/1 5601/4817/1 5602/4816/1
f 5322/4643/1 5598/4806/1 5306/4642/1
f 5598/4806/1 5603/4805/1 5306/4642/1
f 5306/4642/1 5603/4805/1 5604/4811/1
f 5306/4642/1 5604/4811/1 5308/4636/1
f 5308/4636/1 5604/4811/1 5605/4810/1
f 5308/4636/1 5605/4810/1 5599/4809/1
f 5602/4816/1 5606/4815/1 5321/4637/1
f 5321/4637/1 5606/4815/1 5607/4813/1
f 5321/4637/1 5607/4813/1 5322/4643/1
f 5322/4643/1 5607/4813/1 5608/4812/1
f 5322/4643/1 5608/4812/1 5597/4807/1
f 5234/821/4 5233/819/4 5321/991/4
f 5321/991/4 5233/819/4 5308/992/4
f 5322/991/2 5306/992/2 5240/821/2
f 5240/821/2 5306/992/2 5239/819/2
f 5609/4827/1 5610/4826/1 5320/4639/1
f 5320/4639/1 5610/4826/1 5309/4638/1
f 5611/4823/1 5612/4824/1 5310/4635/1
f 5310/4635/1 5612/4824/1 5613/4830/1
f 5310/4635/1 5613/4830/1 5318/4634/1
f 5318/4634/1 5613/4830/1 5614/4829/1
f 5614/4829/1 5615/4828/1 5318/4634/1
f 5318/4634/1 5615/4828/1 5616/4819/1
f 5318/4634/1 5616/4819/1 5320/4639/1
f 5320/4639/1 5616/4819/1 5617/4818/1
f 5320/4639/1 5617/4818/1 5609/4827/1
f 5610/4826/1 5618/4825/1 5309/4638/1
f 5309/4638/1 5618/4825/1 5619/4821/1
f 5309/4638/1 5619/4821/1 5310/4635/1
f 5310/4635/1 5619/4821/1 5620/4822/1
f 5310/4635/1 5620/4822/1 5611/4823/1
f 5231/821/4 5232/819/4 5318/991/4
f 5318/991/4 5232/819/4 5310/992/4
f 5320/991/2 5309/992/2 5236/821/2
f 5236/821/2 5309/992/2 5235/819/2
f 5472/993/23 5610/994/23 5473/995/23
f 5473/995/23 5610/994/23 5609/996/23
f 5473/3537/31 5609/3538/31 5465/3539/31
f 5465/3539/9 5609/3538/9 5617/3540/9
f 5465/3539/10 5617/3540/10 5466/3541/10
f 5466/3541/10 5617/3540/10 5616/3542/10
f 5466/3541/11 5616/3542/11 5474/3543/11
f 5474/3543/11 5616/3542/11 5615/3544/11
f 5474/3543/28 5615/3544/28 5475/3545/28
f 5475/3545/32 5615/3544/32 5614/3546/32
f 5475/995/24 5614/996/24 5476/993/24
f 5476/993/13 5614/996/13 5613/994/13
f 5476/993/16 5613/994/16 5470/997/16
f 5470/997/25 5613/994/25 5612/998/25
f 5470/3545/33 5612/3546/33 5469/3543/33
f 5469/3543/29 5612/3546/29 5611/3544/29
f 5469/3543/18 5611/3544/18 5468/3541/18
f 5468/3541/18 5611/3544/18 5620/3542/18
f 5468/3541/19 5620/3542/19 5467/3539/19
f 5467/3539/19 5620/3542/19 5619/3540/19
f 5467/3539/20 5619/3540/20 5471/3537/20
f 5471/3537/34 5619/3540/34 5618/3538/34
f 5471/997/26 5618/998/26 5472/993/26
f 5472/993/26 5618/998/26 5610/994/26
f 5454/993/23 5598/994/23 5455/995/23
f 5455/995/23 5598/994/23 5597/996/23
f 5455/3547/9 5597/3548/9 5460/3549/9
f 5460/3549/37 5597/3548/37 5608/3550/37
f 5460/3549/10 5608/3550/10 5461/3551/10
f 5461/3551/10 5608/3550/10 5607/3552/10
f 5461/3551/11 5607/3552/11 5462/3553/11
f 5462/3553/11 5607/3552/11 5606/3554/11
f 5462/3553/28 5606/3554/28 5463/3555/28
f 5463/3555/12 5606/3554/12 5602/3556/12
f 5463/995/24 5602/996/24 5464/993/24
f 5464/993/14 5602/996/14 5601/994/14
f 5464/993/15 5601/994/15 5456/997/15
f 5456/997/25 5601/994/25 5600/998/25
f 5456/3555/17 5600/3556/17 5457/3553/17
f 5457/3553/29 5600/3556/29 5599/3554/29
f 5457/3553/18 5599/3554/18 5458/3551/18
f 5458/3551/18 5599/3554/18 5605/3552/18
f 5458/3551/19 5605/3552/19 5459/3549/19
f 5459/3549/19 5605/3552/19 5604/3550/19
f 5459/3549/38 5604/3550/38 5453/3547/38
f 5453/3547/20 5604/3550/20 5603/3548/20
f 5453/997/26 5603/998/26 5454/993/26
f 5454/993/26 5603/998/26 5598/994/26
f 5448/993/23 5586/994/23 5449/995/23
f 5449/995/23 5586/994/23 5585/996/23
f 5449/3557/9 5585/3558/9 5450/3559/9
f 5450/3559/9 5585/3558/9 5596/3560/9
f 5450/3559/10 5596/3560/10 5451/3561/10
f 5451/3561/10 5596/3560/10 5595/3562/10
f 5451/3561/11 5595/3562/11 5452/3563/11
f 5452/3563/11 5595/3562/11 5594/3564/11
f 5452/3563/12 5594/3564/12 5431/3565/12
f 5431/3565/12 5594/3564/12 5590/3566/12
f 5431/995/24 5590/996/24 5432/993/24
f 5432/993/24 5590/996/24 5589/994/24
f 5432/993/25 5589/994/25 5433/997/25
f 5433/997/25 5589/994/25 5588/998/25
f 5433/3565/17 5588/3566/17 5439/3563/17
f 5439/3563/17 5588/3566/17 5587/3564/17
f 5439/3563/18 5587/3564/18 5440/3561/18
f 5440/3561/18 5587/3564/18 5593/3562/18
f 5440/3561/19 5593/3562/19 5445/3559/19
f 5445/3559/19 5593/3562/19 5592/3560/19
f 5445/3559/20 5592/3560/20 5446/3557/20
f 5446/3557/20 5592/3560/20 5591/3558/20
f 5446/997/26 5591/998/26 5448/993/26
f 5448/993/26 5591/998/26 5586/994/26
f 5430/993/23 5574/994/23 5434/995/23
f 5434/995/8 5574/994/8 5575/996/8
f 5434/3567/9 5575/3568/9 5441/3569/9
f 5441/3569/9 5575/3568/9 5576/3570/9
f 5441/3569/10 5576/3570/10 5442/3571/10
f 5442/3571/10 5576/3570/10 5581/3572/10
f 5442/3571/11 5581/3572/11 5443/3573/11
f 5443/3573/11 5581/3572/11 5580/3574/11
f 5443/3573/12 5580/3574/12 5444/3575/12
f 5444/3575/12 5580/3574/12 5579/3576/12
f 5444/995/24 5579/996/24 5447/993/24
f 5447/993/14 5579/996/14 5577/994/14
f 5447/993/15 5577/994/15 5435/997/15
f 5435/997/25 5577/994/25 5578/998/25
f 5435/3575/17 5578/3576/17 5436/3573/17
f 5436/3573/17 5578/3576/17 5584/3574/17
f 5436/3573/18 5584/3574/18 5437/3571/18
f 5437/3571/18 5584/3574/18 5583/3572/18
f 5437/3571/19 5583/3572/19 5438/3569/19
f 5438/3569/19 5583/3572/19 5582/3570/19
f 5438/3569/20 5582/3570/20 5429/3567/20
f 5429/3567/20 5582/3570/20 5573/3568/20
f 5429/997/21 5573/998/21 5430/993/21
f 5430/993/26 5573/998/26 5574/994/26
f 5421/993/8 5562/994/8 5422/995/8
f 5422/995/23 5562/994/23 5563/996/23
f 5422/3577/9 5563/3578/9 5426/3579/9
f 5426/3579/9 5563/3578/9 5564/3580/9
f 5426/3579/10 5564/3580/10 5427/3581/10
f 5427/3581/10 5564/3580/10 5569/3582/10
f 5427/3581/11 5569/3582/11 5428/3583/11
f 5428/3583/11 5569/3582/11 5568/3584/11
f 5428/3583/12 5568/3584/12 5417/3585/12
f 5417/3585/12 5568/3584/12 5567/3586/12
f 5417/995/24 5567/996/24 5418/993/24
f 5418/993/24 5567/996/24 5565/994/24
f 5418/993/25 5565/994/25 5419/997/25
f 5419/997/25 5565/994/25 5566/998/25
f 5419/3585/17 5566/3586/17 5423/3583/17
f 5423/3583/17 5566/3586/17 5572/3584/17
f 5423/3583/18 5572/3584/18 5424/3581/18
f 5424/3581/18 5572/3584/18 5571/3582/18
f 5424/3581/19 5571/3582/19 5425/3579/19
f 5425/3579/19 5571/3582/19 5570/3580/19
f 5425/3579/20 5570/3580/20 5420/3577/20
f 5420/3577/20 5570/3580/20 5561/3578/20
f 5420/997/26 5561/998/26 5421/993/26
f 5421/993/21 5561/998/21 5562/994/21
f 5409/993/23 5550/994/23 5410/995/23
f 5410/995/23 5550/994/23 5551/996/23
f 5410/3587/9 5551/3588/9 5414/3589/9
f 5414/3589/9 5551/3588/9 5552/3590/9
f 5414/3589/10 5552/3590/10 5415/3591/10
f 5415/3591/10 5552/3590/10 5557/3592/10
f 5415/3591/11 5557/3592/11 5416/3593/11
f 5416/3593/11 5557/3592/11 5556/3594/11
f 5416/3593/12 5556/3594/12 5405/3595/12
f 5405/3595/12 5556/3594/12 5555/3596/12
f 5405/995/24 5555/996/24 5406/993/24
f 5406/993/24 5555/996/24 5553/994/24
f 5406/993/25 5553/994/25 5407/997/25
f 5407/997/25 5553/994/25 5554/998/25
f 5407/3595/17 5554/3596/17 5411/3593/17
f 5411/3593/17 5554/3596/17 5560/3594/17
f 5411/3593/18 5560/3594/18 5412/3591/18
f 5412/3591/18 5560/3594/18 5559/3592/18
f 5412/3591/19 5559/3592/19 5413/3589/19
f 5413/3589/19 5559/3592/19 5558/3590/19
f 5413/3589/20 5558/3590/20 5408/3587/20
f 5408/3587/20 5558/3590/20 5549/3588/20
f 5408/997/26 5549/998/26 5409/993/26
f 5409/993/26 5549/998/26 5550/994/26
f 5397/993/23 5538/994/23 5398/995/23
f 5398/995/23 5538/994/23 5539/996/23
f 5398/3597/9 5539/3598/9 5402/3599/9
f 5402/3599/9 5539/3598/9 5540/3600/9
f 5402/3599/10 5540/3600/10 5403/3601/10
f 5403/3601/10 5540/3600/10 5545/3602/10
f 5403/3601/11 5545/3602/11 5404/3603/11
f 5404/3603/11 5545/3602/11 5544/3604/11
f 5404/3603/12 5544/3604/12 5393/3605/12
f 5393/3605/12 5544/3604/12 5543/3606/12
f 5393/995/24 5543/996/24 5394/993/24
f 5394/993/24 5543/996/24 5541/994/24
f 5394/993/25 5541/994/25 5395/997/25
f 5395/997/25 5541/994/25 5542/998/25
f 5395/3605/17 5542/3606/17 5399/3603/17
f 5399/3603/17 5542/3606/17 5548/3604/17
f 5399/3603/18 5548/3604/18 5400/3601/18
f 5400/3601/18 5548/3604/18 5547/3602/18
f 5400/3601/19 5547/3602/19 5401/3599/19
f 5401/3599/19 5547/3602/19 5546/3600/19
f 5401/3599/20 5546/3600/20 5396/3597/20
f 5396/3597/20 5546/3600/20 5537/3598/20
f 5396/997/26 5537/998/26 5397/993/26
f 5397/993/26 5537/998/26 5538/994/26
f 5382/993/23 5526/994/23 5386/995/23
f 5386/995/8 5526/994/8 5527/996/8
f 5386/3607/9 5527/3608/9 5390/3609/9
f 5390/3609/9 5527/3608/9 5528/3610/9
f 5390/3609/10 5528/3610/10 5391/3611/10
f 5391/3611/10 5528/3610/10 5536/3612/10
f 5391/3611/11 5536/3612/11 5392/3613/11
f 5392/3613/11 5536/3612/11 5535/3614/11
f 5392/3613/12 5535/3614/12 5383/3615/12
f 5383/3615/35 5535/3614/35 5534/3616/35
f 5383/995/24 5534/996/24 5384/993/24
f 5384/993/24 5534/996/24 5533/994/24
f 5384/993/25 5533/994/25 5385/997/25
f 5385/997/25 5533/994/25 5532/998/25
f 5385/3615/36 5532/3616/36 5387/3613/36
f 5387/3613/17 5532/3616/17 5529/3614/17
f 5387/3613/18 5529/3614/18 5388/3611/18
f 5388/3611/18 5529/3614/18 5530/3612/18
f 5388/3611/19 5530/3612/19 5389/3609/19
f 5389/3609/19 5530/3612/19 5531/3610/19
f 5389/3609/20 5531/3610/20 5381/3607/20
f 5381/3607/20 5531/3610/20 5525/3608/20
f 5381/997/21 5525/998/21 5382/993/21
f 5382/993/26 5525/998/26 5526/994/26
f 5370/993/8 5514/994/8 5374/995/8
f 5374/995/23 5514/994/23 5515/996/23
f 5374/3617/9 5515/3618/9 5378/3619/9
f 5378/3619/37 5515/3618/37 5524/3620/37
f 5378/3619/10 5524/3620/10 5379/3621/10
f 5379/3621/10 5524/3620/10 5523/3622/10
f 5379/3621/11 5523/3622/11 5380/3623/11
f 5380/3623/11 5523/3622/11 5522/3624/11
f 5380/3623/35 5522/3624/35 5371/3625/35
f 5371/3625/12 5522/3624/12 5519/3626/12
f 5371/995/24 5519/996/24 5372/993/24
f 5372/993/14 5519/996/14 5520/994/14
f 5372/993/15 5520/994/15 5373/997/15
f 5373/997/25 5520/994/25 5521/998/25
f 5373/3625/17 5521/3626/17 5375/3623/17
f 5375/3623/36 5521/3626/36 5516/3624/36
f 5375/3623/18 5516/3624/18 5376/3621/18
f 5376/3621/18 5516/3624/18 5517/3622/18
f 5376/3621/19 5517/3622/19 5377/3619/19
f 5377/3619/19 5517/3622/19 5518/3620/19
f 5377/3619/38 5518/3620/38 5369/3617/38
f 5369/3617/20 5518/3620/20 5513/3618/20
f 5369/997/26 5513/998/26 5370/993/26
f 5370/993/21 5513/998/21 5514/994/21
f 5361/993/23 5502/994/23 5360/995/23
f 5360/995/23 5502/994/23 5503/996/23
f 5360/3627/37 5503/3628/37 5366/3629/37
f 5366/3629/9 5503/3628/9 5512/3630/9
f 5366/3629/10 5512/3630/10 5367/3631/10
f 5367/3631/10 5512/3630/10 5511/3632/10
f 5367/3631/11 5511/3632/11 5368/3633/11
f 5368/3633/11 5511/3632/11 5510/3634/11
f 5368/3633/12 5510/3634/12 5357/3635/12
f 5357/3635/12 5510/3634/12 5507/3636/12
f 5357/995/14 5507/996/14 5358/993/14
f 5358/993/24 5507/996/24 5508/994/24
f 5358/993/25 5508/994/25 5359/997/25
f 5359/997/15 5508/994/15 5509/998/15
f 5359/3635/17 5509/3636/17 5363/3633/17
f 5363/3633/17 5509/3636/17 5504/3634/17
f 5363/3633/18 5504/3634/18 5364/3631/18
f 5364/3631/18 5504/3634/18 5505/3632/18
f 5364/3631/19 5505/3632/19 5365/3629/19
f 5365/3629/19 5505/3632/19 5506/3630/19
f 5365/3629/20 5506/3630/20 5362/3627/20
f 5362/3627/38 5506/3630/38 5501/3628/38
f 5362/997/26 5501/998/26 5361/993/26
f 5361/993/26 5501/998/26 5502/994/26
f 5621/3881/446 5622/3882/446 5623/3879/446
f 5623/3879/446 5622/3882/446 5624/3880/446
f 5621/3881/444 5623/3879/444 5625/3884/444
f 5621/3881/444 5625/3884/444 5626/3883/444
f 5626/3883/443 5625/3884/443 5627/3886/443
f 5626/3883/443 5627/3886/443 5628/3885/443
f 5628/3885/442 5627/3886/442 5629/3888/442
f 5628/3885/442 5629/3888/442 5630/3887/442
f 5630/3887/441 5629/3888/441 5631/3890/441
f 5630/3887/441 5631/3890/441 5632/3889/441
f 5632/4844/440 5631/4845/440 5633/4846/440
f 5632/4844/440 5633/4846/440 5634/4847/440
f 5634/4847/439 5633/4846/439 5635/4848/439
f 5634/4847/439 5635/4848/439 5636/4849/439
f 5636/4849/438 5635/4848/438 5637/4850/438
f 5636/4849/438 5637/4850/438 5638/4851/438
f 5638/4851/437 5637/4850/437 5639/4852/437
f 5638/4851/437 5639/4852/437 5640/4853/437
f 5640/4853/436 5639/4852/436 5641/4854/436
f 5640/4853/435 5641/4854/435 5642/4855/435
f 5642/4855/1 5641/4854/1 5643/4856/1
f 5642/4855/1 5643/4856/1 5644/4857/1
f 5644/4857/434 5643/4856/434 5645/4858/434
f 5644/4857/433 5645/4858/433 5646/4859/433
f 5646/4859/432 5645/4858/432 5647/4860/432
f 5646/4859/432 5647/4860/432 5648/4861/432
f 5648/4861/431 5647/4860/431 5649/4862/431
f 5648/4861/431 5649/4862/431 5650/4863/431
f 5650/4863/430 5649/4862/430 5651/4864/430
f 5650/4863/430 5651/4864/430 5652/4865/430
f 5652/4865/429 5651/4864/429 5653/4866/429
f 5652/4865/429 5653/4866/429 5654/4867/429
f 5654/3916/428 5653/3915/428 5655/3918/428
f 5654/3916/428 5655/3918/428 5656/3917/428
f 5656/3917/427 5655/3918/427 5657/3920/427
f 5656/3917/427 5657/3920/427 5658/3919/427
f 5658/3919/426 5657/3920/426 5659/3922/426
f 5658/3919/426 5659/3922/426 5660/3921/426
f 5660/3921/425 5659/3922/425 5661/3924/425
f 5660/3921/425 5661/3924/425 5662/3923/425
f 5663/3926/491 5662/3923/491 5664/3925/491
f 5664/3925/424 5662/3923/424 5661/3924/424
f 5622/4868/6 5663/4869/6 5624/4870/6
f 5624/4870/6 5663/4869/6 5664/4871/6
f 5662/4585/51 5663/4583/51 5622/4582/51
f 5622/4582/423 5621/4584/423 5662/4585/423
f 5662/4585/51 5621/4584/51 5626/4589/51
f 5662/4585/51 5626/4589/51 5628/4588/51
f 5628/4588/423 5630/4586/423 5662/4585/423
f 5662/4585/423 5630/4586/423 5632/4601/423
f 5662/4585/51 5632/4601/51 5634/4600/51
f 5634/4600/423 5636/4599/423 5662/4585/423
f 5662/4585/423 5636/4599/423 5638/4598/423
f 5662/4585/51 5638/4598/51 5640/4597/51
f 5640/4597/423 5642/4596/423 5662/4585/423
f 5662/4585/51 5642/4596/51 5644/4603/51
f 5662/4585/51 5644/4603/51 5660/4587/51
f 5652/4593/423 5654/4592/423 5644/4603/423
f 5652/4593/51 5644/4603/51 5650/4594/51
f 5650/4594/423 5644/4603/423 5646/4602/423
f 5650/4594/51 5646/4602/51 5648/4595/51
f 5654/4592/51 5656/4591/51 5644/4603/51
f 5644/4603/423 5656/4591/423 5658/4590/423
f 5644/4603/423 5658/4590/423 5660/4587/423
f 5624/4562/52 5664/4561/52 5623/4563/52
f 5623/4563/52 5664/4561/52 5661/4560/52
f 5629/4566/422 5661/4560/422 5659/4574/422
f 5629/4566/52 5627/4565/52 5661/4560/52
f 5661/4560/52 5627/4565/52 5625/4564/52
f 5661/4560/52 5625/4564/52 5623/4563/52
f 5659/4574/52 5657/4581/52 5629/4566/52
f 5629/4566/52 5657/4581/52 5655/4580/52
f 5629/4566/52 5655/4580/52 5653/4576/52
f 5653/4576/52 5651/4575/52 5629/4566/52
f 5629/4566/422 5651/4575/422 5649/4577/422
f 5629/4566/52 5649/4577/52 5647/4579/52
f 5641/4572/422 5639/4571/422 5629/4566/422
f 5629/4566/52 5639/4571/52 5637/4570/52
f 5637/4570/52 5635/4569/52 5629/4566/52
f 5629/4566/492 5635/4569/492 5633/4568/492
f 5629/4566/52 5633/4568/52 5631/4567/52
f 5647/4579/52 5645/4578/52 5629/4566/52
f 5629/4566/422 5645/4578/422 5643/4573/422
f 5629/4566/52 5643/4573/52 5641/4572/52
f 5665/4872/493 5666/4873/493 5667/4874/493
f 5667/4874/494 5666/4873/494 5668/4875/494
f 5667/4874/494 5668/4875/494 5669/4876/494
f 5669/4876/495 5668/4875/495 5670/4877/495
f 5669/4876/495 5670/4877/495 5671/4878/495
f 5671/4878/496 5670/4877/496 5672/4879/496
f 5671/4878/496 5672/4879/496 5673/4880/496
f 5673/4880/497 5672/4879/497 5674/4881/497
f 5673/4880/497 5674/4881/497 5675/4882/497
f 5675/4882/498 5674/4881/498 5676/4883/498
f 5675/4882/498 5676/4883/498 5677/4884/498
f 5677/4884/499 5676/4883/499 5678/4885/499
f 5677/4884/499 5678/4885/499 5679/4886/499
f 5679/3653/500 5678/3652/500 5680/3655/500
f 5679/3653/500 5680/3655/500 5681/3654/500
f 5681/3654/501 5680/3655/501 5682/3657/501
f 5681/3654/502 5682/3657/502 5683/4887/502
f 5683/4887/503 5682/3657/503 5684/3659/503
f 5683/4887/504 5684/3659/504 5685/3658/504
f 5685/3658/505 5684/3659/505 5686/3661/505
f 5685/3658/505 5686/3661/505 5687/3660/505
f 5687/3660/506 5686/3661/506 5688/3663/506
f 5687/3660/506 5688/3663/506 5689/3662/506
f 5689/3662/507 5688/3663/507 5690/3665/507
f 5689/3662/507 5690/3665/507 5691/3664/507
f 5691/3664/508 5690/3665/508 5692/3667/508
f 5691/3664/508 5692/3667/508 5693/3666/508
f 5693/4888/509 5692/4889/509 5694/4890/509
f 5693/4888/509 5694/4890/509 5695/4891/509
f 5695/4891/510 5694/4890/510 5696/4892/510
f 5695/4891/510 5696/4892/510 5697/4893/510
f 5697/4893/511 5696/4892/511 5698/4894/511
f 5697/4893/511 5698/4894/511 5699/4895/511
f 5699/4895/512 5698/4894/512 5700/4896/512
f 5699/4895/512 5700/4896/512 5701/4897/512
f 5701/4897/513 5700/4896/513 5702/4898/513
f 5701/4897/513 5702/4898/513 5703/4899/513
f 5703/4899/514 5702/4898/514 5704/4900/514
f 5703/4899/515 5704/4900/515 5705/4901/515
f 5705/4901/516 5704/4900/516 5706/4902/516
f 5705/4901/516 5706/4902/516 5707/4903/516
f 5707/4903/517 5706/4902/517 5708/4904/517
f 5707/4903/517 5708/4904/517 5709/4905/517
f 5709/4905/518 5708/4904/518 5710/4906/518
f 5709/4905/518 5710/4906/518 5711/4907/518
f 5711/4907/519 5710/4906/519 5712/4908/519
f 5711/4907/519 5712/4908/519 5713/4909/519
f 5713/3691/520 5712/3690/520 5714/3693/520
f 5713/3691/520 5714/3693/520 5715/3692/520
f 5715/3692/521 5714/3693/521 5716/3695/521
f 5715/3692/521 5716/3695/521 5717/3694/521
f 5717/3694/522 5716/3695/522 5718/4910/522
f 5717/3694/523 5718/4910/523 5719/4911/523
f 5719/4911/524 5718/4910/524 5720/3699/524
f 5719/4911/524 5720/3699/524 5721/3698/524
f 5721/3698/525 5720/3699/525 5722/4912/525
f 5721/3698/525 5722/4912/525 5723/3700/525
f 5723/3700/526 5722/4912/526 5724/3703/526
f 5723/3700/526 5724/3703/526 5725/3702/526
f 5725/3702/527 5724/3703/527 5726/4913/527
f 5725/3702/527 5726/4913/527 5727/3704/527
f 5727/4914/528 5726/4915/528 5728/4916/528
f 5727/4914/528 5728/4916/528 5729/4917/528
f 5729/4917/529 5728/4916/529 5730/4918/529
f 5729/4917/529 5730/4918/529 5731/4919/529
f 5731/4919/530 5730/4918/530 5732/4920/530
f 5731/4919/530 5732/4920/530 5665/4872/530
f 5665/4872/493 5732/4920/493 5666/4873/493
f 5698/4497/423 5696/4502/423 5733/4499/423
f 5704/4531/51 5702/4530/51 5733/4499/51
f 5733/4499/423 5702/4530/423 5700/4498/423
f 5733/4499/51 5700/4498/51 5698/4497/51
f 5710/4529/423 5708/4528/423 5733/4499/423
f 5733/4499/423 5708/4528/423 5706/4527/423
f 5733/4499/51 5706/4527/51 5704/4531/51
f 5716/4526/51 5714/4525/51 5733/4499/51
f 5733/4499/51 5714/4525/51 5712/4524/51
f 5733/4499/51 5712/4524/51 5710/4529/51
f 5722/4523/423 5720/4522/423 5733/4499/423
f 5733/4499/423 5720/4522/423 5718/4521/423
f 5733/4499/423 5718/4521/423 5716/4526/423
f 5728/4520/423 5726/4519/423 5733/4499/423
f 5733/4499/423 5726/4519/423 5724/4518/423
f 5733/4499/51 5724/4518/51 5722/4523/51
f 5666/4517/423 5732/4516/423 5733/4499/423
f 5733/4499/423 5732/4516/423 5730/4515/423
f 5733/4499/51 5730/4515/51 5728/4520/51
f 5672/4514/51 5670/4513/51 5733/4499/51
f 5733/4499/51 5670/4513/51 5668/4512/51
f 5733/4499/423 5668/4512/423 5666/4517/423
f 5678/4511/51 5676/4510/51 5733/4499/51
f 5733/4499/51 5676/4510/51 5674/4509/51
f 5733/4499/423 5674/4509/423 5672/4514/423
f 5684/4508/51 5682/4507/51 5733/4499/51
f 5733/4499/423 5682/4507/423 5680/4506/423
f 5733/4499/51 5680/4506/51 5678/4511/51
f 5690/4505/51 5688/4504/51 5733/4499/51
f 5733/4499/51 5688/4504/51 5686/4503/51
f 5733/4499/423 5686/4503/423 5684/4508/423
f 5696/4502/51 5694/4501/51 5733/4499/51
f 5733/4499/51 5694/4501/51 5692/4500/51
f 5733/4499/423 5692/4500/423 5690/4505/423
f 5699/4462/52 5701/4467/52 5734/4464/52
f 5693/4496/52 5695/4495/52 5734/4464/52
f 5734/4464/52 5695/4495/52 5697/4463/52
f 5734/4464/422 5697/4463/422 5699/4462/422
f 5687/4494/52 5689/4493/52 5734/4464/52
f 5734/4464/52 5689/4493/52 5691/4492/52
f 5734/4464/422 5691/4492/422 5693/4496/422
f 5681/4491/52 5683/4490/52 5734/4464/52
f 5734/4464/52 5683/4490/52 5685/4489/52
f 5734/4464/52 5685/4489/52 5687/4494/52
f 5675/4488/52 5677/4487/52 5734/4464/52
f 5734/4464/52 5677/4487/52 5679/4486/52
f 5734/4464/422 5679/4486/422 5681/4491/422
f 5669/4485/52 5671/4484/52 5734/4464/52
f 5734/4464/422 5671/4484/422 5673/4483/422
f 5734/4464/422 5673/4483/422 5675/4488/422
f 5731/4482/52 5665/4481/52 5734/4464/52
f 5734/4464/422 5665/4481/422 5667/4480/422
f 5734/4464/422 5667/4480/422 5669/4485/422
f 5725/4479/52 5727/4478/52 5734/4464/52
f 5734/4464/422 5727/4478/422 5729/4477/422
f 5734/4464/52 5729/4477/52 5731/4482/52
f 5719/4476/422 5721/4475/422 5734/4464/422
f 5734/4464/52 5721/4475/52 5723/4474/52
f 5734/4464/422 5723/4474/422 5725/4479/422
f 5713/4473/52 5715/4472/52 5734/4464/52
f 5734/4464/422 5715/4472/422 5717/4471/422
f 5734/4464/422 5717/4471/422 5719/4476/422
f 5707/4470/422 5709/4921/422 5734/4464/422
f 5734/4464/52 5709/4921/52 5711/4468/52
f 5734/4464/422 5711/4468/422 5713/4473/422
f 5701/4467/52 5703/4466/52 5734/4464/52
f 5734/4464/422 5703/4466/422 5705/4465/422
f 5734/4464/422 5705/4465/422 5707/4470/422
f 5735/3785/446 5736/3786/446 5737/3783/446
f 5737/3783/446 5736/3786/446 5738/3784/446
f 5735/3785/444 5737/3783/444 5739/3788/444
f 5735/3785/444 5739/3788/444 5740/3787/444
f 5740/3787/443 5739/3788/443 5741/3790/443
f 5740/3787/443 5741/3790/443 5742/3789/443
f 5742/3789/442 5741/3790/442 5743/3792/442
f 5742/3789/442 5743/3792/442 5744/3791/442
f 5744/3791/531 5743/3792/531 5745/3794/531
f 5744/3791/531 5745/3794/531 5746/3793/531
f 5746/4922/440 5745/4923/440 5747/4924/440
f 5746/4922/440 5747/4924/440 5748/4925/440
f 5748/4925/439 5747/4924/439 5749/4926/439
f 5748/4925/439 5749/4926/439 5750/4927/439
f 5750/4927/438 5749/4926/438 5751/4928/438
f 5750/4927/438 5751/4928/438 5752/4929/438
f 5752/4929/437 5751/4928/437 5753/4930/437
f 5752/4929/437 5753/4930/437 5754/4931/437
f 5754/4931/436 5753/4930/436 5755/4932/436
f 5754/4931/435 5755/4932/435 5756/4933/435
f 5756/4933/1 5755/4932/1 5757/4934/1
f 5756/4933/1 5757/4934/1 5758/4935/1
f 5758/4935/434 5757/4934/434 5759/4936/434
f 5758/4935/433 5759/4936/433 5760/4937/433
f 5760/4937/432 5759/4936/432 5761/4938/432
f 5760/4937/432 5761/4938/432 5762/4939/432
f 5762/4939/431 5761/4938/431 5763/4940/431
f 5762/4939/431 5763/4940/431 5764/4941/431
f 5764/4941/430 5763/4940/430 5765/4942/430
f 5764/4941/430 5765/4942/430 5766/4943/430
f 5766/4943/429 5765/4942/429 5767/4944/429
f 5766/4943/429 5767/4944/429 5768/4945/429
f 5768/3820/428 5767/3819/428 5769/3822/428
f 5768/3820/428 5769/3822/428 5770/3821/428
f 5770/3821/427 5769/3822/427 5771/3824/427
f 5770/3821/427 5771/3824/427 5772/3823/427
f 5772/3823/426 5771/3824/426 5773/3826/426
f 5772/3823/426 5773/3826/426 5774/3825/426
f 5774/3825/425 5773/3826/425 5775/3828/425
f 5774/3825/425 5775/3828/425 5776/3827/425
f 5777/3830/491 5776/3827/491 5778/3829/491
f 5778/3829/424 5776/3827/424 5775/3828/424
f 5736/4946/6 5777/4947/6 5738/4948/6
f 5738/4948/6 5777/4947/6 5778/4949/6
f 5776/4393/51 5777/4391/51 5736/4390/51
f 5736/4390/423 5735/4392/423 5776/4393/423
f 5776/4393/423 5735/4392/423 5740/4397/423
f 5776/4393/423 5740/4397/423 5742/4396/423
f 5742/4396/51 5744/4394/51 5776/4393/51
f 5776/4393/423 5744/4394/423 5746/4409/423
f 5776/4393/423 5746/4409/423 5748/4408/423
f 5748/4408/51 5750/4407/51 5776/4393/51
f 5776/4393/51 5750/4407/51 5752/4406/51
f 5776/4393/51 5752/4406/51 5754/4405/51
f 5754/4405/423 5756/4404/423 5776/4393/423
f 5776/4393/423 5756/4404/423 5758/4411/423
f 5776/4393/51 5758/4411/51 5774/4395/51
f 5766/4401/51 5768/4400/51 5758/4411/51
f 5766/4401/51 5758/4411/51 5764/4402/51
f 5764/4402/423 5758/4411/423 5760/4410/423
f 5764/4402/532 5760/4410/532 5762/4403/532
f 5768/4400/51 5770/4399/51 5758/4411/51
f 5758/4411/423 5770/4399/423 5772/4398/423
f 5758/4411/51 5772/4398/51 5774/4395/51
f 5738/4370/52 5778/4369/52 5737/4371/52
f 5737/4371/52 5778/4369/52 5775/4368/52
f 5743/4374/422 5775/4368/422 5773/4382/422
f 5743/4374/422 5741/4373/422 5775/4368/422
f 5775/4368/52 5741/4373/52 5739/4372/52
f 5775/4368/52 5739/4372/52 5737/4371/52
f 5773/4382/52 5771/4389/52 5743/4374/52
f 5743/4374/52 5771/4389/52 5769/4388/52
f 5743/4374/52 5769/4388/52 5767/4384/52
f 5767/4384/52 5765/4383/52 5743/4374/52
f 5743/4374/422 5765/4383/422 5763/4385/422
f 5743/4374/52 5763/4385/52 5761/4387/52
f 5755/4380/422 5753/4379/422 5743/4374/422
f 5743/4374/52 5753/4379/52 5751/4378/52
f 5751/4378/52 5749/4377/52 5743/4374/52
f 5743/4374/422 5749/4377/422 5747/4376/422
f 5743/4374/422 5747/4376/422 5745/4375/422
f 5761/4387/52 5759/4386/52 5743/4374/52
f 5743/4374/422 5759/4386/422 5757/4381/422
f 5743/4374/52 5757/4381/52 5755/4380/52
